Sequence,PageUrn,RV,Label
1,urn:cite:hmt:e4.1r.v1,recto,"Escorial Ω I.12 (513 = Allen E4), folio 1, recto"
2,urn:cite:hmt:e4.1v.v1,verso,"Escorial Ω I.12 (513 = Allen E4), folio 1, verso"
3,urn:cite:hmt:e4.2r.v1,recto,"Escorial Ω I.12 (513 = Allen E4), folio 2, recto"
4,urn:cite:hmt:e4.2v.v1,verso,"Escorial Ω I.12 (513 = Allen E4), folio 2, verso"
5,urn:cite:hmt:e4.3r.v1,recto,"Escorial Ω I.12 (513 = Allen E4), folio 3, recto"
6,urn:cite:hmt:e4.3v.v1,verso,"Escorial Ω I.12 (513 = Allen E4), folio 3, verso"
7,urn:cite:hmt:e4.4r.v1,recto,"Escorial Ω I.12 (513 = Allen E4), folio 4, recto"
8,urn:cite:hmt:e4.4v.v1,verso,"Escorial Ω I.12 (513 = Allen E4), folio 4, verso"
9,urn:cite:hmt:e4.5r.v1,recto,"Escorial Ω I.12 (513 = Allen E4), folio 5, recto"
10,urn:cite:hmt:e4.5v.v1,verso,"Escorial Ω I.12 (513 = Allen E4), folio 5, verso"
11,urn:cite:hmt:e4.6r.v1,recto,"Escorial Ω I.12 (513 = Allen E4), folio 6, recto"
12,urn:cite:hmt:e4.6v.v1,verso,"Escorial Ω I.12 (513 = Allen E4), folio 6, verso"
13,urn:cite:hmt:e4.7r.v1,recto,"Escorial Ω I.12 (513 = Allen E4), folio 7, recto"
14,urn:cite:hmt:e4.7v.v1,verso,"Escorial Ω I.12 (513 = Allen E4), folio 7, verso"
15,urn:cite:hmt:e4.8r.v1,recto,"Escorial Ω I.12 (513 = Allen E4), folio 8, recto"
16,urn:cite:hmt:e4.8v.v1,verso,"Escorial Ω I.12 (513 = Allen E4), folio 8, verso"
17,urn:cite:hmt:e4.9r.v1,recto,"Escorial Ω I.12 (513 = Allen E4), folio 9, recto"
18,urn:cite:hmt:e4.9v.v1,verso,"Escorial Ω I.12 (513 = Allen E4), folio 9, verso"
19,urn:cite:hmt:e4.10r.v1,recto,"Escorial Ω I.12 (513 = Allen E4), folio 10, recto"
20,urn:cite:hmt:e4.10v.v1,verso,"Escorial Ω I.12 (513 = Allen E4), folio 10, verso"
21,urn:cite:hmt:e4.11r.v1,recto,"Escorial Ω I.12 (513 = Allen E4), folio 11, recto"
22,urn:cite:hmt:e4.11v.v1,verso,"Escorial Ω I.12 (513 = Allen E4), folio 11, verso"
23,urn:cite:hmt:e4.12r.v1,recto,"Escorial Ω I.12 (513 = Allen E4), folio 12, recto"
24,urn:cite:hmt:e4.12v.v1,verso,"Escorial Ω I.12 (513 = Allen E4), folio 12, verso"
24,urn:cite:hmt:e4.13r.v1,recto,"Escorial Ω I.12 (513 = Allen E4), folio 13, recto"
25,urn:cite:hmt:e4.13v.v1,verso,"Escorial Ω I.12 (513 = Allen E4), folio 13, verso"
26,urn:cite:hmt:e4.14r.v1,recto,"Escorial Ω I.12 (513 = Allen E4), folio 14, recto"
27,urn:cite:hmt:e4.14v.v1,verso,"Escorial Ω I.12 (513 = Allen E4), folio 14, verso"
28,urn:cite:hmt:e4.15r.v1,recto,"Escorial Ω I.12 (513 = Allen E4), folio 15, recto"
29,urn:cite:hmt:e4.15v.v1,verso,"Escorial Ω I.12 (513 = Allen E4), folio 15, verso"
30,urn:cite:hmt:e4.16r.v1,recto,"Escorial Ω I.12 (513 = Allen E4), folio 16, recto"
31,urn:cite:hmt:e4.16v.v1,verso,"Escorial Ω I.12 (513 = Allen E4), folio 16, verso"
32,urn:cite:hmt:e4.17r.v1,recto,"Escorial Ω I.12 (513 = Allen E4), folio 17, recto"
33,urn:cite:hmt:e4.17v.v1,verso,"Escorial Ω I.12 (513 = Allen E4), folio 17, verso"
34,urn:cite:hmt:e4.18r.v1,recto,"Escorial Ω I.12 (513 = Allen E4), folio 18, recto"
35,urn:cite:hmt:e4.18v.v1,verso,"Escorial Ω I.12 (513 = Allen E4), folio 18, verso"
36,urn:cite:hmt:e4.19r.v1,recto,"Escorial Ω I.12 (513 = Allen E4), folio 19, recto"
37,urn:cite:hmt:e4.19v.v1,verso,"Escorial Ω I.12 (513 = Allen E4), folio 19, verso"
38,urn:cite:hmt:e4.20r.v1,recto,"Escorial Ω I.12 (513 = Allen E4), folio 20, recto"
39,urn:cite:hmt:e4.20v.v1,verso,"Escorial Ω I.12 (513 = Allen E4), folio 20, verso"
40,urn:cite:hmt:e4.21r.v1,recto,"Escorial Ω I.12 (513 = Allen E4), folio 21, recto"
41,urn:cite:hmt:e4.21v.v1,verso,"Escorial Ω I.12 (513 = Allen E4), folio 21, verso"
42,urn:cite:hmt:e4.22r.v1,recto,"Escorial Ω I.12 (513 = Allen E4), folio 22, recto"
43,urn:cite:hmt:e4.22v.v1,verso,"Escorial Ω I.12 (513 = Allen E4), folio 22, verso"
44,urn:cite:hmt:e4.23r.v1,recto,"Escorial Ω I.12 (513 = Allen E4), folio 23, recto"
45,urn:cite:hmt:e4.23v.v1,verso,"Escorial Ω I.12 (513 = Allen E4), folio 23, verso"
46,urn:cite:hmt:e4.24r.v1,recto,"Escorial Ω I.12 (513 = Allen E4), folio 24, recto"
47,urn:cite:hmt:e4.24v.v1,verso,"Escorial Ω I.12 (513 = Allen E4), folio 24, verso"
48,urn:cite:hmt:e4.25r.v1,recto,"Escorial Ω I.12 (513 = Allen E4), folio 25, recto"
49,urn:cite:hmt:e4.25v.v1,verso,"Escorial Ω I.12 (513 = Allen E4), folio 25, verso"
50,urn:cite:hmt:e4.26r.v1,recto,"Escorial Ω I.12 (513 = Allen E4), folio 26, recto"
51,urn:cite:hmt:e4.26v.v1,verso,"Escorial Ω I.12 (513 = Allen E4), folio 26, verso"
52,urn:cite:hmt:e4.27r.v1,recto,"Escorial Ω I.12 (513 = Allen E4), folio 27, recto"
53,urn:cite:hmt:e4.27v.v1,verso,"Escorial Ω I.12 (513 = Allen E4), folio 27, verso"
54,urn:cite:hmt:e4.28r.v1,recto,"Escorial Ω I.12 (513 = Allen E4), folio 28, recto"
55,urn:cite:hmt:e4.28v.v1,verso,"Escorial Ω I.12 (513 = Allen E4), folio 28, verso"
56,urn:cite:hmt:e4.29r.v1,recto,"Escorial Ω I.12 (513 = Allen E4), folio 29, recto"
57,urn:cite:hmt:e4.29v.v1,verso,"Escorial Ω I.12 (513 = Allen E4), folio 29, verso"
58,urn:cite:hmt:e4.30r.v1,recto,"Escorial Ω I.12 (513 = Allen E4), folio 30, recto"
59,urn:cite:hmt:e4.30v.v1,verso,"Escorial Ω I.12 (513 = Allen E4), folio 30, verso"
60,urn:cite:hmt:e4.31r.v1,recto,"Escorial Ω I.12 (513 = Allen E4), folio 31, recto"
61,urn:cite:hmt:e4.31v.v1,verso,"Escorial Ω I.12 (513 = Allen E4), folio 31, verso"
62,urn:cite:hmt:e4.32r.v1,recto,"Escorial Ω I.12 (513 = Allen E4), folio 32, recto"
63,urn:cite:hmt:e4.32v.v1,verso,"Escorial Ω I.12 (513 = Allen E4), folio 32, verso"
64,urn:cite:hmt:e4.33r.v1,recto,"Escorial Ω I.12 (513 = Allen E4), folio 33, recto"
65,urn:cite:hmt:e4.33v.v1,verso,"Escorial Ω I.12 (513 = Allen E4), folio 33, verso"
66,urn:cite:hmt:e4.34r.v1,recto,"Escorial Ω I.12 (513 = Allen E4), folio 34, recto"
67,urn:cite:hmt:e4.34v.v1,verso,"Escorial Ω I.12 (513 = Allen E4), folio 34, verso"
68,urn:cite:hmt:e4.35r.v1,recto,"Escorial Ω I.12 (513 = Allen E4), folio 35, recto"
69,urn:cite:hmt:e4.35v.v1,verso,"Escorial Ω I.12 (513 = Allen E4), folio 35, verso"
70,urn:cite:hmt:e4.36r.v1,recto,"Escorial Ω I.12 (513 = Allen E4), folio 36, recto"
71,urn:cite:hmt:e4.36v.v1,verso,"Escorial Ω I.12 (513 = Allen E4), folio 36, verso"
72,urn:cite:hmt:e4.37r.v1,recto,"Escorial Ω I.12 (513 = Allen E4), folio 37, recto"
73,urn:cite:hmt:e4.37v.v1,verso,"Escorial Ω I.12 (513 = Allen E4), folio 37, verso"
74,urn:cite:hmt:e4.38r.v1,recto,"Escorial Ω I.12 (513 = Allen E4), folio 38, recto"
75,urn:cite:hmt:e4.38v.v1,verso,"Escorial Ω I.12 (513 = Allen E4), folio 38, verso"
76,urn:cite:hmt:e4.39r.v1,recto,"Escorial Ω I.12 (513 = Allen E4), folio 39, recto"
77,urn:cite:hmt:e4.39v.v1,verso,"Escorial Ω I.12 (513 = Allen E4), folio 39, verso"
78,urn:cite:hmt:e4.40r.v1,recto,"Escorial Ω I.12 (513 = Allen E4), folio 40, recto"
79,urn:cite:hmt:e4.40v.v1,verso,"Escorial Ω I.12 (513 = Allen E4), folio 40, verso"
80,urn:cite:hmt:e4.41r.v1,recto,"Escorial Ω I.12 (513 = Allen E4), folio 41, recto"
81,urn:cite:hmt:e4.41v.v1,verso,"Escorial Ω I.12 (513 = Allen E4), folio 41, verso"
82,urn:cite:hmt:e4.42r.v1,recto,"Escorial Ω I.12 (513 = Allen E4), folio 42, recto"
83,urn:cite:hmt:e4.42v.v1,verso,"Escorial Ω I.12 (513 = Allen E4), folio 42, verso"
84,urn:cite:hmt:e4.43r.v1,recto,"Escorial Ω I.12 (513 = Allen E4), folio 43, recto"
85,urn:cite:hmt:e4.43v.v1,verso,"Escorial Ω I.12 (513 = Allen E4), folio 43, verso"
86,urn:cite:hmt:e4.44r.v1,recto,"Escorial Ω I.12 (513 = Allen E4), folio 44, recto"
87,urn:cite:hmt:e4.44v.v1,verso,"Escorial Ω I.12 (513 = Allen E4), folio 44, verso"
88,urn:cite:hmt:e4.45r.v1,recto,"Escorial Ω I.12 (513 = Allen E4), folio 45, recto"
89,urn:cite:hmt:e4.45v.v1,verso,"Escorial Ω I.12 (513 = Allen E4), folio 45, verso"
90,urn:cite:hmt:e4.46r.v1,recto,"Escorial Ω I.12 (513 = Allen E4), folio 46, recto"
91,urn:cite:hmt:e4.46v.v1,verso,"Escorial Ω I.12 (513 = Allen E4), folio 46, verso"
92,urn:cite:hmt:e4.47r.v1,recto,"Escorial Ω I.12 (513 = Allen E4), folio 47, recto"
93,urn:cite:hmt:e4.47v.v1,verso,"Escorial Ω I.12 (513 = Allen E4), folio 47, verso"
94,urn:cite:hmt:e4.48r.v1,recto,"Escorial Ω I.12 (513 = Allen E4), folio 48, recto"
95,urn:cite:hmt:e4.48v.v1,verso,"Escorial Ω I.12 (513 = Allen E4), folio 48, verso"
96,urn:cite:hmt:e4.49r.v1,recto,"Escorial Ω I.12 (513 = Allen E4), folio 49, recto"
97,urn:cite:hmt:e4.49v.v1,verso,"Escorial Ω I.12 (513 = Allen E4), folio 49, verso"
98,urn:cite:hmt:e4.50r.v1,recto,"Escorial Ω I.12 (513 = Allen E4), folio 50, recto"
99,urn:cite:hmt:e4.50v.v1,verso,"Escorial Ω I.12 (513 = Allen E4), folio 50, verso"
100,urn:cite:hmt:e4.51r.v1,recto,"Escorial Ω I.12 (513 = Allen E4), folio 51, recto"
101,urn:cite:hmt:e4.51v.v1,verso,"Escorial Ω I.12 (513 = Allen E4), folio 51, verso"
102,urn:cite:hmt:e4.52r.v1,recto,"Escorial Ω I.12 (513 = Allen E4), folio 52, recto"
103,urn:cite:hmt:e4.52v.v1,verso,"Escorial Ω I.12 (513 = Allen E4), folio 52, verso"
104,urn:cite:hmt:e4.53r.v1,recto,"Escorial Ω I.12 (513 = Allen E4), folio 53, recto"
105,urn:cite:hmt:e4.53v.v1,verso,"Escorial Ω I.12 (513 = Allen E4), folio 53, verso"
106,urn:cite:hmt:e4.54r.v1,recto,"Escorial Ω I.12 (513 = Allen E4), folio 54, recto"
107,urn:cite:hmt:e4.54v.v1,verso,"Escorial Ω I.12 (513 = Allen E4), folio 54, verso"
108,urn:cite:hmt:e4.55r.v1,recto,"Escorial Ω I.12 (513 = Allen E4), folio 55, recto"
109,urn:cite:hmt:e4.55v.v1,verso,"Escorial Ω I.12 (513 = Allen E4), folio 55, verso"
110,urn:cite:hmt:e4.56r.v1,recto,"Escorial Ω I.12 (513 = Allen E4), folio 56, recto"
111,urn:cite:hmt:e4.56v.v1,verso,"Escorial Ω I.12 (513 = Allen E4), folio 56, verso"
112,urn:cite:hmt:e4.57r.v1,recto,"Escorial Ω I.12 (513 = Allen E4), folio 57, recto"
113,urn:cite:hmt:e4.57v.v1,verso,"Escorial Ω I.12 (513 = Allen E4), folio 57, verso"
114,urn:cite:hmt:e4.58r.v1,recto,"Escorial Ω I.12 (513 = Allen E4), folio 58, recto"
115,urn:cite:hmt:e4.58v.v1,verso,"Escorial Ω I.12 (513 = Allen E4), folio 58, verso"
116,urn:cite:hmt:e4.59r.v1,recto,"Escorial Ω I.12 (513 = Allen E4), folio 59, recto"
117,urn:cite:hmt:e4.59v.v1,verso,"Escorial Ω I.12 (513 = Allen E4), folio 59, verso"
118,urn:cite:hmt:e4.60r.v1,recto,"Escorial Ω I.12 (513 = Allen E4), folio 60, recto"
119,urn:cite:hmt:e4.60v.v1,verso,"Escorial Ω I.12 (513 = Allen E4), folio 60, verso"
120,urn:cite:hmt:e4.61r.v1,recto,"Escorial Ω I.12 (513 = Allen E4), folio 61, recto"
121,urn:cite:hmt:e4.61v.v1,verso,"Escorial Ω I.12 (513 = Allen E4), folio 61, verso"
122,urn:cite:hmt:e4.62r.v1,recto,"Escorial Ω I.12 (513 = Allen E4), folio 62, recto"
123,urn:cite:hmt:e4.62v.v1,verso,"Escorial Ω I.12 (513 = Allen E4), folio 62, verso"
124,urn:cite:hmt:e4.63r.v1,recto,"Escorial Ω I.12 (513 = Allen E4), folio 63, recto"
125,urn:cite:hmt:e4.63v.v1,verso,"Escorial Ω I.12 (513 = Allen E4), folio 63, verso"
126,urn:cite:hmt:e4.64r.v1,recto,"Escorial Ω I.12 (513 = Allen E4), folio 64, recto"
127,urn:cite:hmt:e4.64v.v1,verso,"Escorial Ω I.12 (513 = Allen E4), folio 64, verso"
128,urn:cite:hmt:e4.65r.v1,recto,"Escorial Ω I.12 (513 = Allen E4), folio 65, recto"
129,urn:cite:hmt:e4.65v.v1,verso,"Escorial Ω I.12 (513 = Allen E4), folio 65, verso"
130,urn:cite:hmt:e4.67r.v1,recto,"Escorial Ω I.12 (513 = Allen E4), folio 67, recto"
131,urn:cite:hmt:e4.67v.v1,verso,"Escorial Ω I.12 (513 = Allen E4), folio 67, verso"
132,urn:cite:hmt:e4.68r.v1,recto,"Escorial Ω I.12 (513 = Allen E4), folio 68, recto"
133,urn:cite:hmt:e4.68v.v1,verso,"Escorial Ω I.12 (513 = Allen E4), folio 68, verso"
134,urn:cite:hmt:e4.69r.v1,recto,"Escorial Ω I.12 (513 = Allen E4), folio 69, recto"
135,urn:cite:hmt:e4.69v.v1,verso,"Escorial Ω I.12 (513 = Allen E4), folio 69, verso"
136,urn:cite:hmt:e4.70r.v1,recto,"Escorial Ω I.12 (513 = Allen E4), folio 70, recto"
137,urn:cite:hmt:e4.70v.v1,verso,"Escorial Ω I.12 (513 = Allen E4), folio 70, verso"
138,urn:cite:hmt:e4.71r.v1,recto,"Escorial Ω I.12 (513 = Allen E4), folio 71, recto"
139,urn:cite:hmt:e4.71v.v1,verso,"Escorial Ω I.12 (513 = Allen E4), folio 71, verso"
140,urn:cite:hmt:e4.72r.v1,recto,"Escorial Ω I.12 (513 = Allen E4), folio 72, recto"
141,urn:cite:hmt:e4.72v.v1,verso,"Escorial Ω I.12 (513 = Allen E4), folio 72, verso"
142,urn:cite:hmt:e4.73r.v1,recto,"Escorial Ω I.12 (513 = Allen E4), folio 73, recto"
143,urn:cite:hmt:e4.73v.v1,verso,"Escorial Ω I.12 (513 = Allen E4), folio 73, verso"
144,urn:cite:hmt:e4.74r.v1,recto,"Escorial Ω I.12 (513 = Allen E4), folio 74, recto"
145,urn:cite:hmt:e4.74v.v1,verso,"Escorial Ω I.12 (513 = Allen E4), folio 74, verso"
146,urn:cite:hmt:e4.75r.v1,recto,"Escorial Ω I.12 (513 = Allen E4), folio 75, recto"
147,urn:cite:hmt:e4.75v.v1,verso,"Escorial Ω I.12 (513 = Allen E4), folio 75, verso"
148,urn:cite:hmt:e4.76r.v1,recto,"Escorial Ω I.12 (513 = Allen E4), folio 76, recto"
149,urn:cite:hmt:e4.76v.v1,verso,"Escorial Ω I.12 (513 = Allen E4), folio 76, verso"
150,urn:cite:hmt:e4.77r.v1,recto,"Escorial Ω I.12 (513 = Allen E4), folio 77, recto"
151,urn:cite:hmt:e4.77v.v1,verso,"Escorial Ω I.12 (513 = Allen E4), folio 77, verso"
152,urn:cite:hmt:e4.78r.v1,recto,"Escorial Ω I.12 (513 = Allen E4), folio 78, recto"
153,urn:cite:hmt:e4.78v.v1,verso,"Escorial Ω I.12 (513 = Allen E4), folio 78, verso"
154,urn:cite:hmt:e4.79r.v1,recto,"Escorial Ω I.12 (513 = Allen E4), folio 79, recto"
155,urn:cite:hmt:e4.79v.v1,verso,"Escorial Ω I.12 (513 = Allen E4), folio 79, verso"
156,urn:cite:hmt:e4.80r.v1,recto,"Escorial Ω I.12 (513 = Allen E4), folio 80, recto"
157,urn:cite:hmt:e4.80v.v1,verso,"Escorial Ω I.12 (513 = Allen E4), folio 80, verso"
158,urn:cite:hmt:e4.81r.v1,recto,"Escorial Ω I.12 (513 = Allen E4), folio 81, recto"
159,urn:cite:hmt:e4.81v.v1,verso,"Escorial Ω I.12 (513 = Allen E4), folio 81, verso"
160,urn:cite:hmt:e4.82r.v1,recto,"Escorial Ω I.12 (513 = Allen E4), folio 82, recto"
161,urn:cite:hmt:e4.82v.v1,verso,"Escorial Ω I.12 (513 = Allen E4), folio 82, verso"
162,urn:cite:hmt:e4.83r.v1,recto,"Escorial Ω I.12 (513 = Allen E4), folio 83, recto"
163,urn:cite:hmt:e4.83v.v1,verso,"Escorial Ω I.12 (513 = Allen E4), folio 83, verso"
164,urn:cite:hmt:e4.84r.v1,recto,"Escorial Ω I.12 (513 = Allen E4), folio 84, recto"
165,urn:cite:hmt:e4.84v.v1,verso,"Escorial Ω I.12 (513 = Allen E4), folio 84, verso"
166,urn:cite:hmt:e4.85r.v1,recto,"Escorial Ω I.12 (513 = Allen E4), folio 85, recto"
167,urn:cite:hmt:e4.85v.v1,verso,"Escorial Ω I.12 (513 = Allen E4), folio 85, verso"
168,urn:cite:hmt:e4.86r.v1,recto,"Escorial Ω I.12 (513 = Allen E4), folio 86, recto"
169,urn:cite:hmt:e4.86v.v1,verso,"Escorial Ω I.12 (513 = Allen E4), folio 86, verso"
170,urn:cite:hmt:e4.87r.v1,recto,"Escorial Ω I.12 (513 = Allen E4), folio 87, recto"
171,urn:cite:hmt:e4.87v.v1,verso,"Escorial Ω I.12 (513 = Allen E4), folio 87, verso"
172,urn:cite:hmt:e4.88r.v1,recto,"Escorial Ω I.12 (513 = Allen E4), folio 88, recto"
173,urn:cite:hmt:e4.88v.v1,verso,"Escorial Ω I.12 (513 = Allen E4), folio 88, verso"
174,urn:cite:hmt:e4.89r.v1,recto,"Escorial Ω I.12 (513 = Allen E4), folio 89, recto"
175,urn:cite:hmt:e4.89v.v1,verso,"Escorial Ω I.12 (513 = Allen E4), folio 89, verso"
176,urn:cite:hmt:e4.90r.v1,recto,"Escorial Ω I.12 (513 = Allen E4), folio 90, recto"
177,urn:cite:hmt:e4.90v.v1,verso,"Escorial Ω I.12 (513 = Allen E4), folio 90, verso"
178,urn:cite:hmt:e4.91r.v1,recto,"Escorial Ω I.12 (513 = Allen E4), folio 91, recto"
179,urn:cite:hmt:e4.91v.v1,verso,"Escorial Ω I.12 (513 = Allen E4), folio 91, verso"
180,urn:cite:hmt:e4.92r.v1,recto,"Escorial Ω I.12 (513 = Allen E4), folio 92, recto"
181,urn:cite:hmt:e4.92v.v1,verso,"Escorial Ω I.12 (513 = Allen E4), folio 92, verso"
182,urn:cite:hmt:e4.93r.v1,recto,"Escorial Ω I.12 (513 = Allen E4), folio 93, recto"
183,urn:cite:hmt:e4.93v.v1,verso,"Escorial Ω I.12 (513 = Allen E4), folio 93, verso"
184,urn:cite:hmt:e4.94r.v1,recto,"Escorial Ω I.12 (513 = Allen E4), folio 94, recto"
185,urn:cite:hmt:e4.94v.v1,verso,"Escorial Ω I.12 (513 = Allen E4), folio 94, verso"
186,urn:cite:hmt:e4.95r.v1,recto,"Escorial Ω I.12 (513 = Allen E4), folio 95, recto"
187,urn:cite:hmt:e4.95v.v1,verso,"Escorial Ω I.12 (513 = Allen E4), folio 95, verso"
188,urn:cite:hmt:e4.96r.v1,recto,"Escorial Ω I.12 (513 = Allen E4), folio 96, recto"
189,urn:cite:hmt:e4.96v.v1,verso,"Escorial Ω I.12 (513 = Allen E4), folio 96, verso"
190,urn:cite:hmt:e4.97r.v1,recto,"Escorial Ω I.12 (513 = Allen E4), folio 97, recto"
191,urn:cite:hmt:e4.97v.v1,verso,"Escorial Ω I.12 (513 = Allen E4), folio 97, verso"
192,urn:cite:hmt:e4.98r.v1,recto,"Escorial Ω I.12 (513 = Allen E4), folio 98, recto"
193,urn:cite:hmt:e4.98v.v1,verso,"Escorial Ω I.12 (513 = Allen E4), folio 98, verso"
194,urn:cite:hmt:e4.99r.v1,recto,"Escorial Ω I.12 (513 = Allen E4), folio 99, recto"
195,urn:cite:hmt:e4.99v.v1,verso,"Escorial Ω I.12 (513 = Allen E4), folio 99, verso"
196,urn:cite:hmt:e4.100r.v1,recto,"Escorial Ω I.12 (513 = Allen E4), folio 100, recto"
197,urn:cite:hmt:e4.100v.v1,verso,"Escorial Ω I.12 (513 = Allen E4), folio 100, verso"
198,urn:cite:hmt:e4.101r.v1,recto,"Escorial Ω I.12 (513 = Allen E4), folio 101, recto"
199,urn:cite:hmt:e4.101v.v1,verso,"Escorial Ω I.12 (513 = Allen E4), folio 101, verso"
200,urn:cite:hmt:e4.102r.v1,recto,"Escorial Ω I.12 (513 = Allen E4), folio 102, recto"
201,urn:cite:hmt:e4.102v.v1,verso,"Escorial Ω I.12 (513 = Allen E4), folio 102, verso"
202,urn:cite:hmt:e4.103r.v1,recto,"Escorial Ω I.12 (513 = Allen E4), folio 103, recto"
203,urn:cite:hmt:e4.103v.v1,verso,"Escorial Ω I.12 (513 = Allen E4), folio 103, verso"
204,urn:cite:hmt:e4.104r.v1,recto,"Escorial Ω I.12 (513 = Allen E4), folio 104, recto"
205,urn:cite:hmt:e4.104v.v1,verso,"Escorial Ω I.12 (513 = Allen E4), folio 104, verso"
206,urn:cite:hmt:e4.105r.v1,recto,"Escorial Ω I.12 (513 = Allen E4), folio 105, recto"
207,urn:cite:hmt:e4.105v.v1,verso,"Escorial Ω I.12 (513 = Allen E4), folio 105, verso"
208,urn:cite:hmt:e4.106r.v1,recto,"Escorial Ω I.12 (513 = Allen E4), folio 106, recto"
209,urn:cite:hmt:e4.106v.v1,verso,"Escorial Ω I.12 (513 = Allen E4), folio 106, verso"
210,urn:cite:hmt:e4.107r.v1,recto,"Escorial Ω I.12 (513 = Allen E4), folio 107, recto"
211,urn:cite:hmt:e4.107v.v1,verso,"Escorial Ω I.12 (513 = Allen E4), folio 107, verso"
212,urn:cite:hmt:e4.108r.v1,recto,"Escorial Ω I.12 (513 = Allen E4), folio 108, recto"
213,urn:cite:hmt:e4.108v.v1,verso,"Escorial Ω I.12 (513 = Allen E4), folio 108, verso"
214,urn:cite:hmt:e4.109r.v1,recto,"Escorial Ω I.12 (513 = Allen E4), folio 109, recto"
215,urn:cite:hmt:e4.109v.v1,verso,"Escorial Ω I.12 (513 = Allen E4), folio 109, verso"
216,urn:cite:hmt:e4.110r.v1,recto,"Escorial Ω I.12 (513 = Allen E4), folio 110, recto"
217,urn:cite:hmt:e4.110v.v1,verso,"Escorial Ω I.12 (513 = Allen E4), folio 110, verso"
218,urn:cite:hmt:e4.111r.v1,recto,"Escorial Ω I.12 (513 = Allen E4), folio 111, recto"
219,urn:cite:hmt:e4.111v.v1,verso,"Escorial Ω I.12 (513 = Allen E4), folio 111, verso"
220,urn:cite:hmt:e4.112r.v1,recto,"Escorial Ω I.12 (513 = Allen E4), folio 112, recto"
221,urn:cite:hmt:e4.112v.v1,verso,"Escorial Ω I.12 (513 = Allen E4), folio 112, verso"
222,urn:cite:hmt:e4.113r.v1,recto,"Escorial Ω I.12 (513 = Allen E4), folio 113, recto"
223,urn:cite:hmt:e4.113v.v1,verso,"Escorial Ω I.12 (513 = Allen E4), folio 113, verso"
224,urn:cite:hmt:e4.114r.v1,recto,"Escorial Ω I.12 (513 = Allen E4), folio 114, recto"
225,urn:cite:hmt:e4.114v.v1,verso,"Escorial Ω I.12 (513 = Allen E4), folio 114, verso"
226,urn:cite:hmt:e4.115r.v1,recto,"Escorial Ω I.12 (513 = Allen E4), folio 115, recto"
227,urn:cite:hmt:e4.115v.v1,verso,"Escorial Ω I.12 (513 = Allen E4), folio 115, verso"
228,urn:cite:hmt:e4.116r.v1,recto,"Escorial Ω I.12 (513 = Allen E4), folio 116, recto"
229,urn:cite:hmt:e4.116v.v1,verso,"Escorial Ω I.12 (513 = Allen E4), folio 116, verso"
230,urn:cite:hmt:e4.117r.v1,recto,"Escorial Ω I.12 (513 = Allen E4), folio 117, recto"
231,urn:cite:hmt:e4.117v.v1,verso,"Escorial Ω I.12 (513 = Allen E4), folio 117, verso"
232,urn:cite:hmt:e4.118r.v1,recto,"Escorial Ω I.12 (513 = Allen E4), folio 118, recto"
233,urn:cite:hmt:e4.118v.v1,verso,"Escorial Ω I.12 (513 = Allen E4), folio 118, verso"
234,urn:cite:hmt:e4.119r.v1,recto,"Escorial Ω I.12 (513 = Allen E4), folio 119, recto"
235,urn:cite:hmt:e4.119v.v1,verso,"Escorial Ω I.12 (513 = Allen E4), folio 119, verso"
236,urn:cite:hmt:e4.120r.v1,recto,"Escorial Ω I.12 (513 = Allen E4), folio 120, recto"
237,urn:cite:hmt:e4.120v.v1,verso,"Escorial Ω I.12 (513 = Allen E4), folio 120, verso"
238,urn:cite:hmt:e4.121r.v1,recto,"Escorial Ω I.12 (513 = Allen E4), folio 121, recto"
239,urn:cite:hmt:e4.121v.v1,verso,"Escorial Ω I.12 (513 = Allen E4), folio 121, verso"
240,urn:cite:hmt:e4.122r.v1,recto,"Escorial Ω I.12 (513 = Allen E4), folio 122, recto"
241,urn:cite:hmt:e4.122v.v1,verso,"Escorial Ω I.12 (513 = Allen E4), folio 122, verso"
242,urn:cite:hmt:e4.122bisr.v1,recto,"Escorial Ω I.12 (513 = Allen E4), folio 122bis, recto"
243,urn:cite:hmt:e4.122bisv.v1,verso,"Escorial Ω I.12 (513 = Allen E4), folio 122bis, verso"
244,urn:cite:hmt:e4.123r.v1,recto,"Escorial Ω I.12 (513 = Allen E4), folio 123, recto"
245,urn:cite:hmt:e4.123v.v1,verso,"Escorial Ω I.12 (513 = Allen E4), folio 123, verso"
246,urn:cite:hmt:e4.123bisr.v1,recto,"Escorial Ω I.12 (513 = Allen E4), folio 123bis, recto"
247,urn:cite:hmt:e4.123bisv.v1,verso,"Escorial Ω I.12 (513 = Allen E4), folio 123bis, verso"
249,urn:cite:hmt:e4.124r.v1,recto,"Escorial Ω I.12 (513 = Allen E4), folio 124, recto"
250,urn:cite:hmt:e4.124v.v1,verso,"Escorial Ω I.12 (513 = Allen E4), folio 124, verso"
251,urn:cite:hmt:e4.125r.v1,recto,"Escorial Ω I.12 (513 = Allen E4), folio 125, recto"
252,urn:cite:hmt:e4.125v.v1,verso,"Escorial Ω I.12 (513 = Allen E4), folio 125, verso"
253,urn:cite:hmt:e4.126r.v1,recto,"Escorial Ω I.12 (513 = Allen E4), folio 126, recto"
254,urn:cite:hmt:e4.126v.v1,verso,"Escorial Ω I.12 (513 = Allen E4), folio 126, verso"
255,urn:cite:hmt:e4.127r.v1,recto,"Escorial Ω I.12 (513 = Allen E4), folio 127, recto"
256,urn:cite:hmt:e4.127v.v1,verso,"Escorial Ω I.12 (513 = Allen E4), folio 127, verso"
257,urn:cite:hmt:e4.128r.v1,recto,"Escorial Ω I.12 (513 = Allen E4), folio 128, recto"
258,urn:cite:hmt:e4.128v.v1,verso,"Escorial Ω I.12 (513 = Allen E4), folio 128, verso"
259,urn:cite:hmt:e4.129r.v1,recto,"Escorial Ω I.12 (513 = Allen E4), folio 129, recto"
260,urn:cite:hmt:e4.129v.v1,verso,"Escorial Ω I.12 (513 = Allen E4), folio 129, verso"
261,urn:cite:hmt:e4.130r.v1,recto,"Escorial Ω I.12 (513 = Allen E4), folio 130, recto"
262,urn:cite:hmt:e4.130v.v1,verso,"Escorial Ω I.12 (513 = Allen E4), folio 130, verso"
263,urn:cite:hmt:e4.131r.v1,recto,"Escorial Ω I.12 (513 = Allen E4), folio 131, recto"
264,urn:cite:hmt:e4.131v.v1,verso,"Escorial Ω I.12 (513 = Allen E4), folio 131, verso"
265,urn:cite:hmt:e4.132r.v1,recto,"Escorial Ω I.12 (513 = Allen E4), folio 132, recto"
266,urn:cite:hmt:e4.132v.v1,verso,"Escorial Ω I.12 (513 = Allen E4), folio 132, verso"
267,urn:cite:hmt:e4.133r.v1,recto,"Escorial Ω I.12 (513 = Allen E4), folio 133, recto"
268,urn:cite:hmt:e4.133v.v1,verso,"Escorial Ω I.12 (513 = Allen E4), folio 133, verso"
269,urn:cite:hmt:e4.134r.v1,recto,"Escorial Ω I.12 (513 = Allen E4), folio 134, recto"
270,urn:cite:hmt:e4.134v.v1,verso,"Escorial Ω I.12 (513 = Allen E4), folio 134, verso"
271,urn:cite:hmt:e4.135r.v1,recto,"Escorial Ω I.12 (513 = Allen E4), folio 135, recto"
272,urn:cite:hmt:e4.135v.v1,verso,"Escorial Ω I.12 (513 = Allen E4), folio 135, verso"
273,urn:cite:hmt:e4.136r.v1,recto,"Escorial Ω I.12 (513 = Allen E4), folio 136, recto"
274,urn:cite:hmt:e4.136v.v1,verso,"Escorial Ω I.12 (513 = Allen E4), folio 136, verso"
275,urn:cite:hmt:e4.137r.v1,recto,"Escorial Ω I.12 (513 = Allen E4), folio 137, recto"
276,urn:cite:hmt:e4.137v.v1,verso,"Escorial Ω I.12 (513 = Allen E4), folio 137, verso"
277,urn:cite:hmt:e4.138r.v1,recto,"Escorial Ω I.12 (513 = Allen E4), folio 138, recto"
278,urn:cite:hmt:e4.138v.v1,verso,"Escorial Ω I.12 (513 = Allen E4), folio 138, verso"
279,urn:cite:hmt:e4.139r.v1,recto,"Escorial Ω I.12 (513 = Allen E4), folio 139, recto"
280,urn:cite:hmt:e4.139v.v1,verso,"Escorial Ω I.12 (513 = Allen E4), folio 139, verso"
281,urn:cite:hmt:e4.140r.v1,recto,"Escorial Ω I.12 (513 = Allen E4), folio 140, recto"
282,urn:cite:hmt:e4.140v.v1,verso,"Escorial Ω I.12 (513 = Allen E4), folio 140, verso"
283,urn:cite:hmt:e4.141r.v1,recto,"Escorial Ω I.12 (513 = Allen E4), folio 141, recto"
284,urn:cite:hmt:e4.141v.v1,verso,"Escorial Ω I.12 (513 = Allen E4), folio 141, verso"
285,urn:cite:hmt:e4.142r.v1,recto,"Escorial Ω I.12 (513 = Allen E4), folio 142, recto"
286,urn:cite:hmt:e4.142v.v1,verso,"Escorial Ω I.12 (513 = Allen E4), folio 142, verso"
287,urn:cite:hmt:e4.143r.v1,recto,"Escorial Ω I.12 (513 = Allen E4), folio 143, recto"
288,urn:cite:hmt:e4.143v.v1,verso,"Escorial Ω I.12 (513 = Allen E4), folio 143, verso"
289,urn:cite:hmt:e4.143bisr.v1,recto,"Escorial Ω I.12 (513 = Allen E4), folio 143bis, recto"
290,urn:cite:hmt:e4.143bisv.v1,verso,"Escorial Ω I.12 (513 = Allen E4), folio 143bis, verso"
291,urn:cite:hmt:e4.144r.v1,recto,"Escorial Ω I.12 (513 = Allen E4), folio 144, recto"
292,urn:cite:hmt:e4.144v.v1,verso,"Escorial Ω I.12 (513 = Allen E4), folio 144, verso"
293,urn:cite:hmt:e4.145r.v1,recto,"Escorial Ω I.12 (513 = Allen E4), folio 145, recto"
294,urn:cite:hmt:e4.145v.v1,verso,"Escorial Ω I.12 (513 = Allen E4), folio 145, verso"
295,urn:cite:hmt:e4.146r.v1,recto,"Escorial Ω I.12 (513 = Allen E4), folio 146, recto"
296,urn:cite:hmt:e4.146v.v1,verso,"Escorial Ω I.12 (513 = Allen E4), folio 146, verso"
297,urn:cite:hmt:e4.147r.v1,recto,"Escorial Ω I.12 (513 = Allen E4), folio 147, recto"
298,urn:cite:hmt:e4.147v.v1,verso,"Escorial Ω I.12 (513 = Allen E4), folio 147, verso"
299,urn:cite:hmt:e4.148r.v1,recto,"Escorial Ω I.12 (513 = Allen E4), folio 148, recto"
300,urn:cite:hmt:e4.148v.v1,verso,"Escorial Ω I.12 (513 = Allen E4), folio 148, verso"
301,urn:cite:hmt:e4.149r.v1,recto,"Escorial Ω I.12 (513 = Allen E4), folio 149, recto"
302,urn:cite:hmt:e4.149v.v1,verso,"Escorial Ω I.12 (513 = Allen E4), folio 149, verso"
303,urn:cite:hmt:e4.150r.v1,recto,"Escorial Ω I.12 (513 = Allen E4), folio 150, recto"
304,urn:cite:hmt:e4.150v.v1,verso,"Escorial Ω I.12 (513 = Allen E4), folio 150, verso"
305,urn:cite:hmt:e4.151r.v1,recto,"Escorial Ω I.12 (513 = Allen E4), folio 151, recto"
306,urn:cite:hmt:e4.151v.v1,verso,"Escorial Ω I.12 (513 = Allen E4), folio 151, verso"
307,urn:cite:hmt:e4.152r.v1,recto,"Escorial Ω I.12 (513 = Allen E4), folio 152, recto"
308,urn:cite:hmt:e4.152v.v1,verso,"Escorial Ω I.12 (513 = Allen E4), folio 152, verso"
309,urn:cite:hmt:e4.153r.v1,recto,"Escorial Ω I.12 (513 = Allen E4), folio 153, recto"
310,urn:cite:hmt:e4.153v.v1,verso,"Escorial Ω I.12 (513 = Allen E4), folio 153, verso"
311,urn:cite:hmt:e4.154r.v1,recto,"Escorial Ω I.12 (513 = Allen E4), folio 154, recto"
312,urn:cite:hmt:e4.154v.v1,verso,"Escorial Ω I.12 (513 = Allen E4), folio 154, verso"
313,urn:cite:hmt:e4.155r.v1,recto,"Escorial Ω I.12 (513 = Allen E4), folio 155, recto"
314,urn:cite:hmt:e4.155v.v1,verso,"Escorial Ω I.12 (513 = Allen E4), folio 155, verso"
315,urn:cite:hmt:e4.156r.v1,recto,"Escorial Ω I.12 (513 = Allen E4), folio 156, recto"
316,urn:cite:hmt:e4.156v.v1,verso,"Escorial Ω I.12 (513 = Allen E4), folio 156, verso"
317,urn:cite:hmt:e4.157r.v1,recto,"Escorial Ω I.12 (513 = Allen E4), folio 157, recto"
318,urn:cite:hmt:e4.157v.v1,verso,"Escorial Ω I.12 (513 = Allen E4), folio 157, verso"
319,urn:cite:hmt:e4.158r.v1,recto,"Escorial Ω I.12 (513 = Allen E4), folio 158, recto"
320,urn:cite:hmt:e4.158v.v1,verso,"Escorial Ω I.12 (513 = Allen E4), folio 158, verso"
321,urn:cite:hmt:e4.159r.v1,recto,"Escorial Ω I.12 (513 = Allen E4), folio 159, recto"
322,urn:cite:hmt:e4.159v.v1,verso,"Escorial Ω I.12 (513 = Allen E4), folio 159, verso"
323,urn:cite:hmt:e4.160r.v1,recto,"Escorial Ω I.12 (513 = Allen E4), folio 160, recto"
324,urn:cite:hmt:e4.160v.v1,verso,"Escorial Ω I.12 (513 = Allen E4), folio 160, verso"
325,urn:cite:hmt:e4.161r.v1,recto,"Escorial Ω I.12 (513 = Allen E4), folio 161, recto"
326,urn:cite:hmt:e4.161v.v1,verso,"Escorial Ω I.12 (513 = Allen E4), folio 161, verso"
327,urn:cite:hmt:e4.162r.v1,recto,"Escorial Ω I.12 (513 = Allen E4), folio 162, recto"
328,urn:cite:hmt:e4.162v.v1,verso,"Escorial Ω I.12 (513 = Allen E4), folio 162, verso"
329,urn:cite:hmt:e4.163r.v1,recto,"Escorial Ω I.12 (513 = Allen E4), folio 163, recto"
330,urn:cite:hmt:e4.163v.v1,verso,"Escorial Ω I.12 (513 = Allen E4), folio 163, verso"
331,urn:cite:hmt:e4.164r.v1,recto,"Escorial Ω I.12 (513 = Allen E4), folio 164, recto"
332,urn:cite:hmt:e4.164v.v1,verso,"Escorial Ω I.12 (513 = Allen E4), folio 164, verso"
333,urn:cite:hmt:e4.165r.v1,recto,"Escorial Ω I.12 (513 = Allen E4), folio 165, recto"
334,urn:cite:hmt:e4.165v.v1,verso,"Escorial Ω I.12 (513 = Allen E4), folio 165, verso"
335,urn:cite:hmt:e4.166r.v1,recto,"Escorial Ω I.12 (513 = Allen E4), folio 166, recto"
336,urn:cite:hmt:e4.166v.v1,verso,"Escorial Ω I.12 (513 = Allen E4), folio 166, verso"
337,urn:cite:hmt:e4.167r.v1,recto,"Escorial Ω I.12 (513 = Allen E4), folio 167, recto"
338,urn:cite:hmt:e4.167v.v1,verso,"Escorial Ω I.12 (513 = Allen E4), folio 167, verso"
339,urn:cite:hmt:e4.168r.v1,recto,"Escorial Ω I.12 (513 = Allen E4), folio 168, recto"
340,urn:cite:hmt:e4.168v.v1,verso,"Escorial Ω I.12 (513 = Allen E4), folio 168, verso"
341,urn:cite:hmt:e4.169r.v1,recto,"Escorial Ω I.12 (513 = Allen E4), folio 169, recto"
342,urn:cite:hmt:e4.169v.v1,verso,"Escorial Ω I.12 (513 = Allen E4), folio 169, verso"
343,urn:cite:hmt:e4.170r.v1,recto,"Escorial Ω I.12 (513 = Allen E4), folio 170, recto"
344,urn:cite:hmt:e4.170v.v1,verso,"Escorial Ω I.12 (513 = Allen E4), folio 170, verso"
345,urn:cite:hmt:e4.171r.v1,recto,"Escorial Ω I.12 (513 = Allen E4), folio 171, recto"
346,urn:cite:hmt:e4.171v.v1,verso,"Escorial Ω I.12 (513 = Allen E4), folio 171, verso"
347,urn:cite:hmt:e4.172r.v1,recto,"Escorial Ω I.12 (513 = Allen E4), folio 172, recto"
348,urn:cite:hmt:e4.172v.v1,verso,"Escorial Ω I.12 (513 = Allen E4), folio 172, verso"
349,urn:cite:hmt:e4.173r.v1,recto,"Escorial Ω I.12 (513 = Allen E4), folio 173, recto"
350,urn:cite:hmt:e4.173v.v1,verso,"Escorial Ω I.12 (513 = Allen E4), folio 173, verso"
351,urn:cite:hmt:e4.174r.v1,recto,"Escorial Ω I.12 (513 = Allen E4), folio 174, recto"
352,urn:cite:hmt:e4.174v.v1,verso,"Escorial Ω I.12 (513 = Allen E4), folio 174, verso"
353,urn:cite:hmt:e4.175r.v1,recto,"Escorial Ω I.12 (513 = Allen E4), folio 175, recto"
354,urn:cite:hmt:e4.175v.v1,verso,"Escorial Ω I.12 (513 = Allen E4), folio 175, verso"
355,urn:cite:hmt:e4.176r.v1,recto,"Escorial Ω I.12 (513 = Allen E4), folio 176, recto"
356,urn:cite:hmt:e4.176v.v1,verso,"Escorial Ω I.12 (513 = Allen E4), folio 176, verso"
357,urn:cite:hmt:e4.177r.v1,recto,"Escorial Ω I.12 (513 = Allen E4), folio 177, recto"
358,urn:cite:hmt:e4.177v.v1,verso,"Escorial Ω I.12 (513 = Allen E4), folio 177, verso"
359,urn:cite:hmt:e4.178r.v1,recto,"Escorial Ω I.12 (513 = Allen E4), folio 178, recto"
360,urn:cite:hmt:e4.178v.v1,verso,"Escorial Ω I.12 (513 = Allen E4), folio 178, verso"
361,urn:cite:hmt:e4.179r.v1,recto,"Escorial Ω I.12 (513 = Allen E4), folio 179, recto"
362,urn:cite:hmt:e4.179v.v1,verso,"Escorial Ω I.12 (513 = Allen E4), folio 179, verso"
363,urn:cite:hmt:e4.180r.v1,recto,"Escorial Ω I.12 (513 = Allen E4), folio 180, recto"
364,urn:cite:hmt:e4.180v.v1,verso,"Escorial Ω I.12 (513 = Allen E4), folio 180, verso"
365,urn:cite:hmt:e4.181r.v1,recto,"Escorial Ω I.12 (513 = Allen E4), folio 181, recto"
366,urn:cite:hmt:e4.181v.v1,verso,"Escorial Ω I.12 (513 = Allen E4), folio 181, verso"
367,urn:cite:hmt:e4.182r.v1,recto,"Escorial Ω I.12 (513 = Allen E4), folio 182, recto"
368,urn:cite:hmt:e4.182v.v1,verso,"Escorial Ω I.12 (513 = Allen E4), folio 182, verso"
369,urn:cite:hmt:e4.183r.v1,recto,"Escorial Ω I.12 (513 = Allen E4), folio 183, recto"
370,urn:cite:hmt:e4.183v.v1,verso,"Escorial Ω I.12 (513 = Allen E4), folio 183, verso"
371,urn:cite:hmt:e4.184r.v1,recto,"Escorial Ω I.12 (513 = Allen E4), folio 184, recto"
372,urn:cite:hmt:e4.184v.v1,verso,"Escorial Ω I.12 (513 = Allen E4), folio 184, verso"
373,urn:cite:hmt:e4.185r.v1,recto,"Escorial Ω I.12 (513 = Allen E4), folio 185, recto"
374,urn:cite:hmt:e4.185v.v1,verso,"Escorial Ω I.12 (513 = Allen E4), folio 185, verso"
375,urn:cite:hmt:e4.186r.v1,recto,"Escorial Ω I.12 (513 = Allen E4), folio 186, recto"
376,urn:cite:hmt:e4.186v.v1,verso,"Escorial Ω I.12 (513 = Allen E4), folio 186, verso"
377,urn:cite:hmt:e4.187r.v1,recto,"Escorial Ω I.12 (513 = Allen E4), folio 187, recto"
378,urn:cite:hmt:e4.187v.v1,verso,"Escorial Ω I.12 (513 = Allen E4), folio 187, verso"
379,urn:cite:hmt:e4.188r.v1,recto,"Escorial Ω I.12 (513 = Allen E4), folio 188, recto"
380,urn:cite:hmt:e4.188v.v1,verso,"Escorial Ω I.12 (513 = Allen E4), folio 188, verso"
381,urn:cite:hmt:e4.189r.v1,recto,"Escorial Ω I.12 (513 = Allen E4), folio 189, recto"
382,urn:cite:hmt:e4.189v.v1,verso,"Escorial Ω I.12 (513 = Allen E4), folio 189, verso"
383,urn:cite:hmt:e4.190r.v1,recto,"Escorial Ω I.12 (513 = Allen E4), folio 190, recto"
384,urn:cite:hmt:e4.190v.v1,verso,"Escorial Ω I.12 (513 = Allen E4), folio 190, verso"
385,urn:cite:hmt:e4.190bisr.v1,recto,"Escorial Ω I.12 (513 = Allen E4), folio 190bis, recto"
386,urn:cite:hmt:e4.190bisv.v1,verso,"Escorial Ω I.12 (513 = Allen E4), folio 190bis, verso"
387,urn:cite:hmt:e4.191r.v1,recto,"Escorial Ω I.12 (513 = Allen E4), folio 191, recto"
388,urn:cite:hmt:e4.191v.v1,verso,"Escorial Ω I.12 (513 = Allen E4), folio 191, verso"
389,urn:cite:hmt:e4.192r.v1,recto,"Escorial Ω I.12 (513 = Allen E4), folio 192, recto"
390,urn:cite:hmt:e4.192v.v1,verso,"Escorial Ω I.12 (513 = Allen E4), folio 192, verso"
391,urn:cite:hmt:e4.193r.v1,recto,"Escorial Ω I.12 (513 = Allen E4), folio 193, recto"
392,urn:cite:hmt:e4.193v.v1,verso,"Escorial Ω I.12 (513 = Allen E4), folio 193, verso"
393,urn:cite:hmt:e4.194r.v1,recto,"Escorial Ω I.12 (513 = Allen E4), folio 194, recto"
394,urn:cite:hmt:e4.194v.v1,verso,"Escorial Ω I.12 (513 = Allen E4), folio 194, verso"
395,urn:cite:hmt:e4.195r.v1,recto,"Escorial Ω I.12 (513 = Allen E4), folio 195, recto"
396,urn:cite:hmt:e4.195v.v1,verso,"Escorial Ω I.12 (513 = Allen E4), folio 195, verso"
397,urn:cite:hmt:e4.196r.v1,recto,"Escorial Ω I.12 (513 = Allen E4), folio 196, recto"
398,urn:cite:hmt:e4.196v.v1,verso,"Escorial Ω I.12 (513 = Allen E4), folio 196, verso"
399,urn:cite:hmt:e4.197r.v1,recto,"Escorial Ω I.12 (513 = Allen E4), folio 197, recto"
400,urn:cite:hmt:e4.197v.v1,verso,"Escorial Ω I.12 (513 = Allen E4), folio 197, verso"
401,urn:cite:hmt:e4.198r.v1,recto,"Escorial Ω I.12 (513 = Allen E4), folio 198, recto"
402,urn:cite:hmt:e4.198v.v1,verso,"Escorial Ω I.12 (513 = Allen E4), folio 198, verso"
403,urn:cite:hmt:e4.199r.v1,recto,"Escorial Ω I.12 (513 = Allen E4), folio 199, recto"
404,urn:cite:hmt:e4.199v.v1,verso,"Escorial Ω I.12 (513 = Allen E4), folio 199, verso"
405,urn:cite:hmt:e4.200r.v1,recto,"Escorial Ω I.12 (513 = Allen E4), folio 200, recto"
406,urn:cite:hmt:e4.200v.v1,verso,"Escorial Ω I.12 (513 = Allen E4), folio 200, verso"
407,urn:cite:hmt:e4.201r.v1,recto,"Escorial Ω I.12 (513 = Allen E4), folio 201, recto"
408,urn:cite:hmt:e4.201v.v1,verso,"Escorial Ω I.12 (513 = Allen E4), folio 201, verso"
409,urn:cite:hmt:e4.202r.v1,recto,"Escorial Ω I.12 (513 = Allen E4), folio 202, recto"
410,urn:cite:hmt:e4.202v.v1,verso,"Escorial Ω I.12 (513 = Allen E4), folio 202, verso"
411,urn:cite:hmt:e4.203r.v1,recto,"Escorial Ω I.12 (513 = Allen E4), folio 203, recto"
412,urn:cite:hmt:e4.203v.v1,verso,"Escorial Ω I.12 (513 = Allen E4), folio 203, verso"
413,urn:cite:hmt:e4.204r.v1,recto,"Escorial Ω I.12 (513 = Allen E4), folio 204, recto"
414,urn:cite:hmt:e4.204v.v1,verso,"Escorial Ω I.12 (513 = Allen E4), folio 204, verso"
415,urn:cite:hmt:e4.205r.v1,recto,"Escorial Ω I.12 (513 = Allen E4), folio 205, recto"
416,urn:cite:hmt:e4.205v.v1,verso,"Escorial Ω I.12 (513 = Allen E4), folio 205, verso"
417,urn:cite:hmt:e4.206r.v1,recto,"Escorial Ω I.12 (513 = Allen E4), folio 206, recto"
418,urn:cite:hmt:e4.206v.v1,verso,"Escorial Ω I.12 (513 = Allen E4), folio 206, verso"
419,urn:cite:hmt:e4.207r.v1,recto,"Escorial Ω I.12 (513 = Allen E4), folio 207, recto"
420,urn:cite:hmt:e4.207v.v1,verso,"Escorial Ω I.12 (513 = Allen E4), folio 207, verso"
421,urn:cite:hmt:e4.208r.v1,recto,"Escorial Ω I.12 (513 = Allen E4), folio 208, recto"
422,urn:cite:hmt:e4.208v.v1,verso,"Escorial Ω I.12 (513 = Allen E4), folio 208, verso"
423,urn:cite:hmt:e4.209r.v1,recto,"Escorial Ω I.12 (513 = Allen E4), folio 209, recto"
424,urn:cite:hmt:e4.209v.v1,verso,"Escorial Ω I.12 (513 = Allen E4), folio 209, verso"
425,urn:cite:hmt:e4.210r.v1,recto,"Escorial Ω I.12 (513 = Allen E4), folio 210, recto"
426,urn:cite:hmt:e4.210v.v1,verso,"Escorial Ω I.12 (513 = Allen E4), folio 210, verso"
427,urn:cite:hmt:e4.211r.v1,recto,"Escorial Ω I.12 (513 = Allen E4), folio 211, recto"
428,urn:cite:hmt:e4.211v.v1,verso,"Escorial Ω I.12 (513 = Allen E4), folio 211, verso"
429,urn:cite:hmt:e4.212r.v1,recto,"Escorial Ω I.12 (513 = Allen E4), folio 212, recto"
430,urn:cite:hmt:e4.212v.v1,verso,"Escorial Ω I.12 (513 = Allen E4), folio 212, verso"
431,urn:cite:hmt:e4.213r.v1,recto,"Escorial Ω I.12 (513 = Allen E4), folio 213, recto"
432,urn:cite:hmt:e4.213v.v1,verso,"Escorial Ω I.12 (513 = Allen E4), folio 213, verso"
433,urn:cite:hmt:e4.214r.v1,recto,"Escorial Ω I.12 (513 = Allen E4), folio 214, recto"
434,urn:cite:hmt:e4.214v.v1,verso,"Escorial Ω I.12 (513 = Allen E4), folio 214, verso"
435,urn:cite:hmt:e4.215r.v1,recto,"Escorial Ω I.12 (513 = Allen E4), folio 215, recto"
436,urn:cite:hmt:e4.215v.v1,verso,"Escorial Ω I.12 (513 = Allen E4), folio 215, verso"
437,urn:cite:hmt:e4.216r.v1,recto,"Escorial Ω I.12 (513 = Allen E4), folio 216, recto"
