urn:cts:greekLit:tlg5026.e3.hmt:8.2	urn:cite:hmt:e3bifolio.E3_97bisv_98r@0.5013,0.121,0.3283,0.0745
urn:cts:greekLit:tlg5026.e3.hmt:8.3	urn:cite:hmt:e3bifolio.E3_97bisv_98r@0.5123,0.161,0.3263,0.1095
urn:cts:greekLit:tlg5026.e3.hmt:8.4	urn:cite:hmt:e3bifolio.E3_97bisv_98r@0.7203,0.257,0.115,0.0385
urn:cts:greekLit:tlg5026.e3.hmt:8.5	urn:cite:hmt:e3bifolio.E3_97bisv_98r@0.72,0.2795,0.1197,0.086
urn:cts:greekLit:tlg5026.e3.hmt:8.6	urn:cite:hmt:e3bifolio.E3_97bisv_98r@0.7183,0.3475,0.1237,0.058
urn:cts:greekLit:tlg5026.e3.hmt:8.7	urn:cite:hmt:e3bifolio.E3_97bisv_98r@0.718,0.388,0.122,0.0845
urn:cts:greekLit:tlg5026.e3.hmt:8.8	urn:cite:hmt:e3bifolio.E3_97bisv_98r@0.716,0.4555,0.1217,0.0435
urn:cts:greekLit:tlg5026.e3.hmt:8.9	urn:cite:hmt:e3bifolio.E3_97bisv_98r@0.7163,0.484,0.1197,0.079
turn:cts:greekLit:lg5026.e3.hmt:8.10	urn:cite:hmt:e3bifolio.E3_97bisv_98r@0.7163,0.546,0.116,0.0805
urn:cts:greekLit:tlg5026.e3.hmt:8.11	urn:cite:hmt:e3bifolio.E3_97bisv_98r@0.7133,0.612,0.119,0.0825
urn:cts:greekLit:tlg5026.e3.hmt:8.12	urn:cite:hmt:e3bifolio.E3_97bisv_98r@0.5073,0.6815,0.3257,0.0535
urn:cts:greekLit:tlg5026.e3.hmt:8.13	urn:cite:hmt:e3bifolio.E3_97bisv_98r@0.5067,0.7055,0.3233,0.0545
urn:cts:greekLit:tlg5026.e3.hmt:8.14	urn:cite:hmt:e3bifolio.E3_97bisv_98r@0.505,0.7275,0.323,0.047
urn:cts:greekLit:tlg5026.e3.hmt:8.15	urn:cite:hmt:e3bifolio.E3_97bisv_98r@0.499,0.735,0.3287,0.053
urn:cts:greekLit:tlg5026.e3.hmt:8.16	urn:cite:hmt:e3bifolio.E3_97bisv_98r@0.498,0.75,0.3293,0.0805
urn:cts:greekLit:tlg5026.e3.hmt:8.17	urn:cite:hmt:e3bifolio.E3_97bisv_98r@0.4957,0.787,0.3317,0.0645
urn:cts:greekLit:tlg5026.e3.hmt:8.18	urn:cite:hmt:e3bifolio.E3_97bisv_98r@0.586,0.83,0.241,0.0375
urn:cts:greekLit:tlg5026.e3.hmt:8.20	urn:cite:hmt:e3bifolio.E3_98v_99r@0.1509,0.1024,0.2466,0.0377
urn:cts:greekLit:tlg5026.e3.hmt:8.21	urn:cite:hmt:e3bifolio.E3_98v_99r@0.1486,0.1149,0.3454,0.051
urn:cts:greekLit:tlg5026.e3.hmt:8.22	urn:cite:hmt:e3bifolio.E3_98v_99r@0.16,0.132,0.334,0.0467
urn:cts:greekLit:tlg5026.e3.hmt:8.23	urn:cite:hmt:e3bifolio.E3_98v_99r@0.1483,0.1569,0.3483,0.0506
urn:cts:greekLit:tlg5026.e3.hmt:8.24	urn:cite:hmt:e3bifolio.E3_98v_99r@0.1477,0.1727,0.3457,0.0827
urn:cts:greekLit:tlg5026.e3.hmt:8.25	urn:cite:hmt:e3bifolio.E3_98v_99r@0.1446,0.2366,0.118,0.0977
urn:cts:greekLit:tlg5026.e3.hmt:8.26	urn:cite:hmt:e3bifolio.E3_98v_99r@0.144,0.3129,0.1174,0.1076
urn:cts:greekLit:tlg5026.e3.hmt:8.27	urn:cite:hmt:e3bifolio.E3_98v_99r@0.1449,0.4226,0.1163,0.0592
urn:cts:greekLit:tlg5026.e3.hmt:8.28	urn:cite:hmt:e3bifolio.E3_98v_99r@0.1414,0.4852,0.1223,0.0866
urn:cts:greekLit:tlg5026.e3.hmt:8.29	urn:cite:hmt:e3bifolio.E3_98v_99r@0.1437,0.5632,0.3597,0.1813
urn:cts:greekLit:tlg5026.e3.hmt:8.30	urn:cite:hmt:e3bifolio.E3_98v_99r@0.1617,0.7107,0.3431,0.0604
urn:cts:greekLit:tlg5026.e3.hmt:8.31	urn:cite:hmt:e3bifolio.E3_98v_99r@0.1457,0.751,0.1669,0.0351
urn:cts:greekLit:tlg5026.e3.hmt:8.32	urn:cite:hmt:e3bifolio.E3_98v_99r@0.1629,0.7497,0.3326,0.0454
urn:cts:greekLit:tlg5026.e3.hmt:8.33	urn:cite:hmt:e3bifolio.E3_98v_99r@0.1614,0.7643,0.3326,0.0454
urn:cts:greekLit:tlg5026.e3.hmt:8.37	urn:cite:hmt:e3bifolio.E3_98v_99r@0.5029,0.1183,0.3486,0.0776
urn:cts:greekLit:tlg5026.e3.hmt:8.38	urn:cite:hmt:e3bifolio.E3_98v_99r@0.5046,0.177,0.1609,0.033
urn:cts:greekLit:tlg5026.e3.hmt:8.39	urn:cite:hmt:e3bifolio.E3_98v_99r@0.5146,0.1702,0.3351,0.0686
urn:cts:greekLit:tlg5026.e3.hmt:8.40	urn:cite:hmt:e3bifolio.E3_98v_99r@0.7194,0.2216,0.1354,0.1333
urn:cts:greekLit:tlg5026.e3.hmt:8.41	urn:cite:hmt:e3bifolio.E3_98v_99r@0.7206,0.3335,0.1309,0.2075
urn:cts:greekLit:tlg5026.e3.hmt:8.42	urn:cite:hmt:e3bifolio.E3_98v_99r@0.718,0.5208,0.1223,0.1586
urn:cts:greekLit:tlg5026.e3.hmt:8.43	urn:cite:hmt:e3bifolio.E3_98v_99r@0.5031,0.6588,0.3269,0.09
urn:cts:greekLit:tlg5026.e3.hmt:8.44	urn:cite:hmt:e3bifolio.E3_98v_99r@0.5029,0.721,0.3223,0.0844
urn:cts:greekLit:tlg5026.e3.hmt:8.47	urn:cite:hmt:e3bifolio.E3_99v_100r@0.1323,0.1436,0.3266,0.0407
urn:cts:greekLit:tlg5026.e3.hmt:8.48	urn:cite:hmt:e3bifolio.E3_99v_100r@0.1406,0.1607,0.3334,0.0802
urn:cts:greekLit:tlg5026.e3.hmt:8.49	urn:cite:hmt:e3bifolio.E3_99v_100r@0.1394,0.213,0.3337,0.051
urn:cts:greekLit:tlg5026.e3.hmt:8.50	urn:cite:hmt:e3bifolio.E3_99v_100r@0.1274,0.2443,0.3386,0.1234
urn:cts:greekLit:tlg5026.e3.hmt:8.51	urn:cite:hmt:e3bifolio.E3_99v_100r@0.1269,0.3536,0.112,0.1367
urn:cts:greekLit:tlg5026.e3.hmt:8.52	urn:cite:hmt:e3bifolio.E3_99v_100r@0.1269,0.4745,0.1166,0.162
urn:cts:greekLit:tlg5026.e3.hmt:8.53	urn:cite:hmt:e3bifolio.E3_99v_100r@0.1289,0.6181,0.1117,0.0673
urn:cts:greekLit:tlg5026.e3.hmt:8.54	urn:cite:hmt:e3bifolio.E3_99v_100r@0.1291,0.6717,0.1229,0.0441
urn:cts:greekLit:tlg5026.e3.hmt:8.55	urn:cite:hmt:e3bifolio.E3_99v_100r@0.128,0.6974,0.2957,0.0411
urn:cts:greekLit:tlg5026.e3.hmt:8.56	urn:cite:hmt:e3bifolio.E3_99v_100r@0.1446,0.7012,0.3334,0.0634
urn:cts:greekLit:tlg5026.e3.hmt:8.57	urn:cite:hmt:e3bifolio.E3_99v_100r@0.1443,0.7274,0.3323,0.0489
urn:cts:greekLit:tlg5026.e3.hmt:8.58	urn:cite:hmt:e3bifolio.E3_99v_100r@0.1446,0.7424,0.3349,0.114
urn:cts:greekLit:tlg5026.e3.hmt:8.59	urn:cite:hmt:e3bifolio.E3_99v_100r@0.1443,0.8225,0.3371,0.0767
urn:cts:greekLit:tlg5026.e3.hmt:8.62	urn:cite:hmt:e3bifolio.E3_99v_100r@0.4803,0.1805,0.3397,0.0557
urn:cts:greekLit:tlg5026.e3.hmt:8.63	urn:cite:hmt:e3bifolio.E3_99v_100r@0.482,0.2117,0.238,0.0403
urn:cts:greekLit:tlg5026.e3.hmt:8.64	urn:cite:hmt:e3bifolio.E3_99v_100r@0.4834,0.225,0.1911,0.0351
urn:cts:greekLit:tlg5026.e3.hmt:8.65	urn:cite:hmt:e3bifolio.E3_99v_100r@0.496,0.2225,0.326,0.1843
urn:cts:greekLit:tlg5026.e3.hmt:8.66	urn:cite:hmt:e3bifolio.E3_99v_100r@0.7023,0.4355,0.1254,0.1299
urn:cts:greekLit:tlg5026.e3.hmt:8.67	urn:cite:hmt:e3bifolio.E3_99v_100r@0.7026,0.5624,0.1237,0.0716
urn:cts:greekLit:tlg5026.e3.hmt:8.68	urn:cite:hmt:e3bifolio.E3_99v_100r@0.4911,0.6652,0.3257,0.102
urn:cts:greekLit:tlg5026.e3.hmt:8.69	urn:cite:hmt:e3bifolio.E3_99v_100r@0.4777,0.7248,0.3391,0.0797
urn:cts:greekLit:tlg5026.e3.hmt:8.70	urn:cite:hmt:e3bifolio.E3_99v_100r@0.4894,0.7711,0.3277,0.0502
urn:cts:greekLit:tlg5026.e3.hmt:8.71	urn:cite:hmt:e3bifolio.E3_99v_100r@0.4883,0.7955,0.3251,0.0609
urn:cts:greekLit:tlg5026.e3.hmt:8.72	urn:cite:hmt:e3bifolio.E3_100v_101r@0.1257,0.114,0.3154,0.0394
urn:cts:greekLit:tlg5026.e3.hmt:8.73	urn:cite:hmt:e3bifolio.E3_100v_101r@0.124,0.129,0.3409,0.0557
urn:cts:greekLit:tlg5026.e3.hmt:8.74	urn:cite:hmt:e3bifolio.E3_100v_101r@0.1229,0.1535,0.2277,0.0334
urn:cts:greekLit:tlg5026.e3.hmt:8.75	urn:cite:hmt:e3bifolio.E3_100v_101r@0.1349,0.1672,0.3334,0.0326
urn:cts:greekLit:tlg5026.e3.hmt:8.76	urn:cite:hmt:e3bifolio.E3_100v_101r@0.1346,0.1745,0.3317,0.0459
urn:cts:greekLit:tlg5026.e3.hmt:8.77	urn:cite:hmt:e3bifolio.E3_100v_101r@0.1214,0.2027,0.114,0.1084
urn:cts:greekLit:tlg5026.e3.hmt:8.78	urn:cite:hmt:e3bifolio.E3_100v_101r@0.1209,0.309,0.1134,0.0754
urn:cts:greekLit:tlg5026.e3.hmt:8.79	urn:cite:hmt:e3bifolio.E3_100v_101r@0.1209,0.3643,0.1103,0.0712
urn:cts:greekLit:tlg5026.e3.hmt:8.80	urn:cite:hmt:e3bifolio.E3_100v_101r@0.1177,0.4265,0.1151,0.1303
urn:cts:greekLit:tlg5026.e3.hmt:8.81	urn:cite:hmt:e3bifolio.E3_100v_101r@0.1177,0.5435,0.1223,0.1264
urn:cts:greekLit:tlg5026.e3.hmt:8.82	urn:cite:hmt:e3bifolio.E3_100v_101r@0.1197,0.6481,0.3434,0.0536
urn:cts:greekLit:tlg5026.e3.hmt:8.83	urn:cite:hmt:e3bifolio.E3_100v_101r@0.1257,0.67,0.3406,0.0853
urn:cts:greekLit:tlg5026.e3.hmt:8.84	urn:cite:hmt:e3bifolio.E3_100v_101r@0.1206,0.73,0.3463,0.0467
urn:cts:greekLit:tlg5026.e3.hmt:8.87	urn:cite:hmt:e3bifolio.E3_100v_101r@0.4886,0.1226,0.2423,0.0373
urn:cts:greekLit:tlg5026.e3.hmt:8.88	urn:cite:hmt:e3bifolio.E3_100v_101r@0.49,0.1414,0.2423,0.0373
urn:cts:greekLit:tlg5026.e3.hmt:8.89	urn:cite:hmt:e3bifolio.E3_100v_101r@0.488,0.1513,0.3283,0.0519
urn:cts:greekLit:tlg5026.e3.hmt:8.90	urn:cite:hmt:e3bifolio.E3_100v_101r@0.5,0.1702,0.32,0.0454
urn:cts:greekLit:tlg5026.e3.hmt:8.91	urn:cite:hmt:e3bifolio.E3_100v_101r@0.502,0.18,0.3137,0.0506
urn:cts:greekLit:tlg5026.e3.hmt:8.92	urn:cite:hmt:e3bifolio.E3_100v_101r@0.6426,0.192,0.1811,0.0874
urn:cts:greekLit:tlg5026.e3.hmt:8.93	urn:cite:hmt:e3bifolio.E3_100v_101r@0.7069,0.2846,0.1194,0.123
urn:cts:greekLit:tlg5026.e3.hmt:8.94	urn:cite:hmt:e3bifolio.E3_100v_101r@0.7023,0.4381,0.1134,0.0874
urn:cts:greekLit:tlg5026.e3.hmt:8.95	urn:cite:hmt:e3bifolio.E3_100v_101r@0.7043,0.5058,0.1266,0.0862
urn:cts:greekLit:tlg5026.e3.hmt:8.96	urn:cite:hmt:e3bifolio.E3_100v_101r@0.7006,0.5808,0.1157,0.0772
urn:cts:greekLit:tlg5026.e3.hmt:8.97	urn:cite:hmt:e3bifolio.E3_100v_101r@0.4826,0.6275,0.3411,0.0634
urn:cts:greekLit:tlg5026.e3.hmt:8.98	urn:cite:hmt:e3bifolio.E3_100v_101r@0.4834,0.6567,0.3251,0.0716
urn:cts:greekLit:tlg5026.e3.hmt:8.99	urn:cite:hmt:e3bifolio.E3_100v_101r@0.4834,0.6974,0.3211,0.0634
urn:cts:greekLit:tlg5026.e3.hmt:8.100	urn:cite:hmt:e3bifolio.E3_100v_101r@0.4937,0.7248,0.3131,0.0669
urn:cts:greekLit:tlg5026.e3.hmt:8.103	urn:cite:hmt:e3bifolio.E3_101v_102r@0.1037,0.0111,0.38,0.0575
urn:cts:greekLit:tlg5026.e3.hmt:8.104	urn:cite:hmt:e3bifolio.E3_101v_102r@0.206,0.0332,0.287,0.0437
urn:cts:greekLit:tlg5026.e3.hmt:8.105	urn:cite:hmt:e3bifolio.E3_101v_102r@0.1007,0.0509,0.311,0.0381
urn:cts:greekLit:tlg5026.e3.hmt:8.106	urn:cite:hmt:e3bifolio.E3_101v_102r@0.1153,0.0614,0.374,0.0348
urn:cts:greekLit:tlg5026.e3.hmt:8.107	urn:cite:hmt:e3bifolio.E3_101v_102r@0.111,0.0685,0.3763,0.0652
urn:cts:greekLit:tlg5026.e3.hmt:8.108	urn:cite:hmt:e3bifolio.E3_101v_102r@0.1103,0.1023,0.3717,0.0481
urn:cts:greekLit:tlg5026.e3.hmt:8.109	urn:cite:hmt:e3bifolio.E3_101v_102r@0.11,0.1172,0.3883,0.7081
urn:cts:greekLit:tlg5026.e3.hmt:8.110	urn:cite:hmt:e3bifolio.E3_101v_102r@0.0973,0.7999,0.3937,0.1249
urn:cts:greekLit:tlg5026.e3.hmt:8.111	urn:cite:hmt:e3bifolio.E3_101v_102r@0.0927,0.8988,0.3943,0.0586
urn:cts:greekLit:tlg5026.e3.hmt:8.121	urn:cite:hmt:e3bifolio.E3_101v_102r@0.5223,0.0608,0.3847,0.0536
urn:cts:greekLit:tlg5026.e3.hmt:8.122	urn:cite:hmt:e3bifolio.E3_101v_102r@0.5213,0.0824,0.382,0.0929
urn:cts:greekLit:tlg5026.e3.hmt:8.123	urn:cite:hmt:e3bifolio.E3_101v_102r@0.535,0.1376,0.3627,0.068
urn:cts:greekLit:tlg5026.e3.hmt:8.124	urn:cite:hmt:e3bifolio.E3_101v_102r@0.731,0.1708,0.1653,0.1023
urn:cts:greekLit:tlg5026.e3.hmt:8.125	urn:cite:hmt:e3bifolio.E3_101v_102r@0.764,0.251,0.1273,0.0945
urn:cts:greekLit:tlg5026.e3.hmt:8.126	urn:cite:hmt:e3bifolio.E3_101v_102r@0.7647,0.3284,0.1337,0.2029
urn:cts:greekLit:tlg5026.e3.hmt:8.127	urn:cite:hmt:e3bifolio.E3_101v_102r@0.764,0.5041,0.1287,0.178
urn:cts:greekLit:tlg5026.e3.hmt:8.128	urn:cite:hmt:e3bifolio.E3_101v_102r@0.762,0.675,0.1303,0.0929
urn:cts:greekLit:tlg5026.e3.hmt:8.129	urn:cite:hmt:e3bifolio.E3_101v_102r@0.5133,0.7441,0.372,0.0829
urn:cts:greekLit:tlg5026.e3.hmt:8.130	urn:cite:hmt:e3bifolio.E3_101v_102r@0.5127,0.7811,0.365,0.0625
urn:cts:greekLit:tlg5026.e3.hmt:8.131	urn:cite:hmt:e3bifolio.E3_101v_102r@0.5217,0.8115,0.3607,0.1327
urn:cts:greekLit:tlg5026.e3.hmt:8.145	urn:cite:hmt:e3bifolio.E3_102v_103r@0.138,0.141,0.3423,0.045
urn:cts:greekLit:tlg5026.e3.hmt:8.146	urn:cite:hmt:e3bifolio.E3_102v_103r@0.1387,0.16,0.336,0.043
urn:cts:greekLit:tlg5026.e3.hmt:8.147	urn:cite:hmt:e3bifolio.E3_102v_103r@0.1503,0.18,0.3203,0.0435
urn:cts:greekLit:tlg5026.e3.hmt:8.148	urn:cite:hmt:e3bifolio.E3_102v_103r@0.135,0.1975,0.1747,0.037
urn:cts:greekLit:tlg5026.e3.hmt:8.149	urn:cite:hmt:e3bifolio.E3_102v_103r@0.1447,0.203,0.3363,0.069
urn:cts:greekLit:tlg5026.e3.hmt:8.150	urn:cite:hmt:e3bifolio.E3_102v_103r@0.1307,0.2745,0.1277,0.091
urn:cts:greekLit:tlg5026.e3.hmt:8.152	urn:cite:hmt:e3bifolio.E3_102v_103r@0.146,0.345,0.1113,0.038
urn:cts:greekLit:tlg5026.e3.hmt:8.153	urn:cite:hmt:e3bifolio.E3_102v_103r@0.1287,0.373,0.124,0.079
urn:cts:greekLit:tlg5026.e3.hmt:8.154	urn:cite:hmt:e3bifolio.E3_102v_103r@0.128,0.4215,0.1283,0.085
urn:cts:greekLit:tlg5026.e3.hmt:8.155	urn:cite:hmt:e3bifolio.E3_102v_103r@0.1273,0.4915,0.132,0.158
urn:cts:greekLit:tlg5026.e3.hmt:8.156	urn:cite:hmt:e3bifolio.E3_102v_103r@0.1363,0.689,0.341,0.06
urn:cts:greekLit:tlg5026.e3.hmt:8.157	urn:cite:hmt:e3bifolio.E3_102v_103r@0.136,0.7305,0.331,0.0485
urn:cts:greekLit:tlg5026.e3.hmt:8.158	urn:cite:hmt:e3bifolio.E3_102v_103r@0.352,0.739,0.1233,0.0345
urn:cts:greekLit:tlg5026.e3.hmt:8.159	urn:cite:hmt:e3bifolio.E3_102v_103r@0.135,0.755,0.337,0.046
urn:cts:greekLit:tlg5026.e3.hmt:8.160	urn:cite:hmt:e3bifolio.E3_102v_103r@0.1447,0.774,0.337,0.046
urn:cts:greekLit:tlg5026.e3.hmt:8.171	urn:cite:hmt:e3bifolio.E3_102v_103r@0.502,0.1479,0.1883,0.0399
urn:cts:greekLit:tlg5026.e3.hmt:8.172	urn:cite:hmt:e3bifolio.E3_102v_103r@0.4997,0.1689,0.3471,0.0913
urn:cts:greekLit:tlg5026.e3.hmt:8.173	urn:cite:hmt:e3bifolio.E3_102v_103r@0.4986,0.2332,0.2131,0.0313
urn:cts:greekLit:tlg5026.e3.hmt:8.174	urn:cite:hmt:e3bifolio.E3_102v_103r@0.7149,0.2696,0.1191,0.1517
urn:cts:greekLit:tlg5026.e3.hmt:8.175	urn:cite:hmt:e3bifolio.E3_102v_103r@0.7131,0.4158,0.1171,0.099
urn:cts:greekLit:tlg5026.e3.hmt:8.176	urn:cite:hmt:e3bifolio.E3_102v_103r@0.7114,0.5551,0.1291,0.0934
urn:cts:greekLit:tlg5026.e3.hmt:8.177	urn:cite:hmt:e3bifolio.E3_102v_103r@0.6683,0.6494,0.1614,0.0532
urn:cts:greekLit:tlg5026.e3.hmt:8.178	urn:cite:hmt:e3bifolio.E3_102v_103r@0.4923,0.691,0.3266,0.0832
urn:cts:greekLit:tlg5026.e3.hmt:8.179	urn:cite:hmt:e3bifolio.E3_102v_103r@0.4923,0.733,0.3203,0.054
urn:cts:greekLit:tlg5026.e3.hmt:8.180	urn:cite:hmt:e3bifolio.E3_102v_103r@0.5029,0.76,0.3129,0.0592
urn:cts:greekLit:tlg5026.e3.hmt:8.181	urn:cite:hmt:e3bifolio.E3_102v_103r@0.4894,0.7694,0.3251,0.0742
urn:cts:greekLit:tlg5026.e3.hmt:8.188	urn:cite:hmt:e3bifolio.E3_103v_104r@0.1451,0.1642,0.3423,0.0399
urn:cts:greekLit:tlg5026.e3.hmt:8.189	urn:cite:hmt:e3bifolio.E3_103v_104r@0.146,0.192,0.3023,0.0279
urn:cts:greekLit:tlg5026.e3.hmt:8.190	urn:cite:hmt:e3bifolio.E3_103v_104r@0.1466,0.2049,0.3297,0.0574
urn:cts:greekLit:tlg5026.e3.hmt:8.191	urn:cite:hmt:e3bifolio.E3_103v_104r@0.1434,0.2692,0.102,0.0596
urn:cts:greekLit:tlg5026.e3.hmt:8.192	urn:cite:hmt:e3bifolio.E3_103v_104r@0.146,0.3493,0.116,0.1123
urn:cts:greekLit:tlg5026.e3.hmt:8.193	urn:cite:hmt:e3bifolio.E3_103v_104r@0.1583,0.4329,0.1089,0.0544
urn:cts:greekLit:tlg5026.e3.hmt:8.194	urn:cite:hmt:e3bifolio.E3_103v_104r@0.1454,0.4694,0.1169,0.087
urn:cts:greekLit:tlg5026.e3.hmt:8.195	urn:cite:hmt:e3bifolio.E3_103v_104r@0.1469,0.5752,0.1129,0.0874
urn:cts:greekLit:tlg5026.e3.hmt:8.196	urn:cite:hmt:e3bifolio.E3_103v_104r@0.1511,0.6781,0.3426,0.0814
urn:cts:greekLit:tlg5026.e3.hmt:8.197	urn:cite:hmt:e3bifolio.E3_103v_104r@0.1497,0.7342,0.3097,0.0399
urn:cts:greekLit:tlg5026.e3.hmt:8.203	urn:cite:hmt:e3bifolio.E3_103v_104r@0.5189,0.1616,0.2477,0.0416
urn:cts:greekLit:tlg5026.e3.hmt:8.204	urn:cite:hmt:e3bifolio.E3_103v_104r@0.5197,0.1809,0.27,0.0429
urn:cts:greekLit:tlg5026.e3.hmt:8.205	urn:cite:hmt:e3bifolio.E3_103v_104r@0.5191,0.2049,0.3434,0.0403
urn:cts:greekLit:tlg5026.e3.hmt:8.206	urn:cite:hmt:e3bifolio.E3_103v_104r@0.7449,0.2469,0.1169,0.0947
urn:cts:greekLit:tlg5026.e3.hmt:8.207	urn:cite:hmt:e3bifolio.E3_103v_104r@0.744,0.3811,0.1229,0.0909
urn:cts:greekLit:tlg5026.e3.hmt:8.208	urn:cite:hmt:e3bifolio.E3_103v_104r@0.7449,0.4518,0.1234,0.0814
urn:cts:greekLit:tlg5026.e3.hmt:8.209	urn:cite:hmt:e3bifolio.E3_103v_104r@0.742,0.5542,0.124,0.0879
urn:cts:greekLit:tlg5026.e3.hmt:8.210	urn:cite:hmt:e3bifolio.E3_103v_104r@0.7497,0.6091,0.1154,0.0917
urn:cts:greekLit:tlg5026.e3.hmt:8.211	urn:cite:hmt:e3bifolio.E3_103v_104r@0.5209,0.6717,0.2623,0.084
urn:cts:greekLit:tlg5026.e3.hmt:8.212	urn:cite:hmt:e3bifolio.E3_103v_104r@0.5191,0.7248,0.2854,0.0562
urn:cts:greekLit:tlg5026.e3.hmt:8.214	urn:cite:hmt:e3bifolio.E3_104v_105r@0.1246,0.1307,0.3494,0.0463
urn:cts:greekLit:tlg5026.e3.hmt:8.215	urn:cite:hmt:e3bifolio.E3_104v_105r@0.1237,0.1565,0.3434,0.0532
urn:cts:greekLit:tlg5026.e3.hmt:8.216	urn:cite:hmt:e3bifolio.E3_104v_105r@0.1231,0.1929,0.3463,0.0339
urn:cts:greekLit:tlg5026.e3.hmt:8.217	urn:cite:hmt:e3bifolio.E3_104v_105r@0.1217,0.2087,0.3263,0.0339
urn:cts:greekLit:tlg5026.e3.hmt:8.218	urn:cite:hmt:e3bifolio.E3_104v_105r@0.1229,0.2533,0.114,0.0832
urn:cts:greekLit:tlg5026.e3.hmt:8.219	urn:cite:hmt:e3bifolio.E3_104v_105r@0.1243,0.3931,0.3471,0.3528
urn:cts:greekLit:tlg5026.e3.hmt:8.220	urn:cite:hmt:e3bifolio.E3_104v_105r@0.1251,0.7252,0.3446,0.084
urn:cts:greekLit:tlg5026.e3.hmt:8.230	urn:cite:hmt:e3bifolio.E3_104v_105r@0.5026,0.1316,0.3454,0.0532
urn:cts:greekLit:tlg5026.e3.hmt:8.231	urn:cite:hmt:e3bifolio.E3_104v_105r@0.5029,0.1522,0.3371,0.0579
urn:cts:greekLit:tlg5026.e3.hmt:8.232	urn:cite:hmt:e3bifolio.E3_104v_105r@0.5034,0.1843,0.3563,0.0823
urn:cts:greekLit:tlg5026.e3.hmt:8.233	urn:cite:hmt:e3bifolio.E3_104v_105r@0.7351,0.2486,0.1254,0.0686
urn:cts:greekLit:tlg5026.e3.hmt:8.234	urn:cite:hmt:e3bifolio.E3_104v_105r@0.7274,0.3039,0.1171,0.0699
urn:cts:greekLit:tlg5026.e3.hmt:8.235	urn:cite:hmt:e3bifolio.E3_104v_105r@0.7354,0.3485,0.1254,0.1102
urn:cts:greekLit:tlg5026.e3.hmt:8.236	urn:cite:hmt:e3bifolio.E3_104v_105r@0.7271,0.4046,0.1174,0.1084
urn:cts:greekLit:tlg5026.e3.hmt:8.237	urn:cite:hmt:e3bifolio.E3_104v_105r@0.726,0.5126,0.1131,0.1286
urn:cts:greekLit:tlg5026.e3.hmt:8.238	urn:cite:hmt:e3bifolio.E3_104v_105r@0.5077,0.6237,0.3431,0.1132
urn:cts:greekLit:tlg5026.e3.hmt:8.239	urn:cite:hmt:e3bifolio.E3_104v_105r@0.5049,0.7077,0.346,0.0429
urn:cts:greekLit:tlg5026.e3.hmt:8.240	urn:cite:hmt:e3bifolio.E3_104v_105r@0.5046,0.7227,0.3297,0.0403
urn:cts:greekLit:tlg5026.e3.hmt:8.241	urn:cite:hmt:e3bifolio.E3_104v_105r@0.5023,0.736,0.3351,0.0896
urn:cts:greekLit:tlg5026.e3.hmt:8.242	urn:cite:hmt:e3bifolio.E3_104v_105r@0.4986,0.7977,0.2369,0.0467
urn:cts:greekLit:tlg5026.e3.hmt:8.254	urn:cite:hmt:e3bifolio.E3_105v_106r@0.1289,0.087,0.3726,0.1547
urn:cts:greekLit:tlg5026.e3.hmt:8.255	urn:cite:hmt:e3bifolio.E3_105v_106r@0.2289,0.1444,0.2417,0.0596
urn:cts:greekLit:tlg5026.e3.hmt:8.256	urn:cite:hmt:e3bifolio.E3_105v_106r@0.2263,0.1813,0.246,0.0502
urn:cts:greekLit:tlg5026.e3.hmt:8.257	urn:cite:hmt:e3bifolio.E3_105v_106r@0.1351,0.231,0.1123,0.0592
urn:cts:greekLit:tlg5026.e3.hmt:8.258	urn:cite:hmt:e3bifolio.E3_105v_106r@0.1211,0.2713,0.1371,0.1239
urn:cts:greekLit:tlg5026.e3.hmt:8.259	urn:cite:hmt:e3bifolio.E3_105v_106r@0.1243,0.3785,0.13,0.0844
urn:cts:greekLit:tlg5026.e3.hmt:8.260	urn:cite:hmt:e3bifolio.E3_105v_106r@0.1363,0.4359,0.1249,0.0699
urn:cts:greekLit:tlg5026.e3.hmt:8.261	urn:cite:hmt:e3bifolio.E3_105v_106r@0.1197,0.4818,0.1331,0.2212
urn:cts:greekLit:tlg5026.e3.hmt:8.262	urn:cite:hmt:e3bifolio.E3_105v_106r@0.1294,0.5748,0.1226,0.1046
urn:cts:greekLit:tlg5026.e3.hmt:8.263	urn:cite:hmt:e3bifolio.E3_105v_106r@0.2357,0.6704,0.2463,0.0321
urn:cts:greekLit:tlg5026.e3.hmt:8.264	urn:cite:hmt:e3bifolio.E3_105v_106r@0.2326,0.6897,0.242,0.0707
urn:cts:greekLit:tlg5026.e3.hmt:8.276	urn:cite:hmt:e3bifolio.E3_105v_106r@0.5103,0.132,0.2609,0.054
urn:cts:greekLit:tlg5026.e3.hmt:8.277	urn:cite:hmt:e3bifolio.E3_105v_106r@0.5089,0.1599,0.2669,0.0707
urn:cts:greekLit:tlg5026.e3.hmt:8.278	urn:cite:hmt:e3bifolio.E3_105v_106r@0.7349,0.2366,0.116,0.0699
urn:cts:greekLit:tlg5026.e3.hmt:8.279	urn:cite:hmt:e3bifolio.E3_105v_106r@0.7346,0.3292,0.094,0.0364
urn:cts:greekLit:tlg5026.e3.hmt:8.280	urn:cite:hmt:e3bifolio.E3_105v_106r@0.7334,0.3648,0.1266,0.0609
urn:cts:greekLit:tlg5026.e3.hmt:8.281	urn:cite:hmt:e3bifolio.E3_105v_106r@0.7314,0.4145,0.1149,0.0737
urn:cts:greekLit:tlg5026.e3.hmt:8.282	urn:cite:hmt:e3bifolio.E3_105v_106r@0.7363,0.4668,0.1237,0.1114
urn:cts:greekLit:tlg5026.e3.hmt:8.283	urn:cite:hmt:e3bifolio.E3_105v_106r@0.7323,0.5632,0.1169,0.0763
urn:cts:greekLit:tlg5026.e3.hmt:8.284	urn:cite:hmt:e3bifolio.E3_105v_106r@0.7334,0.6194,0.1226,0.1204
urn:cts:greekLit:tlg5026.e3.hmt:8.285	urn:cite:hmt:e3bifolio.E3_105v_106r@0.5106,0.6554,0.2257,0.0566
urn:cts:greekLit:tlg5026.e3.hmt:8.286	urn:cite:hmt:e3bifolio.E3_105v_106r@0.5069,0.6845,0.222,0.0604
urn:cts:greekLit:tlg5026.e3.hmt:8.301	urn:cite:hmt:e3bifolio.E3_106v_107r@0.1809,0.135,0.3349,0.0454
urn:cts:greekLit:tlg5026.e3.hmt:8.302	urn:cite:hmt:e3bifolio.E3_106v_107r@0.1891,0.1539,0.3331,0.0652
urn:cts:greekLit:tlg5026.e3.hmt:8.303	urn:cite:hmt:e3bifolio.E3_106v_107r@0.1783,0.1916,0.334,0.1787
urn:cts:greekLit:tlg5026.e3.hmt:8.304	urn:cite:hmt:e3bifolio.E3_106v_107r@0.1717,0.4171,0.1211,0.144
urn:cts:greekLit:tlg5026.e3.hmt:8.305	urn:cite:hmt:e3bifolio.E3_106v_107r@0.174,0.5774,0.1137,0.0763
urn:cts:greekLit:tlg5026.e3.hmt:8.306	urn:cite:hmt:e3bifolio.E3_106v_107r@0.1751,0.6417,0.1017,0.0514
urn:cts:greekLit:tlg5026.e3.hmt:8.307	urn:cite:hmt:e3bifolio.E3_106v_107r@0.1746,0.6794,0.3414,0.0489
urn:cts:greekLit:tlg5026.e3.hmt:8.308	urn:cite:hmt:e3bifolio.E3_106v_107r@0.1897,0.6957,0.3269,0.0724
urn:cts:greekLit:tlg5026.e3.hmt:8.309	urn:cite:hmt:e3bifolio.E3_106v_107r@0.1911,0.7364,0.3294,0.0471
urn:cts:greekLit:tlg5026.e3.hmt:8.310	urn:cite:hmt:e3bifolio.E3_106v_107r@0.1917,0.751,0.3257,0.0484
urn:cts:greekLit:tlg5026.e3.hmt:8.311	urn:cite:hmt:e3bifolio.E3_106v_107r@0.1897,0.76,0.3211,0.0647
urn:cts:greekLit:tlg5026.e3.hmt:8.319	urn:cite:hmt:e3bifolio.E3_106v_107r@0.5537,0.1852,0.2497,0.0424
urn:cts:greekLit:tlg5026.e3.hmt:8.320	urn:cite:hmt:e3bifolio.E3_106v_107r@0.7354,0.2006,0.1763,0.042
urn:cts:greekLit:tlg5026.e3.hmt:8.321	urn:cite:hmt:e3bifolio.E3_106v_107r@0.5551,0.2126,0.2554,0.03
urn:cts:greekLit:tlg5026.e3.hmt:8.322	urn:cite:hmt:e3bifolio.E3_106v_107r@0.5609,0.2263,0.2409,0.0416
urn:cts:greekLit:tlg5026.e3.hmt:8.323	urn:cite:hmt:e3bifolio.E3_106v_107r@0.7863,0.2362,0.1171,0.0827
urn:cts:greekLit:tlg5026.e3.hmt:8.324	urn:cite:hmt:e3bifolio.E3_106v_107r@0.7897,0.294,0.1217,0.0866
urn:cts:greekLit:tlg5026.e3.hmt:8.325	urn:cite:hmt:e3bifolio.E3_106v_107r@0.7843,0.3673,0.1294,0.0416
urn:cts:greekLit:tlg5026.e3.hmt:8.326	urn:cite:hmt:e3bifolio.E3_106v_107r@0.7811,0.3819,0.126,0.0489
urn:cts:greekLit:tlg5026.e3.hmt:8.327	urn:cite:hmt:e3bifolio.E3_106v_107r@0.7811,0.3819,0.126,0.0489
urn:cts:greekLit:tlg5026.e3.hmt:8.328	urn:cite:hmt:e3bifolio.E3_106v_107r@0.7914,0.4295,0.1171,0.0754
urn:cts:greekLit:tlg5026.e3.hmt:8.329	urn:cite:hmt:e3bifolio.E3_106v_107r@0.7817,0.5259,0.124,0.102
urn:cts:greekLit:tlg5026.e3.hmt:8.330	urn:cite:hmt:e3bifolio.E3_106v_107r@0.7811,0.6095,0.1289,0.1809
urn:cts:greekLit:tlg5026.e3.hmt:8.331	urn:cite:hmt:e3bifolio.E3_106v_107r@0.5529,0.6708,0.2323,0.1016
urn:cts:greekLit:tlg5026.e3.hmt:8.343	urn:cite:hmt:e3bifolio.E3_107v_108r@0.1406,0.195,0.3366,0.0334
urn:cts:greekLit:tlg5026.e3.hmt:8.344	urn:cite:hmt:e3bifolio.E3_107v_108r@0.1409,0.216,0.2714,0.024
urn:cts:greekLit:tlg5026.e3.hmt:8.345	urn:cite:hmt:e3bifolio.E3_107v_108r@0.1394,0.2289,0.2197,0.0261
urn:cts:greekLit:tlg5026.e3.hmt:8.346	urn:cite:hmt:e3bifolio.E3_107v_108r@0.3471,0.2177,0.1089,0.0347
urn:cts:greekLit:tlg5026.e3.hmt:8.347	urn:cite:hmt:e3bifolio.E3_107v_108r@0.1389,0.2375,0.3457,0.0836
urn:cts:greekLit:tlg5026.e3.hmt:8.348	urn:cite:hmt:e3bifolio.E3_107v_108r@0.1463,0.3789,0.1094,0.0446
urn:cts:greekLit:tlg5026.e3.hmt:8.349	urn:cite:hmt:e3bifolio.E3_107v_108r@0.1389,0.4119,0.1194,0.0707
urn:cts:greekLit:tlg5026.e3.hmt:8.350	urn:cite:hmt:e3bifolio.E3_107v_108r@0.136,0.4681,0.1297,0.12
urn:cts:greekLit:tlg5026.e3.hmt:8.351	urn:cite:hmt:e3bifolio.E3_107v_108r@0.136,0.5645,0.1194,0.1269
urn:cts:greekLit:tlg5026.e3.hmt:8.352	urn:cite:hmt:e3bifolio.E3_107v_108r@0.148,0.6652,0.2097,0.0463
urn:cts:greekLit:tlg5026.e3.hmt:8.353	urn:cite:hmt:e3bifolio.E3_107v_108r@0.138,0.7008,0.354,0.057
urn:cts:greekLit:tlg5026.e3.hmt:8.354	urn:cite:hmt:e3bifolio.E3_107v_108r@0.1531,0.718,0.334,0.0493
urn:cts:greekLit:tlg5026.e3.hmt:8.355	urn:cite:hmt:e3bifolio.E3_107v_108r@0.1383,0.7492,0.3503,0.0493
urn:cts:greekLit:tlg5026.e3.hmt:8.356	urn:cite:hmt:e3bifolio.E3_107v_108r@0.1511,0.7557,0.3446,0.054
urn:cts:greekLit:tlg5026.e3.hmt:8.367	urn:cite:hmt:e3bifolio.E3_107v_108r@0.52,0.1989,0.2314,0.0549
urn:cts:greekLit:tlg5026.e3.hmt:8.368	urn:cite:hmt:e3bifolio.E3_107v_108r@0.5306,0.2152,0.2403,0.0484
urn:cts:greekLit:tlg5026.e3.hmt:8.369	urn:cite:hmt:e3bifolio.E3_107v_108r@0.5203,0.2426,0.348,0.0956
urn:cts:greekLit:tlg5026.e3.hmt:8.370	urn:cite:hmt:e3bifolio.E3_107v_108r@0.7431,0.3283,0.1337,0.0819
urn:cts:greekLit:tlg5026.e3.hmt:8.371	urn:cite:hmt:e3bifolio.E3_107v_108r@0.746,0.3991,0.1309,0.0844
urn:cts:greekLit:tlg5026.e3.hmt:8.372	urn:cite:hmt:e3bifolio.E3_107v_108r@0.7586,0.4668,0.112,0.0399
urn:cts:greekLit:tlg5026.e3.hmt:8.373	urn:cite:hmt:e3bifolio.E3_107v_108r@0.746,0.5637,0.1151,0.0862
urn:cts:greekLit:tlg5026.e3.hmt:8.374	urn:cite:hmt:e3bifolio.E3_107v_108r@0.758,0.6339,0.1143,0.1457
urn:cts:greekLit:tlg5026.e3.hmt:8.375	urn:cite:hmt:e3bifolio.E3_107v_108r@0.5197,0.703,0.2306,0.069
urn:cts:greekLit:tlg5026.e3.hmt:8.376	urn:cite:hmt:e3bifolio.E3_107v_108r@0.5191,0.7458,0.2606,0.0373
urn:cts:greekLit:tlg5026.e3.hmt:8.384	urn:cite:hmt:e3bifolio.E3_108v_109r@0.1131,0.1307,0.344,0.0467
urn:cts:greekLit:tlg5026.e3.hmt:8.385	urn:cite:hmt:e3bifolio.E3_108v_109r@0.1109,0.1492,0.3491,0.0429
urn:cts:greekLit:tlg5026.e3.hmt:8.386	urn:cite:hmt:e3bifolio.E3_108v_109r@0.3154,0.165,0.1617,0.069
urn:cts:greekLit:tlg5026.e3.hmt:8.387	urn:cite:hmt:e3bifolio.E3_108v_109r@0.11,0.1723,0.3169,0.0399
urn:cts:greekLit:tlg5026.e3.hmt:8.388	urn:cite:hmt:e3bifolio.E3_108v_109r@0.1069,0.2079,0.1149,0.0459
urn:cts:greekLit:tlg5026.e3.hmt:8.389	urn:cite:hmt:e3bifolio.E3_108v_109r@0.0997,0.2383,0.1331,0.2666
urn:cts:greekLit:tlg5026.e3.hmt:8.390	urn:cite:hmt:e3bifolio.E3_108v_109r@0.1091,0.3918,0.1129,0.1333
urn:cts:greekLit:tlg5026.e3.hmt:8.391	urn:cite:hmt:e3bifolio.E3_108v_109r@0.1057,0.4938,0.1297,0.1346
urn:cts:greekLit:tlg5026.e3.hmt:8.392	urn:cite:hmt:e3bifolio.E3_108v_109r@0.106,0.6035,0.3631,0.06
urn:cts:greekLit:tlg5026.e3.hmt:8.393	urn:cite:hmt:e3bifolio.E3_108v_109r@0.1029,0.6374,0.346,0.078
urn:cts:greekLit:tlg5026.e3.hmt:8.394	urn:cite:hmt:e3bifolio.E3_108v_109r@0.2206,0.6871,0.1951,0.0291
urn:cts:greekLit:tlg5026.e3.hmt:8.406	urn:cite:hmt:e3bifolio.E3_108v_109r@0.4923,0.1346,0.1637,0.0347
urn:cts:greekLit:tlg5026.e3.hmt:8.407	urn:cite:hmt:e3bifolio.E3_108v_109r@0.5066,0.123,0.258,0.0737
urn:cts:greekLit:tlg5026.e3.hmt:8.408	urn:cite:hmt:e3bifolio.E3_108v_109r@0.6774,0.1577,0.1571,0.0429
urn:cts:greekLit:tlg5026.e3.hmt:8.409	urn:cite:hmt:e3bifolio.E3_108v_109r@0.7183,0.2216,0.1126,0.0986
urn:cts:greekLit:tlg5026.e3.hmt:8.410	urn:cite:hmt:e3bifolio.E3_108v_109r@0.7246,0.3056,0.1189,0.0643
urn:cts:greekLit:tlg5026.e3.hmt:8.411	urn:cite:hmt:e3bifolio.E3_108v_109r@0.7194,0.3712,0.13,0.2066
urn:cts:greekLit:tlg5026.e3.hmt:8.412	urn:cite:hmt:e3bifolio.E3_108v_109r@0.72,0.4651,0.1151,0.0763
urn:cts:greekLit:tlg5026.e3.hmt:8.413	urn:cite:hmt:e3bifolio.E3_108v_109r@0.7314,0.5624,0.0654,0.0274
urn:cts:greekLit:tlg5026.e3.hmt:8.414	urn:cite:hmt:e3bifolio.E3_108v_109r@0.7211,0.5692,0.1306,0.246
urn:cts:greekLit:tlg5026.e3.hmt:8.415	urn:cite:hmt:e3bifolio.E3_108v_109r@0.4949,0.6292,0.344,0.0562
urn:cts:greekLit:tlg5026.e3.hmt:8.416	urn:cite:hmt:e3bifolio.E3_108v_109r@0.4914,0.6554,0.3297,0.0596

urn:cts:greekLit:tlg5026.e3.hmt:8.2	urn:cite:hmt:e3bifolio.E3_97bisv_98r@0.5267,0.314,0.0103,0.022
urn:cts:greekLit:tlg5026.e3.hmt:8.3	urn:cite:hmt:e3bifolio.E3_97bisv_98r@0.516,0.336,0.011,0.0175
urn:cts:greekLit:tlg5026.e3.hmt:8.4	urn:cite:hmt:e3bifolio.E3_97bisv_98r@0.6497,0.3345,0.0137,0.0195
urn:cts:greekLit:tlg5026.e3.hmt:8.5	urn:cite:hmt:e3bifolio.E3_97bisv_98r@0.6387,0.368,0.0127,0.0205
urn:cts:greekLit:tlg5026.e3.hmt:8.6	urn:cite:hmt:e3bifolio.E3_97bisv_98r@0.5767,0.3835,0.014,0.0205
urn:cts:greekLit:tlg5026.e3.hmt:8.7	urn:cite:hmt:e3bifolio.E3_97bisv_98r@0.5893,0.4165,0.0127,0.021
urn:cts:greekLit:tlg5026.e3.hmt:8.8	urn:cite:hmt:e3bifolio.E3_97bisv_98r@0.626,0.4185,0.0137,0.021
urn:cts:greekLit:tlg5026.e3.hmt:8.9	urn:cite:hmt:e3bifolio.E3_97bisv_98r@0.574,0.4325,0.014,0.024
urn:cts:greekLit:tlg5026.e3.hmt:8.10	urn:cite:hmt:e3bifolio.E3_97bisv_98r@0.5807,0.4505,0.0117,0.019
urn:cts:greekLit:tlg5026.e3.hmt:8.11	urn:cite:hmt:e3bifolio.E3_97bisv_98r@0.517,0.4675,0.0133,0.018
urn:cts:greekLit:tlg5026.e3.hmt:8.12	urn:cite:hmt:e3bifolio.E3_97bisv_98r@0.5293,0.498,0.0093,0.0185
urn:cts:greekLit:tlg5026.e3.hmt:8.13	urn:cite:hmt:e3bifolio.E3_97bisv_98r@0.6217,0.5205,0.0163,0.0225
urn:cts:greekLit:tlg5026.e3.hmt:8.14	urn:cite:hmt:e3bifolio.E3_97bisv_98r@0.6837,0.5385,0.0203,0.0235
urn:cts:greekLit:tlg5026.e3.hmt:8.15	urn:cite:hmt:e3bifolio.E3_97bisv_98r@0.5787,0.5505,0.0157,0.0205
urn:cts:greekLit:tlg5026.e3.hmt:8.16	urn:cite:hmt:e3bifolio.E3_97bisv_98r@0.5787,0.5505,0.0157,0.0205
urn:cts:greekLit:tlg5026.e3.hmt:8.17	urn:cite:hmt:e3bifolio.E3_97bisv_98r@0.5713,0.6015,0.015,0.0195
urn:cts:greekLit:tlg5026.e3.hmt:8.18	urn:cite:hmt:e3bifolio.E3_97bisv_98r@0.527,0.63,0.0127,0.0215
urn:cts:greekLit:tlg5026.e3.hmt:8.20	urn:cite:hmt:e3bifolio.E3_98v_99r@0.3066,0.2319,0.0149,0.0253
urn:cts:greekLit:tlg5026.e3.hmt:8.21	urn:cite:hmt:e3bifolio.E3_98v_99r@0.3157,0.2726,0.0109,0.0193
urn:cts:greekLit:tlg5026.e3.hmt:8.22	urn:cite:hmt:e3bifolio.E3_98v_99r@0.4003,0.2919,0.0109,0.0201
urn:cts:greekLit:tlg5026.e3.hmt:8.23	urn:cite:hmt:e3bifolio.E3_98v_99r@0.3549,0.3249,0.0151,0.0197
urn:cts:greekLit:tlg5026.e3.hmt:8.24	urn:cite:hmt:e3bifolio.E3_98v_99r@0.3889,0.3746,0.0114,0.021
urn:cts:greekLit:tlg5026.e3.hmt:8.25	urn:cite:hmt:e3bifolio.E3_98v_99r@0.274,0.3922,0.0114,0.021
urn:cts:greekLit:tlg5026.e3.hmt:8.26	urn:cite:hmt:e3bifolio.E3_98v_99r@0.3449,0.4265,0.0111,0.018
urn:cts:greekLit:tlg5026.e3.hmt:8.27	urn:cite:hmt:e3bifolio.E3_98v_99r@0.3246,0.4423,0.0103,0.0184
urn:cts:greekLit:tlg5026.e3.hmt:8.28	urn:cite:hmt:e3bifolio.E3_98v_99r@0.29,0.4771,0.0117,0.0193
urn:cts:greekLit:tlg5026.e3.hmt:8.29	urn:cite:hmt:e3bifolio.E3_98v_99r@0.3197,0.5276,0.0103,0.0189
urn:cts:greekLit:tlg5026.e3.hmt:8.30	urn:cite:hmt:e3bifolio.E3_98v_99r@0.2977,0.5461,0.0157,0.0163
urn:cts:greekLit:tlg5026.e3.hmt:8.31	urn:cite:hmt:e3bifolio.E3_98v_99r@0.3671,0.5611,0.014,0.018
urn:cts:greekLit:tlg5026.e3.hmt:8.32	urn:cite:hmt:e3bifolio.E3_98v_99r@0.2814,0.5915,0.0157,0.0206
urn:cts:greekLit:tlg5026.e3.hmt:8.33	urn:cite:hmt:e3bifolio.E3_98v_99r@0.4374,0.6404,0.0166,0.0189
urn:cts:greekLit:tlg5026.e3.hmt:8.37	urn:cite:hmt:e3bifolio.E3_98v_99r@0.5249,0.2327,0.0154,0.0236
urn:cts:greekLit:tlg5026.e3.hmt:8.38	urn:cite:hmt:e3bifolio.E3_98v_99r@0.6577,0.3078,0.0126,0.0189
urn:cts:greekLit:tlg5026.e3.hmt:8.39	urn:cite:hmt:e3bifolio.E3_98v_99r@0.5529,0.3918,0.0134,0.0193
urn:cts:greekLit:tlg5026.e3.hmt:8.40	urn:cite:hmt:e3bifolio.E3_98v_99r@0.6677,0.4985,0.0134,0.021
urn:cts:greekLit:tlg5026.e3.hmt:8.41	urn:cite:hmt:e3bifolio.E3_98v_99r@0.5583,0.5577,0.0117,0.0197
urn:cts:greekLit:tlg5026.e3.hmt:8.42	urn:cite:hmt:e3bifolio.E3_98v_99r@0.5851,0.5937,0.0129,0.0201
urn:cts:greekLit:tlg5026.e3.hmt:8.43	urn:cite:hmt:e3bifolio.E3_98v_99r@0.6389,0.6155,0.01,0.0189
urn:cts:greekLit:tlg5026.e3.hmt:8.44	urn:cite:hmt:e3bifolio.E3_98v_99r@0.5754,0.6275,0.0151,0.0193
urn:cts:greekLit:tlg5026.e3.hmt:8.47	urn:cite:hmt:e3bifolio.E3_99v_100r@0.4351,0.3086,0.0106,0.015
urn:cts:greekLit:tlg5026.e3.hmt:8.48	urn:cite:hmt:e3bifolio.E3_99v_100r@0.2646,0.3232,0.0106,0.0193
urn:cts:greekLit:tlg5026.e3.hmt:8.49	urn:cite:hmt:e3bifolio.E3_99v_100r@0.2914,0.3733,0.0109,0.0184
urn:cts:greekLit:tlg5026.e3.hmt:8.50	urn:cite:hmt:e3bifolio.E3_99v_100r@0.3314,0.3901,0.014,0.0184
urn:cts:greekLit:tlg5026.e3.hmt:8.51	urn:cite:hmt:e3bifolio.E3_99v_100r@0.3106,0.4239,0.0117,0.018
urn:cts:greekLit:tlg5026.e3.hmt:8.52	urn:cite:hmt:e3bifolio.E3_99v_100r@0.4074,0.4393,0.0106,0.0193
urn:cts:greekLit:tlg5026.e3.hmt:8.53	urn:cite:hmt:e3bifolio.E3_99v_100r@0.2649,0.4758,0.0117,0.0167
urn:cts:greekLit:tlg5026.e3.hmt:8.54	urn:cite:hmt:e3bifolio.E3_99v_100r@0.3746,0.4891,0.0114,0.018
urn:cts:greekLit:tlg5026.e3.hmt:8.55	urn:cite:hmt:e3bifolio.E3_99v_100r@0.2949,0.5585,0.0169,0.0189
urn:cts:greekLit:tlg5026.e3.hmt:8.56	urn:cite:hmt:e3bifolio.E3_99v_100r@0.4111,0.6228,0.012,0.0193
urn:cts:greekLit:tlg5026.e3.hmt:8.57	urn:cite:hmt:e3bifolio.E3_99v_100r@0.436,0.6352,0.0143,0.0184
urn:cts:greekLit:tlg5026.e3.hmt:8.58	urn:cite:hmt:e3bifolio.E3_99v_100r@0.4049,0.6541,0.0146,0.0201
urn:cts:greekLit:tlg5026.e3.hmt:8.59	urn:cite:hmt:e3bifolio.E3_99v_100r@0.394,0.6717,0.0157,0.0201
urn:cts:greekLit:tlg5026.e3.hmt:8.62	urn:cite:hmt:e3bifolio.E3_99v_100r@0.5677,0.3262,0.0174,0.0206
urn:cts:greekLit:tlg5026.e3.hmt:8.63	urn:cite:hmt:e3bifolio.E3_99v_100r@0.5154,0.3943,0.0123,0.0206
urn:cts:greekLit:tlg5026.e3.hmt:8.64	urn:cite:hmt:e3bifolio.E3_99v_100r@0.5557,0.4273,0.0123,0.021
urn:cts:greekLit:tlg5026.e3.hmt:8.65	urn:cite:hmt:e3bifolio.E3_99v_100r@0.502,0.4441,0.012,0.0201
urn:cts:greekLit:tlg5026.e3.hmt:8.66	urn:cite:hmt:e3bifolio.E3_99v_100r@0.5114,0.5088,0.0123,0.0201
urn:cts:greekLit:tlg5026.e3.hmt:8.67	urn:cite:hmt:e3bifolio.E3_99v_100r@0.5511,0.5615,0.0154,0.0189
urn:cts:greekLit:tlg5026.e3.hmt:8.68	urn:cite:hmt:e3bifolio.E3_99v_100r@0.5311,0.6117,0.0129,0.0184
urn:cts:greekLit:tlg5026.e3.hmt:8.69	urn:cite:hmt:e3bifolio.E3_99v_100r@0.5474,0.6279,0.0197,0.0206
urn:cts:greekLit:tlg5026.e3.hmt:8.70	urn:cite:hmt:e3bifolio.E3_99v_100r@0.6086,0.6485,0.0131,0.0201
urn:cts:greekLit:tlg5026.e3.hmt:8.71	urn:cite:hmt:e3bifolio.E3_99v_100r@0.5517,0.6618,0.0131,0.0214
urn:cts:greekLit:tlg5026.e3.hmt:8.72	urn:cite:hmt:e3bifolio.E3_100v_101r@0.346,0.2426,0.0117,0.018
urn:cts:greekLit:tlg5026.e3.hmt:8.73	urn:cite:hmt:e3bifolio.E3_100v_101r@0.3423,0.2765,0.0126,0.0201
urn:cts:greekLit:tlg5026.e3.hmt:8.74	urn:cite:hmt:e3bifolio.E3_100v_101r@0.3691,0.2945,0.012,0.0189
urn:cts:greekLit:tlg5026.e3.hmt:8.75	urn:cite:hmt:e3bifolio.E3_100v_101r@0.3831,0.3279,0.0174,0.0206
urn:cts:greekLit:tlg5026.e3.hmt:8.76	urn:cite:hmt:e3bifolio.E3_100v_101r@0.378,0.3973,0.0106,0.0171
urn:cts:greekLit:tlg5026.e3.hmt:8.77	urn:cite:hmt:e3bifolio.E3_100v_101r@0.2789,0.4128,0.0114,0.0163
urn:cts:greekLit:tlg5026.e3.hmt:8.78	urn:cite:hmt:e3bifolio.E3_100v_101r@0.3291,0.4642,0.0123,0.0176
urn:cts:greekLit:tlg5026.e3.hmt:8.79	urn:cite:hmt:e3bifolio.E3_100v_101r@0.2531,0.4788,0.0123,0.0176
urn:cts:greekLit:tlg5026.e3.hmt:8.80	urn:cite:hmt:e3bifolio.E3_100v_101r@0.3037,0.5156,0.0123,0.0176
urn:cts:greekLit:tlg5026.e3.hmt:8.81	urn:cite:hmt:e3bifolio.E3_100v_101r@0.3543,0.5499,0.0123,0.0176
urn:cts:greekLit:tlg5026.e3.hmt:8.82	urn:cite:hmt:e3bifolio.E3_100v_101r@0.3623,0.5649,0.0123,0.0176
urn:cts:greekLit:tlg5026.e3.hmt:8.83	urn:cite:hmt:e3bifolio.E3_100v_101r@0.2731,0.5979,0.0123,0.0176
urn:cts:greekLit:tlg5026.e3.hmt:8.84	urn:cite:hmt:e3bifolio.E3_100v_101r@0.4337,0.6125,0.0123,0.0176
urn:cts:greekLit:tlg5026.e3.hmt:8.87	urn:cite:hmt:e3bifolio.E3_100v_101r@0.5443,0.225,0.0151,0.0231
urn:cts:greekLit:tlg5026.e3.hmt:8.88	urn:cite:hmt:e3bifolio.E3_100v_101r@0.5249,0.2696,0.0143,0.0163
urn:cts:greekLit:tlg5026.e3.hmt:8.89	urn:cite:hmt:e3bifolio.E3_100v_101r@0.5249,0.3026,0.0117,0.0184
urn:cts:greekLit:tlg5026.e3.hmt:8.90	urn:cite:hmt:e3bifolio.E3_100v_101r@0.6577,0.3356,0.0111,0.0197
urn:cts:greekLit:tlg5026.e3.hmt:8.91	urn:cite:hmt:e3bifolio.E3_100v_101r@0.5114,0.3686,0.0097,0.0201
urn:cts:greekLit:tlg5026.e3.hmt:8.92	urn:cite:hmt:e3bifolio.E3_100v_101r@0.5163,0.4016,0.0131,0.0189
urn:cts:greekLit:tlg5026.e3.hmt:8.93	urn:cite:hmt:e3bifolio.E3_100v_101r@0.6023,0.4569,0.0149,0.0184
urn:cts:greekLit:tlg5026.e3.hmt:8.94	urn:cite:hmt:e3bifolio.E3_100v_101r@0.6563,0.4938,0.0117,0.0193
urn:cts:greekLit:tlg5026.e3.hmt:8.96	urn:cite:hmt:e3bifolio.E3_100v_101r@0.6657,0.5649,0.0169,0.0193
urn:cts:greekLit:tlg5026.e3.hmt:8.98	urn:cite:hmt:e3bifolio.E3_100v_101r@0.548,0.5744,0.0169,0.0193
urn:cts:greekLit:tlg5026.e3.hmt:8.99	urn:cite:hmt:e3bifolio.E3_100v_101r@0.6223,0.6142,0.0169,0.0193
urn:cts:greekLit:tlg5026.e3.hmt:8.100	urn:cite:hmt:e3bifolio.E3_100v_101r@0.584,0.6232,0.0169,0.0193
urn:cts:greekLit:tlg5026.e3.hmt:8.103	urn:cite:hmt:e3bifolio.E3_101v_102r@0.403,0.2272,0.0123,0.0182
urn:cts:greekLit:tlg5026.e3.hmt:8.104	urn:cite:hmt:e3bifolio.E3_101v_102r@0.2587,0.2659,0.012,0.0216
urn:cts:greekLit:tlg5026.e3.hmt:8.105	urn:cite:hmt:e3bifolio.E3_101v_102r@0.317,0.3549,0.0123,0.021
urn:cts:greekLit:tlg5026.e3.hmt:8.106	urn:cite:hmt:e3bifolio.E3_101v_102r@0.31,0.3787,0.0123,0.021
urn:cts:greekLit:tlg5026.e3.hmt:8.107	urn:cite:hmt:e3bifolio.E3_101v_102r@0.322,0.4185,0.0123,0.021
urn:cts:greekLit:tlg5026.e3.hmt:8.108	urn:cite:hmt:e3bifolio.E3_101v_102r@0.3467,0.4854,0.0123,0.021
urn:cts:greekLit:tlg5026.e3.hmt:8.109	urn:cite:hmt:e3bifolio.E3_101v_102r@0.242,0.5495,0.0123,0.021
urn:cts:greekLit:tlg5026.e3.hmt:8.110	urn:cite:hmt:e3bifolio.E3_101v_102r@0.2647,0.5898,0.0123,0.021
urn:cts:greekLit:tlg5026.e3.hmt:8.111	urn:cite:hmt:e3bifolio.E3_101v_102r@0.2707,0.6993,0.0123,0.021
urn:cts:greekLit:tlg5026.e3.hmt:8.121	urn:cite:hmt:e3bifolio.E3_101v_102r@0.646,0.3029,0.0123,0.021
urn:cts:greekLit:tlg5026.e3.hmt:8.122	urn:cite:hmt:e3bifolio.E3_101v_102r@0.5597,0.3438,0.0123,0.021
urn:cts:greekLit:tlg5026.e3.hmt:8.123	urn:cite:hmt:e3bifolio.E3_101v_102r@0.5897,0.3858,0.0137,0.0205
urn:cts:greekLit:tlg5026.e3.hmt:8.124	urn:cite:hmt:e3bifolio.E3_101v_102r@0.577,0.429,0.013,0.0205
urn:cts:greekLit:tlg5026.e3.hmt:8.125	urn:cite:hmt:e3bifolio.E3_101v_102r@0.716,0.4555,0.013,0.0205
urn:cts:greekLit:tlg5026.e3.hmt:8.126	urn:cite:hmt:e3bifolio.E3_101v_102r@0.6627,0.4975,0.013,0.0205
urn:cts:greekLit:tlg5026.e3.hmt:8.127	urn:cite:hmt:e3bifolio.E3_101v_102r@0.5303,0.5108,0.013,0.0205
urn:cts:greekLit:tlg5026.e3.hmt:8.129	urn:cite:hmt:e3bifolio.E3_101v_102r@0.5667,0.5561,0.013,0.0205
urn:cts:greekLit:tlg5026.e3.hmt:8.130	urn:cite:hmt:e3bifolio.E3_101v_102r@0.6103,0.5799,0.013,0.0205
urn:cts:greekLit:tlg5026.e3.hmt:8.131	urn:cite:hmt:e3bifolio.E3_101v_102r@0.5707,0.6401,0.013,0.0205
urn:cts:greekLit:tlg5026.e3.hmt:8.145	urn:cite:hmt:e3bifolio.E3_102v_103r@0.278,0.2494,0.0123,0.0225
urn:cts:greekLit:tlg5026.e3.hmt:8.146	urn:cite:hmt:e3bifolio.E3_102v_103r@0.3058,0.2738,0.0113,0.018
urn:cts:greekLit:tlg5026.e3.hmt:8.147	urn:cite:hmt:e3bifolio.E3_102v_103r@0.3555,0.3263,0.0103,0.0191
urn:cts:greekLit:tlg5026.e3.hmt:8.148	urn:cite:hmt:e3bifolio.E3_102v_103r@0.3258,0.3788,0.014,0.0191
urn:cts:greekLit:tlg5026.e3.hmt:8.149	urn:cite:hmt:e3bifolio.E3_102v_103r@0.432,0.3953,0.009,0.0188
urn:cts:greekLit:tlg5026.e3.hmt:8.150	urn:cite:hmt:e3bifolio.E3_102v_103r@0.4043,0.4111,0.0095,0.0188
urn:cts:greekLit:tlg5026.e3.hmt:8.153	urn:cite:hmt:e3bifolio.E3_102v_103r@0.3063,0.4801,0.009,0.0199
urn:cts:greekLit:tlg5026.e3.hmt:8.155	urn:cite:hmt:e3bifolio.E3_102v_103r@0.2685,0.533,0.0107,0.0176
urn:cts:greekLit:tlg5026.e3.hmt:8.156	urn:cite:hmt:e3bifolio.E3_102v_103r@0.2813,0.4291,0.0158,0.0161
urn:cts:greekLit:tlg5026.e3.hmt:8.157	urn:cite:hmt:e3bifolio.E3_102v_103r@0.448,0.5859,0.0095,0.0158
urn:cts:greekLit:tlg5026.e3.hmt:8.159	urn:cite:hmt:e3bifolio.E3_102v_103r@0.3015,0.6354,0.0127,0.018
urn:cts:greekLit:tlg5026.e3.hmt:8.160	urn:cite:hmt:e3bifolio.E3_102v_103r@0.269,0.6523,0.0125,0.0188
urn:cts:greekLit:tlg5026.e3.hmt:8.171	urn:cite:hmt:e3bifolio.E3_102v_103r@0.658,0.2876,0.0131,0.0201
urn:cts:greekLit:tlg5026.e3.hmt:8.172	urn:cite:hmt:e3bifolio.E3_102v_103r@0.558,0.321,0.0143,0.021
urn:cts:greekLit:tlg5026.e3.hmt:8.173	urn:cite:hmt:e3bifolio.E3_102v_103r@0.5194,0.3386,0.016,0.0206
urn:cts:greekLit:tlg5026.e3.hmt:8.174	urn:cite:hmt:e3bifolio.E3_102v_103r@0.5491,0.3708,0.0137,0.0197
urn:cts:greekLit:tlg5026.e3.hmt:8.175	urn:cite:hmt:e3bifolio.E3_102v_103r@0.6234,0.3883,0.0129,0.0219
urn:cts:greekLit:tlg5026.e3.hmt:8.176	urn:cite:hmt:e3bifolio.E3_102v_103r@0.5326,0.4051,0.0143,0.0197
urn:cts:greekLit:tlg5026.e3.hmt:8.178	urn:cite:hmt:e3bifolio.E3_102v_103r@0.5646,0.4411,0.0171,0.0193
urn:cts:greekLit:tlg5026.e3.hmt:8.179	urn:cite:hmt:e3bifolio.E3_102v_103r@0.6614,0.4976,0.0111,0.0223
urn:cts:greekLit:tlg5026.e3.hmt:8.180	urn:cite:hmt:e3bifolio.E3_102v_103r@0.5714,0.5607,0.0154,0.0214
urn:cts:greekLit:tlg5026.e3.hmt:8.181	urn:cite:hmt:e3bifolio.E3_102v_103r@0.5383,0.6408,0.0151,0.021
urn:cts:greekLit:tlg5026.e3.hmt:8.188	urn:cite:hmt:e3bifolio.E3_103v_104r@0.3051,0.2413,0.0109,0.0201
urn:cts:greekLit:tlg5026.e3.hmt:8.189	urn:cite:hmt:e3bifolio.E3_103v_104r@0.2797,0.2598,0.0109,0.0201
urn:cts:greekLit:tlg5026.e3.hmt:8.190	urn:cite:hmt:e3bifolio.E3_103v_104r@0.342,0.3463,0.0109,0.0201
urn:cts:greekLit:tlg5026.e3.hmt:8.191	urn:cite:hmt:e3bifolio.E3_103v_104r@0.4631,0.4145,0.0109,0.0201
urn:cts:greekLit:tlg5026.e3.hmt:8.192	urn:cite:hmt:e3bifolio.E3_103v_104r@0.3151,0.4509,0.0109,0.0201
urn:cts:greekLit:tlg5026.e3.hmt:8.194	urn:cite:hmt:e3bifolio.E3_103v_104r@0.3546,0.4672,0.0109,0.0201
urn:cts:greekLit:tlg5026.e3.hmt:8.195	urn:cite:hmt:e3bifolio.E3_103v_104r@0.3817,0.4856,0.0109,0.0201
urn:cts:greekLit:tlg5026.e3.hmt:8.196	urn:cite:hmt:e3bifolio.E3_103v_104r@0.322,0.5015,0.0109,0.0201
urn:cts:greekLit:tlg5026.e3.hmt:8.197	urn:cite:hmt:e3bifolio.E3_103v_104r@0.3174,0.6219,0.0109,0.0201
urn:cts:greekLit:tlg5026.e3.hmt:8.203	urn:cite:hmt:e3bifolio.E3_103v_104r@0.652,0.2387,0.0106,0.0219
urn:cts:greekLit:tlg5026.e3.hmt:8.204	urn:cite:hmt:e3bifolio.E3_103v_104r@0.6103,0.2936,0.0106,0.0219
urn:cts:greekLit:tlg5026.e3.hmt:8.205	urn:cite:hmt:e3bifolio.E3_103v_104r@0.6794,0.3455,0.0106,0.0219
urn:cts:greekLit:tlg5026.e3.hmt:8.206	urn:cite:hmt:e3bifolio.E3_103v_104r@0.5477,0.4638,0.0106,0.0219
urn:cts:greekLit:tlg5026.e3.hmt:8.207	urn:cite:hmt:e3bifolio.E3_103v_104r@0.6117,0.4809,0.0151,0.018
urn:cts:greekLit:tlg5026.e3.hmt:8.209	urn:cite:hmt:e3bifolio.E3_103v_104r@0.5814,0.5504,0.0151,0.018
urn:cts:greekLit:tlg5026.e3.hmt:8.211	urn:cite:hmt:e3bifolio.E3_103v_104r@0.702,0.5744,0.0151,0.018
urn:cts:greekLit:tlg5026.e3.hmt:8.212	urn:cite:hmt:e3bifolio.E3_103v_104r@0.5377,0.5812,0.0151,0.018
urn:cts:greekLit:tlg5026.e3.hmt:8.214	urn:cite:hmt:e3bifolio.E3_104v_105r@0.2594,0.3841,0.01,0.0171
urn:cts:greekLit:tlg5026.e3.hmt:8.215	urn:cite:hmt:e3bifolio.E3_104v_105r@0.3483,0.3849,0.0131,0.0176
urn:cts:greekLit:tlg5026.e3.hmt:8.216	urn:cite:hmt:e3bifolio.E3_104v_105r@0.2926,0.4874,0.0131,0.0176
urn:cts:greekLit:tlg5026.e3.hmt:8.217	urn:cite:hmt:e3bifolio.E3_104v_105r@0.3583,0.5581,0.0131,0.0176
urn:cts:greekLit:tlg5026.e3.hmt:8.218	urn:cite:hmt:e3bifolio.E3_104v_105r@0.3143,0.5739,0.0131,0.0176
urn:cts:greekLit:tlg5026.e3.hmt:8.219	urn:cite:hmt:e3bifolio.E3_104v_105r@0.3334,0.6095,0.0131,0.0176
urn:cts:greekLit:tlg5026.e3.hmt:8.220	urn:cite:hmt:e3bifolio.E3_104v_105r@0.2574,0.6267,0.0131,0.0176
urn:cts:greekLit:tlg5026.e3.hmt:8.230	urn:cite:hmt:e3bifolio.E3_104v_105r@0.636,0.3048,0.01,0.0189
urn:cts:greekLit:tlg5026.e3.hmt:8.231	urn:cite:hmt:e3bifolio.E3_104v_105r@0.5926,0.3566,0.0117,0.0189
urn:cts:greekLit:tlg5026.e3.hmt:8.232	urn:cite:hmt:e3bifolio.E3_104v_105r@0.5534,0.3738,0.0109,0.0206
urn:cts:greekLit:tlg5026.e3.hmt:8.234	urn:cite:hmt:e3bifolio.E3_104v_105r@0.59,0.3926,0.0151,0.0189
urn:cts:greekLit:tlg5026.e3.hmt:8.236	urn:cite:hmt:e3bifolio.E3_104v_105r@0.5254,0.4089,0.0146,0.0184
urn:cts:greekLit:tlg5026.e3.hmt:8.237	urn:cite:hmt:e3bifolio.E3_104v_105r@0.5331,0.4252,0.0137,0.0184
urn:cts:greekLit:tlg5026.e3.hmt:8.238	urn:cite:hmt:e3bifolio.E3_104v_105r@0.562,0.4766,0.0151,0.0184
urn:cts:greekLit:tlg5026.e3.hmt:8.239	urn:cite:hmt:e3bifolio.E3_104v_105r@0.5411,0.5281,0.0106,0.0167
urn:cts:greekLit:tlg5026.e3.hmt:8.240	urn:cite:hmt:e3bifolio.E3_104v_105r@0.6391,0.5619,0.0134,0.0184
urn:cts:greekLit:tlg5026.e3.hmt:8.241	urn:cite:hmt:e3bifolio.E3_104v_105r@0.5737,0.5949,0.0151,0.0197
urn:cts:greekLit:tlg5026.e3.hmt:8.242	urn:cite:hmt:e3bifolio.E3_104v_105r@0.5597,0.6284,0.0134,0.0184
urn:cts:greekLit:tlg5026.e3.hmt:8.255	urn:cite:hmt:e3bifolio.E3_105v_106r@0.3249,0.2872,0.0129,0.0184
urn:cts:greekLit:tlg5026.e3.hmt:8.256	urn:cite:hmt:e3bifolio.E3_105v_106r@0.4049,0.3086,0.012,0.0184
urn:cts:greekLit:tlg5026.e3.hmt:8.257	urn:cite:hmt:e3bifolio.E3_105v_106r@0.326,0.3215,0.0097,0.0193
urn:cts:greekLit:tlg5026.e3.hmt:8.259	urn:cite:hmt:e3bifolio.E3_105v_106r@0.3183,0.342,0.0129,0.0167
urn:cts:greekLit:tlg5026.e3.hmt:8.262	urn:cite:hmt:e3bifolio.E3_105v_106r@0.3774,0.3755,0.0111,0.0176
urn:cts:greekLit:tlg5026.e3.hmt:8.263	urn:cite:hmt:e3bifolio.E3_105v_106r@0.3737,0.3931,0.0094,0.0189
urn:cts:greekLit:tlg5026.e3.hmt:8.264	urn:cite:hmt:e3bifolio.E3_105v_106r@0.2869,0.4582,0.0117,0.0197
urn:cts:greekLit:tlg5026.e3.hmt:8.276	urn:cite:hmt:e3bifolio.E3_105v_106r@0.6266,0.2782,0.01,0.0201
urn:cts:greekLit:tlg5026.e3.hmt:8.277	urn:cite:hmt:e3bifolio.E3_105v_106r@0.5706,0.3815,0.0149,0.0184
urn:cts:greekLit:tlg5026.e3.hmt:8.278	urn:cite:hmt:e3bifolio.E3_105v_106r@0.6629,0.5041,0.01,0.021
urn:cts:greekLit:tlg5026.e3.hmt:8.281	urn:cite:hmt:e3bifolio.E3_105v_106r@0.5586,0.5178,0.0134,0.0193
urn:cts:greekLit:tlg5026.e3.hmt:8.283	urn:cite:hmt:e3bifolio.E3_105v_106r@0.61,0.5354,0.014,0.0193
urn:cts:greekLit:tlg5026.e3.hmt:8.285	urn:cite:hmt:e3bifolio.E3_105v_106r@0.5477,0.5675,0.0117,0.0201
urn:cts:greekLit:tlg5026.e3.hmt:8.286	urn:cite:hmt:e3bifolio.E3_105v_106r@0.548,0.6009,0.0157,0.0189
urn:cts:greekLit:tlg5026.e3.hmt:8.301	urn:cite:hmt:e3bifolio.E3_106v_107r@0.46,0.2387,0.0114,0.018
urn:cts:greekLit:tlg5026.e3.hmt:8.302	urn:cite:hmt:e3bifolio.E3_106v_107r@0.35,0.3455,0.0114,0.018
urn:cts:greekLit:tlg5026.e3.hmt:8.303	urn:cite:hmt:e3bifolio.E3_106v_107r@0.3589,0.3849,0.0114,0.018
urn:cts:greekLit:tlg5026.e3.hmt:8.304	urn:cite:hmt:e3bifolio.E3_106v_107r@0.3374,0.4003,0.0123,0.0206
urn:cts:greekLit:tlg5026.e3.hmt:8.305	urn:cite:hmt:e3bifolio.E3_106v_107r@0.3586,0.4166,0.012,0.021
urn:cts:greekLit:tlg5026.e3.hmt:8.306	urn:cite:hmt:e3bifolio.E3_106v_107r@0.4034,0.4351,0.0123,0.0189
urn:cts:greekLit:tlg5026.e3.hmt:8.307	urn:cite:hmt:e3bifolio.E3_106v_107r@0.3891,0.4715,0.0123,0.0189
urn:cts:greekLit:tlg5026.e3.hmt:8.308	urn:cite:hmt:e3bifolio.E3_106v_107r@0.3403,0.4869,0.0123,0.0189
urn:cts:greekLit:tlg5026.e3.hmt:8.309	urn:cite:hmt:e3bifolio.E3_106v_107r@0.3594,0.5572,0.0123,0.0189
urn:cts:greekLit:tlg5026.e3.hmt:8.310	urn:cite:hmt:e3bifolio.E3_106v_107r@0.4111,0.5915,0.0123,0.0189
urn:cts:greekLit:tlg5026.e3.hmt:8.319	urn:cite:hmt:e3bifolio.E3_106v_107r@0.6326,0.2456,0.0157,0.0206
urn:cts:greekLit:tlg5026.e3.hmt:8.321	urn:cite:hmt:e3bifolio.E3_106v_107r@0.7406,0.264,0.0131,0.0189
urn:cts:greekLit:tlg5026.e3.hmt:8.323	urn:cite:hmt:e3bifolio.E3_106v_107r@0.6374,0.3356,0.0123,0.0159
urn:cts:greekLit:tlg5026.e3.hmt:8.326	urn:cite:hmt:e3bifolio.E3_106v_107r@0.612,0.3673,0.0174,0.0189
urn:cts:greekLit:tlg5026.e3.hmt:8.329	urn:cite:hmt:e3bifolio.E3_106v_107r@0.6083,0.4016,0.0117,0.0159
urn:cts:greekLit:tlg5026.e3.hmt:8.331	urn:cite:hmt:e3bifolio.E3_106v_107r@0.5809,0.6155,0.0117,0.0189
urn:cts:greekLit:tlg5026.e3.hmt:8.343	urn:cite:hmt:e3bifolio.E3_107v_108r@0.2763,0.3639,0.0114,0.0184
urn:cts:greekLit:tlg5026.e3.hmt:8.344	urn:cite:hmt:e3bifolio.E3_107v_108r@0.382,0.3789,0.0114,0.0184
urn:cts:greekLit:tlg5026.e3.hmt:8.345	urn:cite:hmt:e3bifolio.E3_107v_108r@0.3197,0.4483,0.0114,0.0184
urn:cts:greekLit:tlg5026.e3.hmt:8.347	urn:cite:hmt:e3bifolio.E3_107v_108r@0.3283,0.4814,0.0114,0.0184
urn:cts:greekLit:tlg5026.e3.hmt:8.349	urn:cite:hmt:e3bifolio.E3_107v_108r@0.3669,0.5667,0.0114,0.0184
urn:cts:greekLit:tlg5026.e3.hmt:8.351	urn:cite:hmt:e3bifolio.E3_107v_108r@0.3286,0.5851,0.0114,0.0184
urn:cts:greekLit:tlg5026.e3.hmt:8.353	urn:cite:hmt:e3bifolio.E3_107v_108r@0.2834,0.6005,0.0114,0.0184
urn:cts:greekLit:tlg5026.e3.hmt:8.354	urn:cite:hmt:e3bifolio.E3_107v_108r@0.3506,0.6172,0.0114,0.0184
urn:cts:greekLit:tlg5026.e3.hmt:8.355	urn:cite:hmt:e3bifolio.E3_107v_108r@0.3829,0.6635,0.0114,0.0184
urn:cts:greekLit:tlg5026.e3.hmt:8.367	urn:cite:hmt:e3bifolio.E3_107v_108r@0.6223,0.3168,0.0089,0.0167
urn:cts:greekLit:tlg5026.e3.hmt:8.368	urn:cite:hmt:e3bifolio.E3_107v_108r@0.6131,0.3339,0.0123,0.0189
urn:cts:greekLit:tlg5026.e3.hmt:8.369	urn:cite:hmt:e3bifolio.E3_107v_108r@0.5786,0.3982,0.0123,0.0189
urn:cts:greekLit:tlg5026.e3.hmt:8.371	urn:cite:hmt:e3bifolio.E3_107v_108r@0.6749,0.4839,0.0123,0.0189
urn:cts:greekLit:tlg5026.e3.hmt:8.373	urn:cite:hmt:e3bifolio.E3_107v_108r@0.5983,0.5169,0.0123,0.0189
urn:cts:greekLit:tlg5026.e3.hmt:8.375	urn:cite:hmt:e3bifolio.E3_107v_108r@0.5474,0.5825,0.0123,0.0189
urn:cts:greekLit:tlg5026.e3.hmt:8.376	urn:cite:hmt:e3bifolio.E3_107v_108r@0.6509,0.6515,0.0123,0.0189
urn:cts:greekLit:tlg5026.e3.hmt:8.384	urn:cite:hmt:e3bifolio.E3_108v_109r@0.2531,0.2838,0.014,0.0184
urn:cts:greekLit:tlg5026.e3.hmt:8.385	urn:cite:hmt:e3bifolio.E3_108v_109r@0.266,0.3009,0.014,0.0184
urn:cts:greekLit:tlg5026.e3.hmt:8.387	urn:cite:hmt:e3bifolio.E3_108v_109r@0.27,0.3528,0.014,0.0184
urn:cts:greekLit:tlg5026.e3.hmt:8.388	urn:cite:hmt:e3bifolio.E3_108v_109r@0.3377,0.3703,0.014,0.0184
urn:cts:greekLit:tlg5026.e3.hmt:8.390	urn:cite:hmt:e3bifolio.E3_108v_109r@0.264,0.4192,0.014,0.0184
urn:cts:greekLit:tlg5026.e3.hmt:8.393	urn:cite:hmt:e3bifolio.E3_108v_109r@0.2474,0.5024,0.014,0.0184
urn:cts:greekLit:tlg5026.e3.hmt:8.394	urn:cite:hmt:e3bifolio.E3_108v_109r@0.2446,0.5842,0.014,0.0184
urn:cts:greekLit:tlg5026.e3.hmt:8.406	urn:cite:hmt:e3bifolio.E3_108v_109r@0.5189,0.2049,0.0106,0.0201
urn:cts:greekLit:tlg5026.e3.hmt:8.407	urn:cite:hmt:e3bifolio.E3_108v_109r@0.6554,0.255,0.0111,0.0184
urn:cts:greekLit:tlg5026.e3.hmt:8.409	urn:cite:hmt:e3bifolio.E3_108v_109r@0.6186,0.4089,0.0111,0.0206
urn:cts:greekLit:tlg5026.e3.hmt:8.412	urn:cite:hmt:e3bifolio.E3_108v_109r@0.5194,0.4912,0.0134,0.0184
urn:cts:greekLit:tlg5026.e3.hmt:8.415	urn:cite:hmt:e3bifolio.E3_108v_109r@0.5457,0.5439,0.0134,0.0184

urn:cts:greekLit:tlg5026.e3.hmt:8.34	urn:cite:hmt:e3bifolio.E3_98v_99r@0.3869,0.2915,0.0171,0.0184
urn:cts:greekLit:tlg5026.e3.hmt:8.35	urn:cite:hmt:e3bifolio.E3_98v_99r@0.4,0.4942,0.022,0.0189
urn:cts:greekLit:tlg5026.e3.hmt:8.36	urn:cite:hmt:e3bifolio.E3_98v_99r@0.414,0.5932,0.012,0.0159
urn:cts:greekLit:tlg5026.e3.hmt:8.45	urn:cite:hmt:e3bifolio.E3_98v_99r@0.6974,0.2563,0.0191,0.024
urn:cts:greekLit:tlg5026.e3.hmt:8.46	urn:cite:hmt:e3bifolio.E3_98v_99r@0.5409,0.4754,0.0117,0.0159
urn:cts:greekLit:tlg5026.e3.hmt:8.60	urn:cite:hmt:e3bifolio.E3_99v_100r@0.3669,0.4916,0.0106,0.0171
urn:cts:greekLit:tlg5026.e3.hmt:8.61	urn:cite:hmt:e3bifolio.E3_99v_100r@0.32,0.5941,0.0137,0.0189
urn:cts:greekLit:tlg5026.e3.hmt:8.85	urn:cite:hmt:e3bifolio.E3_100v_101r@0.3431,0.5495,0.0146,0.0163
urn:cts:greekLit:tlg5026.e3.hmt:8.101	urn:cite:hmt:e3bifolio.E3_100v_101r@0.542,0.4711,0.016,0.0184
urn:cts:greekLit:tlg5026.e3.hmt:8.102	urn:cite:hmt:e3bifolio.E3_100v_101r@0.62,0.5452,0.0077,0.0141
urn:cts:greekLit:tlg5026.e3.hmt:8.112	urn:cite:hmt:e3bifolio.E3_101v_102r@0.3635,0.2612,0.1173,0.0307
urn:cts:greekLit:tlg5026.e3.hmt:8.113	urn:cite:hmt:e3bifolio.E3_101v_102r@0.338,0.4983,0.1365,0.0261
urn:cts:greekLit:tlg5026.e3.hmt:8.114	urn:cite:hmt:e3bifolio.E3_101v_102r@0.3105,0.5701,0.0203,0.0187
urn:cts:greekLit:tlg5026.e3.hmt:8.132	urn:cite:hmt:e3bifolio.E3_101v_102r@0.5515,0.301,0.0263,0.0228
urn:cts:greekLit:tlg5026.e3.hmt:8.133	urn:cite:hmt:e3bifolio.E3_101v_102r@0.6515,0.3462,0.0305,0.0195
urn:cts:greekLit:tlg5026.e3.hmt:8.134	urn:cite:hmt:e3bifolio.E3_101v_102r@0.6173,0.5153,0.0245,0.0236
urn:cts:greekLit:tlg5026.e3.hmt:8.135	urn:cite:hmt:e3bifolio.E3_101v_102r@0.585,0.6808,0.034,0.0253
urn:cts:greekLit:tlg5026.e3.hmt:8.161	urn:cite:hmt:e3bifolio.E3_102v_103r@0.3085,0.2881,0.037,0.0203
urn:cts:greekLit:tlg5026.e3.hmt:8.162	urn:cite:hmt:e3bifolio.E3_102v_103r@0.3885,0.4085,0.0753,0.0233
urn:cts:greekLit:tlg5026.e3.hmt:8.163	urn:cite:hmt:e3bifolio.E3_102v_103r@0.3655,0.4302,0.1053,0.0203
urn:cts:greekLit:tlg5026.e3.hmt:8.164	urn:cite:hmt:e3bifolio.E3_102v_103r@0.4133,0.5131,0.0548,0.0214
urn:cts:greekLit:tlg5026.e3.hmt:8.165	urn:cite:hmt:e3bifolio.E3_102v_103r@0.4353,0.5473,0.025,0.0199
urn:cts:greekLit:tlg5026.e3.hmt:8.166	urn:cite:hmt:e3bifolio.E3_102v_103r@0.2695,0.6148,0.018,0.024
urn:cts:greekLit:tlg5026.e3.hmt:8.182	urn:cite:hmt:e3bifolio.E3_102v_103r@0.5575,0.3725,0.0245,0.0199
urn:cts:greekLit:tlg5026.e3.hmt:8.183	urn:cite:hmt:e3bifolio.E3_102v_103r@0.635,0.3747,0.0185,0.018
urn:cts:greekLit:tlg5026.e3.hmt:8.184	urn:cite:hmt:e3bifolio.E3_102v_103r@0.5848,0.6463,0.0753,0.0323
urn:cts:greekLit:tlg5026.e3.hmt:8.185	urn:cite:hmt:e3bifolio.E3_102v_103r@0.5327,0.6767,0.0105,0.015
urn:cts:greekLit:tlg5026.e3.hmt:8.198	urn:cite:hmt:e3bifolio.E3_103v_104r@0.3631,0.2598,0.0163,0.0201
urn:cts:greekLit:tlg5026.e3.hmt:8.199	urn:cite:hmt:e3bifolio.E3_103v_104r@0.4517,0.5165,0.0314,0.0197
urn:cts:greekLit:tlg5026.e3.hmt:8.200	urn:cite:hmt:e3bifolio.E3_103v_104r@0.358,0.5692,0.1474,0.0399
urn:cts:greekLit:tlg5026.e3.hmt:8.201	urn:cite:hmt:e3bifolio.E3_103v_104r@0.3869,0.6159,0.1103,0.0266
urn:cts:greekLit:tlg5026.e3.hmt:8.221	urn:cite:hmt:e3bifolio.E3_104v_105r@0.3723,0.3468,0.0643,0.0227
urn:cts:greekLit:tlg5026.e3.hmt:8.222	urn:cite:hmt:e3bifolio.E3_104v_105r@0.3291,0.3652,0.0706,0.0219
urn:cts:greekLit:tlg5026.e3.hmt:8.223	urn:cite:hmt:e3bifolio.E3_104v_105r@0.4469,0.6387,0.0183,0.018
urn:cts:greekLit:tlg5026.e3.hmt:8.243	urn:cite:hmt:e3bifolio.E3_104v_105r@0.6149,0.4411,0.0226,0.0193
urn:cts:greekLit:tlg5026.e3.hmt:8.244	urn:cite:hmt:e3bifolio.E3_104v_105r@0.5234,0.5281,0.016,0.0176
urn:cts:greekLit:tlg5026.e3.hmt:8.245	urn:cite:hmt:e3bifolio.E3_104v_105r@0.5677,0.5769,0.106,0.0223
urn:cts:greekLit:tlg5026.e3.hmt:8.246	urn:cite:hmt:e3bifolio.E3_104v_105r@0.6851,0.5748,0.0477,0.024
urn:cts:greekLit:tlg5026.e3.hmt:8.265	urn:cite:hmt:e3bifolio.E3_105v_106r@0.3337,0.2546,0.0077,0.0129
urn:cts:greekLit:tlg5026.e3.hmt:8.266	urn:cite:hmt:e3bifolio.E3_105v_106r@0.266,0.2859,0.0083,0.0124
urn:cts:greekLit:tlg5026.e3.hmt:8.267	urn:cite:hmt:e3bifolio.E3_105v_106r@0.2866,0.2876,0.0149,0.0184
urn:cts:greekLit:tlg5026.e3.hmt:8.268	urn:cite:hmt:e3bifolio.E3_105v_106r@0.3631,0.4423,0.07,0.0219
urn:cts:greekLit:tlg5026.e3.hmt:8.269	urn:cite:hmt:e3bifolio.E3_105v_106r@0.4237,0.5319,0.0223,0.0159
urn:cts:greekLit:tlg5026.e3.hmt:8.270	urn:cite:hmt:e3bifolio.E3_105v_106r@0.3631,0.5649,0.0183,0.018
urn:cts:greekLit:tlg5026.e3.hmt:8.287	urn:cite:hmt:e3bifolio.E3_105v_106r@0.5686,0.3455,0.0231,0.0201
urn:cts:greekLit:tlg5026.e3.hmt:8.288	urn:cite:hmt:e3bifolio.E3_105v_106r@0.5917,0.3969,0.0446,0.0231
urn:cts:greekLit:tlg5026.e3.hmt:8.289	urn:cite:hmt:e3bifolio.E3_105v_106r@0.522,0.4286,0.0229,0.0201
urn:cts:greekLit:tlg5026.e3.hmt:8.290	urn:cite:hmt:e3bifolio.E3_105v_106r@0.5854,0.4501,0.0349,0.021
urn:cts:greekLit:tlg5026.e3.hmt:8.291	urn:cite:hmt:e3bifolio.E3_105v_106r@0.7166,0.4526,0.0191,0.021
urn:cts:greekLit:tlg5026.e3.hmt:8.292	urn:cite:hmt:e3bifolio.E3_105v_106r@0.6111,0.4668,0.0106,0.0197
urn:cts:greekLit:tlg5026.e3.hmt:8.293	urn:cite:hmt:e3bifolio.E3_105v_106r@0.6111,0.4668,0.0106,0.0197
urn:cts:greekLit:tlg5026.e3.hmt:8.294	urn:cite:hmt:e3bifolio.E3_105v_106r@0.6194,0.5345,0.0263,0.0193
urn:cts:greekLit:tlg5026.e3.hmt:8.295	urn:cite:hmt:e3bifolio.E3_105v_106r@0.6197,0.5688,0.0951,0.0253
urn:cts:greekLit:tlg5026.e3.hmt:8.312	urn:cite:hmt:e3bifolio.E3_106v_107r@0.4226,0.3146,0.0211,0.0184
urn:cts:greekLit:tlg5026.e3.hmt:8.313	urn:cite:hmt:e3bifolio.E3_106v_107r@0.4283,0.3853,0.0211,0.0184
urn:cts:greekLit:tlg5026.e3.hmt:8.314	urn:cite:hmt:e3bifolio.E3_106v_107r@0.4874,0.5718,0.018,0.0176
urn:cts:greekLit:tlg5026.e3.hmt:8.315	urn:cite:hmt:e3bifolio.E3_106v_107r@0.4183,0.5889,0.0386,0.0223
urn:cts:greekLit:tlg5026.e3.hmt:8.332	urn:cite:hmt:e3bifolio.E3_106v_107r@0.6969,0.2452,0.0174,0.0171
urn:cts:greekLit:tlg5026.e3.hmt:8.333	urn:cite:hmt:e3bifolio.E3_106v_107r@0.6066,0.3,0.1383,0.018
urn:cts:greekLit:tlg5026.e3.hmt:8.334	urn:cite:hmt:e3bifolio.E3_106v_107r@0.6989,0.3142,0.0149,0.0201
urn:cts:greekLit:tlg5026.e3.hmt:8.335	urn:cite:hmt:e3bifolio.E3_106v_107r@0.656,0.333,0.1029,0.021
urn:cts:greekLit:tlg5026.e3.hmt:8.336	urn:cite:hmt:e3bifolio.E3_106v_107r@0.6189,0.3828,0.0594,0.0189
urn:cts:greekLit:tlg5026.e3.hmt:8.337	urn:cite:hmt:e3bifolio.E3_106v_107r@0.6957,0.4201,0.0114,0.0167
urn:cts:greekLit:tlg5026.e3.hmt:8.338	urn:cite:hmt:e3bifolio.E3_106v_107r@0.6857,0.5216,0.016,0.0184
urn:cts:greekLit:tlg5026.e3.hmt:8.339	urn:cite:hmt:e3bifolio.E3_106v_107r@0.6134,0.6009,0.1217,0.0253
urn:cts:greekLit:tlg5026.e3.hmt:8.357	urn:cite:hmt:e3bifolio.E3_107v_108r@0.2789,0.3275,0.0917,0.0197
urn:cts:greekLit:tlg5026.e3.hmt:8.358	urn:cite:hmt:e3bifolio.E3_107v_108r@0.3091,0.4295,0.0714,0.0193
urn:cts:greekLit:tlg5026.e3.hmt:8.359	urn:cite:hmt:e3bifolio.E3_107v_108r@0.4189,0.5058,0.06,0.0244
urn:cts:greekLit:tlg5026.e3.hmt:8.360	urn:cite:hmt:e3bifolio.E3_107v_108r@0.4134,0.5414,0.0737,0.0193
urn:cts:greekLit:tlg5026.e3.hmt:8.361	urn:cite:hmt:e3bifolio.E3_107v_108r@0.358,0.6151,0.0203,0.0171
urn:cts:greekLit:tlg5026.e3.hmt:8.362	urn:cite:hmt:e3bifolio.E3_107v_108r@0.3071,0.6275,0.2006,0.0669
urn:cts:greekLit:tlg5026.e3.hmt:8.377	urn:cite:hmt:e3bifolio.E3_107v_108r@0.6394,0.4505,0.0157,0.0184
urn:cts:greekLit:tlg5026.e3.hmt:8.378	urn:cite:hmt:e3bifolio.E3_107v_108r@0.5763,0.4814,0.096,0.021
urn:cts:greekLit:tlg5026.e3.hmt:8.379	urn:cite:hmt:e3bifolio.E3_107v_108r@0.622,0.5002,0.0886,0.0193
urn:cts:greekLit:tlg5026.e3.hmt:8.380	urn:cite:hmt:e3bifolio.E3_107v_108r@0.6094,0.5654,0.0109,0.018
urn:cts:greekLit:tlg5026.e3.hmt:8.381	urn:cite:hmt:e3bifolio.E3_107v_108r@0.6406,0.5649,0.1257,0.0446
urn:cts:greekLit:tlg5026.e3.hmt:8.395	urn:cite:hmt:e3bifolio.E3_108v_109r@0.2669,0.2036,0.106,0.0296
urn:cts:greekLit:tlg5026.e3.hmt:8.396	urn:cite:hmt:e3bifolio.E3_108v_109r@0.3517,0.2692,0.0131,0.0193
urn:cts:greekLit:tlg5026.e3.hmt:8.397	urn:cite:hmt:e3bifolio.E3_108v_109r@0.2546,0.3669,0.0143,0.018
urn:cts:greekLit:tlg5026.e3.hmt:8.398	urn:cite:hmt:e3bifolio.E3_108v_109r@0.2503,0.3811,0.1749,0.0274
urn:cts:greekLit:tlg5026.e3.hmt:8.399	urn:cite:hmt:e3bifolio.E3_108v_109r@0.2471,0.4372,0.0129,0.0154
urn:cts:greekLit:tlg5026.e3.hmt:8.400	urn:cite:hmt:e3bifolio.E3_108v_109r@0.3237,0.5568,0.0306,0.0171
urn:cts:greekLit:tlg5026.e3.hmt:8.401	urn:cite:hmt:e3bifolio.E3_108v_109r@0.2717,0.5675,0.06,0.0223
urn:cts:greekLit:tlg5026.e3.hmt:8.402	urn:cite:hmt:e3bifolio.E3_108v_109r@0.3594,0.6052,0.0111,0.0171
urn:cts:greekLit:tlg5026.e3.hmt:8.417	urn:cite:hmt:e3bifolio.E3_108v_109r@0.5443,0.2362,0.134,0.0223
urn:cts:greekLit:tlg5026.e3.hmt:8.418	urn:cite:hmt:e3bifolio.E3_108v_109r@0.5526,0.3395,0.0534,0.0197
urn:cts:greekLit:tlg5026.e3.hmt:8.419	urn:cite:hmt:e3bifolio.E3_108v_109r@0.5934,0.5444,0.0123,0.0184
urn:cts:greekLit:tlg5026.e3.hmt:8.420	urn:cite:hmt:e3bifolio.E3_108v_109r@0.6717,0.5456,0.0129,0.0201
urn:cts:greekLit:tlg5026.e3.hmt:8.421	urn:cite:hmt:e3bifolio.E3_108v_109r@0.5411,0.5602,0.0166,0.0146
urn:cts:greekLit:tlg5026.e3.hmt:8.422	urn:cite:hmt:e3bifolio.E3_108v_109r@0.5937,0.5589,0.0529,0.0219

urn:cts:greekLit:tlg5026.e3.hmt:8.115	urn:cite:hmt:e3bifolio.E3_101v_102r@0.217,0.4146,0.0233,0.1248
urn:cts:greekLit:tlg5026.e3.hmt:8.116	urn:cite:hmt:e3bifolio.E3_101v_102r@0.215,0.6356,0.027,0.1115
urn:cts:greekLit:tlg5026.e3.hmt:8.136	urn:cite:hmt:e3bifolio.E3_101v_102r@0.516,0.1833,0.2708,0.0506
urn:cts:greekLit:tlg5026.e3.hmt:8.137	urn:cite:hmt:e3bifolio.E3_101v_102r@0.755,0.3934,0.0305,0.1604
urn:cts:greekLit:tlg5026.e3.hmt:8.138	urn:cite:hmt:e3bifolio.E3_101v_102r@0.5952,0.7338,0.152,0.0556
urn:cts:greekLit:tlg5026.e3.hmt:8.167	urn:cite:hmt:e3bifolio.E3_102v_103r@0.1915,0.2363,0.0925,0.036
urn:cts:greekLit:tlg5026.e3.hmt:8.168	urn:cite:hmt:e3bifolio.E3_102v_103r@0.23,0.68,0.04,0.03
urn:cts:greekLit:tlg5026.e3.hmt:8.224	urn:cite:hmt:e3bifolio.E3_104v_105r@0.2266,0.2722,0.0294,0.0622
urn:cts:greekLit:tlg5026.e3.hmt:8.225	urn:cite:hmt:e3bifolio.E3_104v_105r@0.2271,0.3472,0.0314,0.1003
urn:cts:greekLit:tlg5026.e3.hmt:8.247	urn:cite:hmt:e3bifolio.E3_104v_105r@0.5551,0.219,0.1103,0.03
urn:cts:greekLit:tlg5026.e3.hmt:8.248	urn:cite:hmt:e3bifolio.E3_104v_105r@0.5,0.6412,0.2391,0.0506
urn:cts:greekLit:tlg5026.e3.hmt:8.271	urn:cite:hmt:e3bifolio.E3_105v_106r@0.2431,0.2087,0.244,0.048
urn:cts:greekLit:tlg5026.e3.hmt:8.272	urn:cite:hmt:e3bifolio.E3_105v_106r@0.2491,0.4728,0.0103,0.0219
urn:cts:greekLit:tlg5026.e3.hmt:8.273	urn:cite:hmt:e3bifolio.E3_105v_106r@0.2489,0.5589,0.0094,0.0249
urn:cts:greekLit:tlg5026.e3.hmt:8.296	urn:cite:hmt:e3bifolio.E3_105v_106r@0.7129,0.3703,0.024,0.0304
urn:cts:greekLit:tlg5026.e3.hmt:8.316	urn:cite:hmt:e3bifolio.E3_106v_107r@0.2683,0.6271,0.1006,0.0669
urn:cts:greekLit:tlg5026.e3.hmt:8.363	urn:cite:hmt:e3bifolio.E3_107v_108r@0.2509,0.4316,0.0191,0.0223
urn:cts:greekLit:tlg5026.e3.hmt:8.403	urn:cite:hmt:e3bifolio.E3_108v_109r@0.2277,0.2533,0.0129,0.0249
urn:cts:greekLit:tlg5026.e3.hmt:8.404	urn:cite:hmt:e3bifolio.E3_108v_109r@0.2237,0.4655,0.0126,0.0223
urn:cts:greekLit:tlg5026.e3.hmt:8.423	urn:cite:hmt:e3bifolio.E3_108v_109r@0.5089,0.6069,0.216,0.0446

urn:cts:greekLit:tlg5026.e3.hmt:8.19	urn:cite:hmt:e3bifolio.E3_97bisv_98r@0.4987,0.451,0.018,0.0245
urn:cts:greekLit:tlg5026.e3.hmt:8.86	urn:cite:hmt:e3bifolio.E3_100v_101r@0.4626,0.3339,0.028,0.1997
urn:cts:greekLit:tlg5026.e3.hmt:8.117	urn:cite:hmt:e3bifolio.E3_101v_102r@0.4828,0.1115,0.0217,0.0887
urn:cts:greekLit:tlg5026.e3.hmt:8.118	urn:cite:hmt:e3bifolio.E3_101v_102r@0.48,0.245,0.0223,0.0701
urn:cts:greekLit:tlg5026.e3.hmt:8.119	urn:cite:hmt:e3bifolio.E3_101v_102r@0.4795,0.4776,0.028,0.1227
urn:cts:greekLit:tlg5026.e3.hmt:8.120	urn:cite:hmt:e3bifolio.E3_101v_102r@0.4788,0.6235,0.0293,0.0514
urn:cts:greekLit:tlg5026.e3.hmt:8.139	urn:cite:hmt:e3bifolio.E3_101v_102r@0.5115,0.2993,0.024,0.0386
urn:cts:greekLit:tlg5026.e3.hmt:8.140	urn:cite:hmt:e3bifolio.E3_101v_102r@0.5083,0.3466,0.0328,0.1041
urn:cts:greekLit:tlg5026.e3.hmt:8.141	urn:cite:hmt:e3bifolio.E3_101v_102r@0.5093,0.5315,0.024,0.0721
urn:cts:greekLit:tlg5026.e3.hmt:8.142	urn:cite:hmt:e3bifolio.E3_101v_102r@0.5078,0.6704,0.0883,0.08
urn:cts:greekLit:tlg5026.e3.hmt:8.169	urn:cite:hmt:e3bifolio.E3_102v_103r@0.4155,0.389,0.076,0.2937
urn:cts:greekLit:tlg5026.e3.hmt:8.186	urn:cite:hmt:e3bifolio.E3_102v_103r@0.49,0.3443,0.0253,0.0855
urn:cts:greekLit:tlg5026.e3.hmt:8.202	urn:cite:hmt:e3bifolio.E3_103v_104r@0.4863,0.3806,0.0223,0.0716
urn:cts:greekLit:tlg5026.e3.hmt:8.213	urn:cite:hmt:e3bifolio.E3_103v_104r@0.5077,0.6104,0.0269,0.0506
urn:cts:greekLit:tlg5026.e3.hmt:8.226	urn:cite:hmt:e3bifolio.E3_104v_105r@0.4583,0.1912,0.0297,0.114
urn:cts:greekLit:tlg5026.e3.hmt:8.227	urn:cite:hmt:e3bifolio.E3_104v_105r@0.458,0.2953,0.0314,0.1046
urn:cts:greekLit:tlg5026.e3.hmt:8.228	urn:cite:hmt:e3bifolio.E3_104v_105r@0.4617,0.4166,0.0323,0.102
urn:cts:greekLit:tlg5026.e3.hmt:8.229	urn:cite:hmt:e3bifolio.E3_104v_105r@0.4611,0.5902,0.0354,0.2135
urn:cts:greekLit:tlg5026.e3.hmt:8.249	urn:cite:hmt:e3bifolio.E3_104v_105r@0.502,0.4642,0.012,0.0219
urn:cts:greekLit:tlg5026.e3.hmt:8.250	urn:cite:hmt:e3bifolio.E3_104v_105r@0.4937,0.5855,0.0243,0.0587
urn:cts:greekLit:tlg5026.e3.hmt:8.274	urn:cite:hmt:e3bifolio.E3_105v_106r@0.4611,0.2795,0.0303,0.063
urn:cts:greekLit:tlg5026.e3.hmt:8.275	urn:cite:hmt:e3bifolio.E3_105v_106r@0.468,0.4659,0.0311,0.1209
urn:cts:greekLit:tlg5026.e3.hmt:8.297	urn:cite:hmt:e3bifolio.E3_105v_106r@0.498,0.2645,0.0249,0.0476
urn:cts:greekLit:tlg5026.e3.hmt:8.298	urn:cite:hmt:e3bifolio.E3_105v_106r@0.498,0.4003,0.0243,0.0682
urn:cts:greekLit:tlg5026.e3.hmt:8.299	urn:cite:hmt:e3bifolio.E3_105v_106r@0.4963,0.4702,0.0246,0.0973
urn:cts:greekLit:tlg5026.e3.hmt:8.300	urn:cite:hmt:e3bifolio.E3_105v_106r@0.4974,0.5829,0.1129,0.0763
urn:cts:greekLit:tlg5026.e3.hmt:8.317	urn:cite:hmt:e3bifolio.E3_106v_107r@0.5097,0.5521,0.0334,0.1715
urn:cts:greekLit:tlg5026.e3.hmt:8.318	urn:cite:hmt:e3bifolio.E3_106v_107r@0.5097,0.7424,0.03,0.0729
urn:cts:greekLit:tlg5026.e3.hmt:8.340	urn:cite:hmt:e3bifolio.E3_106v_107r@0.5454,0.2825,0.0329,0.1037
urn:cts:greekLit:tlg5026.e3.hmt:8.341	urn:cite:hmt:e3bifolio.E3_106v_107r@0.5451,0.4706,0.0246,0.0309
urn:cts:greekLit:tlg5026.e3.hmt:8.342	urn:cite:hmt:e3bifolio.E3_106v_107r@0.5386,0.5697,0.2271,0.1204
urn:cts:greekLit:tlg5026.e3.hmt:8.364	urn:cite:hmt:e3bifolio.E3_107v_108r@0.476,0.4346,0.0294,0.0377
urn:cts:greekLit:tlg5026.e3.hmt:8.365	urn:cite:hmt:e3bifolio.E3_107v_108r@0.4777,0.4629,0.0317,0.1294
urn:cts:greekLit:tlg5026.e3.hmt:8.382	urn:cite:hmt:e3bifolio.E3_107v_108r@0.502,0.3858,0.0337,0.186
urn:cts:greekLit:tlg5026.e3.hmt:8.383	urn:cite:hmt:e3bifolio.E3_107v_108r@0.5069,0.6001,0.0311,0.0994
urn:cts:greekLit:tlg5026.e3.hmt:8.405	urn:cite:hmt:e3bifolio.E3_108v_109r@0.4423,0.2563,0.0346,0.2782
urn:cts:greekLit:tlg5026.e3.hmt:8.424	urn:cite:hmt:e3bifolio.E3_108v_109r@0.48,0.2216,0.032,0.1689
urn:cts:greekLit:tlg5026.e3.hmt:8.425	urn:cite:hmt:e3bifolio.E3_108v_109r@0.476,0.4625,0.1563,0.1629

urn:cts:greekLit:tlg5026.e3.hmt:8.143	urn:cite:hmt:e3bifolio.E3_101v_102r@0.8433,0.2376,0.0718,0.0709
urn:cts:greekLit:tlg5026.e3.hmt:8.144	urn:cite:hmt:e3bifolio.E3_101v_102r@0.7743,0.6464,0.1308,0.3006
urn:cts:greekLit:tlg5026.e3.hmt:8.170	urn:cite:hmt:e3bifolio.E3_102v_103r@0.1248,0.1928,0.0773,0.0881
urn:cts:greekLit:tlg5026.e3.hmt:8.187	urn:cite:hmt:e3bifolio.E3_102v_103r@0.832,0.1842,0.0203,0.0443
urn:cts:greekLit:tlg5026.e3.hmt:8.251	urn:cite:hmt:e3bifolio.E3_104v_105r@0.8297,0.6078,0.0283,0.1097
urn:cts:greekLit:tlg5026.e3.hmt:8.252	urn:cite:hmt:e3bifolio.E3_104v_105r@0.8303,0.7385,0.0257,0.0553
urn:cts:greekLit:tlg5026.e3.hmt:8.253	urn:cite:hmt:e3bifolio.E3_104v_105r@0.7217,0.8075,0.1286,0.0386
urn:cts:greekLit:tlg5026.e3.hmt:8.366	urn:cite:hmt:e3bifolio.E3_107v_108r@0.1346,0.6009,0.0217,0.0613
urn:cts:greekLit:tlg5026.e3.hmt:8.1	urn:cite:hmt:e3bifolio.E3_97bisv_98r@0.5113,0.25,0.2147,0.0695
