text,imageURN,folioReference
urn:cts:greekLit:tlg5026.msA.hmt:8.1,"urn:cite:hmt:vaimg.VA100VN-0603@0.1775,0.3376,0.233,0.0612",urn:cite:hmt:msA.100v
urn:cts:greekLit:tlg5026.msA.hmt:8.2,"urn:cite:hmt:vaimg.VA100VN-0603@0.194,0.3883,0.229,0.1115",urn:cite:hmt:msA.100v
urn:cts:greekLit:tlg5026.msA.hmt:8.3,"urn:cite:hmt:vaimg.VA100VN-0603@0.19,0.4825,0.2215,0.0631",urn:cite:hmt:msA.100v
urn:cts:greekLit:tlg5026.msA.hmt:8.4,"urn:cite:hmt:vaimg.VA100VN-0603@0.1865,0.5276,0.224,0.1044",urn:cite:hmt:msA.100v
urn:cts:greekLit:tlg5026.msA.hmt:8.5,"urn:cite:hmt:vaimg.VA100VN-0603@0.188,0.6117,0.6995,0.1923",urn:cite:hmt:msA.100v
urn:cts:greekLit:tlg5026.msA.hmt:8.6,"urn:cite:hmt:vaimg.VA100VN-0603@0.1875,0.7784,0.715,0.1427",urn:cite:hmt:msA.100v
urn:cts:greekLit:tlg5026.msA.hmt:8.12,"urn:cite:hmt:vaimg.VA101RN-0273@0.1823,0.1197,0.6467,0.0375",urn:cite:hmt:msA.101r
urn:cts:greekLit:tlg5026.msA.hmt:8.13,"urn:cite:hmt:vaimg.VA101RN-0273@0.1938,0.137,0.6313,0.0444",urn:cite:hmt:msA.101r
urn:cts:greekLit:tlg5026.msA.hmt:8.14,"urn:cite:hmt:vaimg.VA101RN-0273@0.1907,0.1606,0.6352,0.0496",urn:cite:hmt:msA.101r
urn:cts:greekLit:tlg5026.msA.hmt:8.15,"urn:cite:hmt:vaimg.VA101RN-0273@0.1884,0.197,0.6497,0.0369",urn:cite:hmt:msA.101r
urn:cts:greekLit:tlg5026.msA.hmt:8.16,"urn:cite:hmt:vaimg.VA101RN-0273@0.6301,0.2227,0.1992,0.0905",urn:cite:hmt:msA.101r
urn:cts:greekLit:tlg5026.msA.hmt:8.17,"urn:cite:hmt:vaimg.VA101RN-0273@0.6166,0.2964,0.2181,0.1307",urn:cite:hmt:msA.101r
urn:cts:greekLit:tlg5026.msA.hmt:8.18,"urn:cite:hmt:vaimg.VA101RN-0273@0.6187,0.421,0.2027,0.1078",urn:cite:hmt:msA.101r
urn:cts:greekLit:tlg5026.msA.hmt:8.19,"urn:cite:hmt:vaimg.VA101RN-0273@0.6187,0.5142,0.2027,0.0542",urn:cite:hmt:msA.101r
urn:cts:greekLit:tlg5026.msA.hmt:8.4000,"urn:cite:hmt:vaimg.VA101RN-0273@0.6171,0.5615,0.2027,0.05",urn:cite:hmt:msA.101r
urn:cts:greekLit:tlg5026.msA.hmt:8.20,"urn:cite:hmt:vaimg.VA101RN-0273@0.6092,0.6041,0.2144,0.1046",urn:cite:hmt:msA.101r
urn:cts:greekLit:tlg5026.msA.hmt:8.21,"urn:cite:hmt:vaimg.VA101RN-0273@0.1688,0.7078,0.6597,0.0667",urn:cite:hmt:msA.101r
urn:cts:greekLit:tlg5026.msA.hmt:8.22,"urn:cite:hmt:vaimg.VA101RN-0273@0.2651,0.7563,0.5285,0.0269",urn:cite:hmt:msA.101r
urn:cts:greekLit:tlg5026.msA.hmt:8.23,"urn:cite:hmt:vaimg.VA101RN-0273@0.1642,0.7616,0.669,0.0515",urn:cite:hmt:msA.101r
urn:cts:greekLit:tlg5026.msA.hmt:8.24,"urn:cite:hmt:vaimg.VA101RN-0273@0.1681,0.8008,0.6535,0.0339",urn:cite:hmt:msA.101r
urn:cts:greekLit:tlg5026.msA.hmt:8.25,"urn:cite:hmt:vaimg.VA101RN-0273@0.1665,0.8177,0.6651,0.0357",urn:cite:hmt:msA.101r
urn:cts:greekLit:tlg5026.msA.hmt:8.41,"urn:cite:hmt:vaimg.VA101VN-0604@0.1794,0.1322,0.6869,0.0571",urn:cite:hmt:msA.101v
urn:cts:greekLit:tlg5026.msA.hmt:8.42,"urn:cite:hmt:vaimg.VA101VN-0604@0.1886,0.1643,0.678,0.0395",urn:cite:hmt:msA.101v
urn:cts:greekLit:tlg5026.msA.hmt:8.43,"urn:cite:hmt:vaimg.VA101VN-0604@0.1851,0.1852,0.6817,0.0474",urn:cite:hmt:msA.101v
urn:cts:greekLit:tlg5026.msA.hmt:8.44,"urn:cite:hmt:vaimg.VA101VN-0604@0.18,0.2135,0.6737,0.1195",urn:cite:hmt:msA.101v
urn:cts:greekLit:tlg5026.msA.hmt:8.45,"urn:cite:hmt:vaimg.VA101VN-0604@0.1846,0.4638,0.2237,0.0772",urn:cite:hmt:msA.101v
urn:cts:greekLit:tlg5026.msA.hmt:8.46,"urn:cite:hmt:vaimg.VA101VN-0604@0.1897,0.5293,0.2331,0.0663",urn:cite:hmt:msA.101v
urn:cts:greekLit:tlg5026.msA.hmt:8.47,"urn:cite:hmt:vaimg.VA101VN-0604@0.1906,0.5784,0.2386,0.074",urn:cite:hmt:msA.101v
urn:cts:greekLit:tlg5026.msA.hmt:8.48,"urn:cite:hmt:vaimg.VA101VN-0604@0.1889,0.6451,0.2334,0.0644",urn:cite:hmt:msA.101v
urn:cts:greekLit:tlg5026.msA.hmt:8.49,"urn:cite:hmt:vaimg.VA101VN-0604@0.1869,0.6968,0.2537,0.0729",urn:cite:hmt:msA.101v
urn:cts:greekLit:tlg5026.msA.hmt:8.50,"urn:cite:hmt:vaimg.VA101VN-0604@0.1909,0.7438,0.6123,0.0554",urn:cite:hmt:msA.101v
urn:cts:greekLit:tlg5026.msA.hmt:8.63,"urn:cite:hmt:vaimg.VA102RN-0274@0.1834,0.1,0.6292,0.0407",urn:cite:hmt:msA.102r
urn:cts:greekLit:tlg5026.msA.hmt:8.64,"urn:cite:hmt:vaimg.VA102RN-0274@0.1895,0.1195,0.5605,0.0309",urn:cite:hmt:msA.102r
urn:cts:greekLit:tlg5026.msA.hmt:8.65,"urn:cite:hmt:vaimg.VA102RN-0274@0.1849,0.1384,0.6383,0.043",urn:cite:hmt:msA.102r
urn:cts:greekLit:tlg5026.msA.hmt:8.5000,"urn:cite:hmt:vaimg.VA102RN-0274@0.5823,0.159,0.2105,0.0246",urn:cite:hmt:msA.102r
urn:cts:greekLit:tlg5026.msA.hmt:8.66,"urn:cite:hmt:vaimg.VA102RN-0274@0.1842,0.1693,0.6406,0.0642",urn:cite:hmt:msA.102r
urn:cts:greekLit:tlg5026.msA.hmt:8.67,"urn:cite:hmt:vaimg.VA102RN-0274@0.6211,0.2243,0.2212,0.1461",urn:cite:hmt:msA.102r
urn:cts:greekLit:tlg5026.msA.hmt:8.68,"urn:cite:hmt:vaimg.VA102RN-0274@0.6457,0.5515,0.2061,0.058",urn:cite:hmt:msA.102r
urn:cts:greekLit:tlg5026.msA.hmt:8.69,"urn:cite:hmt:vaimg.VA102RN-0274@0.6286,0.6009,0.2215,0.0513",urn:cite:hmt:msA.102r
urn:cts:greekLit:tlg5026.msA.hmt:8.70,"urn:cite:hmt:vaimg.VA102RN-0274@0.1881,0.6418,0.6807,0.1331",urn:cite:hmt:msA.102r
urn:cts:greekLit:tlg5026.msA.hmt:8.78,"urn:cite:hmt:vaimg.VA102VN-0605@0.1723,0.1311,0.2397,0.1821",urn:cite:hmt:msA.102v
urn:cts:greekLit:tlg5026.msA.hmt:8.79,"urn:cite:hmt:vaimg.VA102VN-0605@0.4203,0.1236,0.4329,0.0702",urn:cite:hmt:msA.102v
urn:cts:greekLit:tlg5026.msA.hmt:8.80,"urn:cite:hmt:vaimg.VA102VN-0605@0.4317,0.1828,0.4271,0.0433",urn:cite:hmt:msA.102v
urn:cts:greekLit:tlg5026.msA.hmt:8.81,"urn:cite:hmt:vaimg.VA102VN-0605@0.1843,0.3051,0.226,0.0586",urn:cite:hmt:msA.102v
urn:cts:greekLit:tlg5026.msA.hmt:8.82,"urn:cite:hmt:vaimg.VA102VN-0605@0.1829,0.3536,0.2394,0.0635",urn:cite:hmt:msA.102v
urn:cts:greekLit:tlg5026.msA.hmt:8.83,"urn:cite:hmt:vaimg.VA102VN-0605@0.1874,0.4096,0.2391,0.1281",urn:cite:hmt:msA.102v
urn:cts:greekLit:tlg5026.msA.hmt:8.84,"urn:cite:hmt:vaimg.VA102VN-0605@0.1963,0.5128,0.2423,0.08",urn:cite:hmt:msA.102v
urn:cts:greekLit:tlg5026.msA.hmt:8.85,"urn:cite:hmt:vaimg.VA102VN-0605@0.1954,0.5816,0.2429,0.1437",urn:cite:hmt:msA.102v
urn:cts:greekLit:tlg5026.msA.hmt:8.86,"urn:cite:hmt:vaimg.VA102VN-0605@0.1897,0.7124,0.4833,0.0568",urn:cite:hmt:msA.102v
urn:cts:greekLit:tlg5026.msA.hmt:8.9000,"urn:cite:hmt:vaimg.VA102VN-0605@0.1943,0.7362,0.6883,0.0693",urn:cite:hmt:msA.102v
urn:cts:greekLit:tlg5026.msA.hmt:8.87,"urn:cite:hmt:vaimg.VA102VN-0605@0.1991,0.776,0.6737,0.0466",urn:cite:hmt:msA.102v
urn:cts:greekLit:tlg5026.msA.hmt:8.88,"urn:cite:hmt:vaimg.VA102VN-0605@0.194,0.7921,0.6834,0.0817",urn:cite:hmt:msA.102v
urn:cts:greekLit:tlg5026.msA.hmt:8.101,"urn:cite:hmt:vaimg.VA103RN-0275@0.6206,0.411,0.2142,0.0834",urn:cite:hmt:msA.103r
urn:cts:greekLit:tlg5026.msA.hmt:8.102,"urn:cite:hmt:vaimg.VA103RN-0275@0.6276,0.4823,0.2142,0.0706",urn:cite:hmt:msA.103r
urn:cts:greekLit:tlg5026.msA.hmt:8.103,"urn:cite:hmt:vaimg.VA103RN-0275@0.6266,0.5417,0.2222,0.1127",urn:cite:hmt:msA.103r
urn:cts:greekLit:tlg5026.msA.hmt:8.104,"urn:cite:hmt:vaimg.VA103RN-0275@0.6136,0.6461,0.2362,0.0383",urn:cite:hmt:msA.103r
urn:cts:greekLit:tlg5026.msA.hmt:8.105,"urn:cite:hmt:vaimg.VA103RN-0275@0.6086,0.6724,0.2402,0.0676",urn:cite:hmt:msA.103r
urn:cts:greekLit:tlg5026.msA.hmt:8.106,"urn:cite:hmt:vaimg.VA103RN-0275@0.1752,0.7258,0.6657,0.0481",urn:cite:hmt:msA.103r
urn:cts:greekLit:tlg5026.msA.hmt:8.107,"urn:cite:hmt:vaimg.VA103RN-0275@0.1702,0.7483,0.6707,0.0503",urn:cite:hmt:msA.103r
urn:cts:greekLit:tlg5026.msA.hmt:8.116,"urn:cite:hmt:vaimg.VA103VN-0606@0.204,0.2497,0.1809,0.0802",urn:cite:hmt:msA.103v
urn:cts:greekLit:tlg5026.msA.hmt:8.117,"urn:cite:hmt:vaimg.VA103VN-0606@0.206,0.3207,0.1889,0.0637",urn:cite:hmt:msA.103v
urn:cts:greekLit:tlg5026.msA.hmt:8.118,"urn:cite:hmt:vaimg.VA103VN-0606@0.2014,0.3735,0.1989,0.1189",urn:cite:hmt:msA.103v
urn:cts:greekLit:tlg5026.msA.hmt:8.119,"urn:cite:hmt:vaimg.VA103VN-0606@0.1986,0.4737,0.2094,0.0897",urn:cite:hmt:msA.103v
urn:cts:greekLit:tlg5026.msA.hmt:8.120,"urn:cite:hmt:vaimg.VA103VN-0606@0.2194,0.7361,0.6097,0.0665",urn:cite:hmt:msA.103v
urn:cts:greekLit:tlg5026.msA.hmt:8.121,"urn:cite:hmt:vaimg.VA103VN-0606@0.2329,0.7674,0.5966,0.0485",urn:cite:hmt:msA.103v
urn:cts:greekLit:tlg5026.msA.hmt:8.122,"urn:cite:hmt:vaimg.VA103VN-0606@0.2137,0.7979,0.6314,0.0498",urn:cite:hmt:msA.103v
urn:cts:greekLit:tlg5026.msA.hmt:8.131,"urn:cite:hmt:vaimg.VA104RN-0276@0.1762,0.1103,0.6368,0.0527",urn:cite:hmt:msA.104r
urn:cts:greekLit:tlg5026.msA.hmt:8.132,"urn:cite:hmt:vaimg.VA104RN-0276@0.1935,0.1465,0.6173,0.0453",urn:cite:hmt:msA.104r
urn:cts:greekLit:tlg5026.msA.hmt:8.133,"urn:cite:hmt:vaimg.VA104RN-0276@0.1852,0.1698,0.6486,0.1931",urn:cite:hmt:msA.104r
urn:cts:greekLit:tlg5026.msA.hmt:8.134,"urn:cite:hmt:vaimg.VA104RN-0276@0.5971,0.3421,0.2289,0.0367",urn:cite:hmt:msA.104r
urn:cts:greekLit:tlg5026.msA.hmt:8.135,"urn:cite:hmt:vaimg.VA104RN-0276@0.6047,0.3731,0.2286,0.0828",urn:cite:hmt:msA.104r
urn:cts:greekLit:tlg5026.msA.hmt:8.136,"urn:cite:hmt:vaimg.VA104RN-0276@0.6107,0.4498,0.2406,0.164",urn:cite:hmt:msA.104r
urn:cts:greekLit:tlg5026.msA.hmt:8.137,"urn:cite:hmt:vaimg.VA104RN-0276@0.5996,0.5965,0.2368,0.0833",urn:cite:hmt:msA.104r
urn:cts:greekLit:tlg5026.msA.hmt:8.138,"urn:cite:hmt:vaimg.VA104RN-0276@0.6097,0.6749,0.2195,0.058",urn:cite:hmt:msA.104r
urn:cts:greekLit:tlg5026.msA.hmt:8.139,"urn:cite:hmt:vaimg.VA104RN-0276@0.1712,0.7275,0.6556,0.0386",urn:cite:hmt:msA.104r
urn:cts:greekLit:tlg5026.msA.hmt:8.140,"urn:cite:hmt:vaimg.VA104RN-0276@0.1742,0.7494,0.6556,0.0345",urn:cite:hmt:msA.104r
urn:cts:greekLit:tlg5026.msA.hmt:8.146,"urn:cite:hmt:vaimg.VA104VN-0607@0.1814,0.1319,0.6766,0.0416",urn:cite:hmt:msA.104v
urn:cts:greekLit:tlg5026.msA.hmt:8.147,"urn:cite:hmt:vaimg.VA104VN-0607@0.1909,0.1476,0.6766,0.0378",urn:cite:hmt:msA.104v
urn:cts:greekLit:tlg5026.msA.hmt:8.148,"urn:cite:hmt:vaimg.VA104VN-0607@0.1889,0.1749,0.6297,0.0215",urn:cite:hmt:msA.104v
urn:cts:greekLit:tlg5026.msA.hmt:8.149,"urn:cite:hmt:vaimg.VA104VN-0607@0.1863,0.1832,0.6877,0.0348",urn:cite:hmt:msA.104v
urn:cts:greekLit:tlg5026.msA.hmt:8.9011,"urn:cite:hmt:vaimg.VA104VN-0607@0.1791,0.1946,0.698,0.0862",urn:cite:hmt:msA.104v
urn:cts:greekLit:tlg5026.msA.hmt:8.150,"urn:cite:hmt:vaimg.VA104VN-0607@0.178,0.5115,0.2226,0.0521",urn:cite:hmt:msA.104v
urn:cts:greekLit:tlg5026.msA.hmt:8.151,"urn:cite:hmt:vaimg.VA104VN-0607@0.1754,0.554,0.2383,0.0869",urn:cite:hmt:msA.104v
urn:cts:greekLit:tlg5026.msA.hmt:8.152,"urn:cite:hmt:vaimg.VA104VN-0607@0.1637,0.6258,0.7217,0.1783",urn:cite:hmt:msA.104v
urn:cts:greekLit:tlg5026.msA.hmt:8.153,"urn:cite:hmt:vaimg.VA104VN-0607@0.1857,0.7732,0.6989,0.0624",urn:cite:hmt:msA.104v
urn:cts:greekLit:tlg5026.msA.hmt:8.154,"urn:cite:hmt:vaimg.VA104VN-0607@0.1846,0.8148,0.7011,0.0706",urn:cite:hmt:msA.104v
urn:cts:greekLit:tlg5026.msA.hmt:8.155,"urn:cite:hmt:vaimg.VA104VN-0607@0.1883,0.8558,0.7006,0.0594",urn:cite:hmt:msA.104v
urn:cts:greekLit:tlg5026.msA.hmt:8.162,"urn:cite:hmt:vaimg.VA105RN-0277@0.1898,0.1152,0.6287,0.066",urn:cite:hmt:msA.105r
urn:cts:greekLit:tlg5026.msA.hmt:8.163,"urn:cite:hmt:vaimg.VA105RN-0277@0.1948,0.1563,0.6222,0.0384",urn:cite:hmt:msA.105r
urn:cts:greekLit:tlg5026.msA.hmt:8.164,"urn:cite:hmt:vaimg.VA105RN-0277@0.1892,0.1698,0.6396,0.0887",urn:cite:hmt:msA.105r
urn:cts:greekLit:tlg5026.msA.hmt:8.165,"urn:cite:hmt:vaimg.VA105RN-0277@0.6094,0.2508,0.2083,0.0416",urn:cite:hmt:msA.105r
urn:cts:greekLit:tlg5026.msA.hmt:8.166,"urn:cite:hmt:vaimg.VA105RN-0277@0.6134,0.2854,0.2083,0.051",urn:cite:hmt:msA.105r
urn:cts:greekLit:tlg5026.msA.hmt:8.167,"urn:cite:hmt:vaimg.VA105RN-0277@0.6111,0.3275,0.2137,0.1114",urn:cite:hmt:msA.105r
urn:cts:greekLit:tlg5026.msA.hmt:8.168,"urn:cite:hmt:vaimg.VA105RN-0277@0.6151,0.4303,0.2008,0.0641",urn:cite:hmt:msA.105r
urn:cts:greekLit:tlg5026.msA.hmt:8.169,"urn:cite:hmt:vaimg.VA105RN-0277@0.6243,0.4832,0.2055,0.0757",urn:cite:hmt:msA.105r
urn:cts:greekLit:tlg5026.msA.hmt:8.170,"urn:cite:hmt:vaimg.VA105RN-0277@0.6339,0.5528,0.1887,0.069",urn:cite:hmt:msA.105r
urn:cts:greekLit:tlg5026.msA.hmt:8.171,"urn:cite:hmt:vaimg.VA105RN-0277@0.612,0.6172,0.2162,0.1633",urn:cite:hmt:msA.105r
urn:cts:greekLit:tlg5026.msA.hmt:8.179,"urn:cite:hmt:vaimg.VA105VN-0608@0.188,0.1311,0.6763,0.0811",urn:cite:hmt:msA.105v
urn:cts:greekLit:tlg5026.msA.hmt:8.180,"urn:cite:hmt:vaimg.VA105VN-0608@0.1991,0.171,0.6671,0.0504",urn:cite:hmt:msA.105v
urn:cts:greekLit:tlg5026.msA.hmt:8.181,"urn:cite:hmt:vaimg.VA105VN-0608@0.1871,0.2047,0.4566,0.038",urn:cite:hmt:msA.105v
urn:cts:greekLit:tlg5026.msA.hmt:8.182,"urn:cite:hmt:vaimg.VA105VN-0608@0.1906,0.6104,0.216,0.077",urn:cite:hmt:msA.105v
urn:cts:greekLit:tlg5026.msA.hmt:8.183,"urn:cite:hmt:vaimg.VA105VN-0608@0.1977,0.675,0.2037,0.0508",urn:cite:hmt:msA.105v
urn:cts:greekLit:tlg5026.msA.hmt:8.194,"urn:cite:hmt:vaimg.VA106RN-0278@0.6338,0.3239,0.1955,0.0768",urn:cite:hmt:msA.106r
urn:cts:greekLit:tlg5026.msA.hmt:8.195,"urn:cite:hmt:vaimg.VA106RN-0278@0.6349,0.3943,0.1848,0.0432",urn:cite:hmt:msA.106r
urn:cts:greekLit:tlg5026.msA.hmt:8.196,"urn:cite:hmt:vaimg.VA106RN-0278@0.6301,0.4317,0.1967,0.0708",urn:cite:hmt:msA.106r
urn:cts:greekLit:tlg5026.msA.hmt:8.197,"urn:cite:hmt:vaimg.VA106RN-0278@0.1762,0.4951,0.6577,0.2667",urn:cite:hmt:msA.106r
urn:cts:greekLit:tlg5026.msA.hmt:8.198,"urn:cite:hmt:vaimg.VA106RN-0278@0.1672,0.747,0.6529,0.0276",urn:cite:hmt:msA.106r
urn:cts:greekLit:tlg5026.msA.hmt:8.199,"urn:cite:hmt:vaimg.VA106RN-0278@0.1672,0.7611,0.6623,0.0494",urn:cite:hmt:msA.106r
urn:cts:greekLit:tlg5026.msA.hmt:8.204,"urn:cite:hmt:vaimg.VA106VN-0609@0.1743,0.1341,0.6634,0.035",urn:cite:hmt:msA.106v
urn:cts:greekLit:tlg5026.msA.hmt:8.205,"urn:cite:hmt:vaimg.VA106VN-0609@0.1777,0.3958,0.226,0.2532",urn:cite:hmt:msA.106v
urn:cts:greekLit:tlg5026.msA.hmt:8.206,"urn:cite:hmt:vaimg.VA106VN-0609@0.1809,0.6203,0.2223,0.0622",urn:cite:hmt:msA.106v
urn:cts:greekLit:tlg5026.msA.hmt:8.207,"urn:cite:hmt:vaimg.VA106VN-0609@0.1829,0.6642,0.2406,0.0669",urn:cite:hmt:msA.106v
urn:cts:greekLit:tlg5026.msA.hmt:8.208,"urn:cite:hmt:vaimg.VA106VN-0609@0.182,0.7166,0.2883,0.0523",urn:cite:hmt:msA.106v
urn:cts:greekLit:tlg5026.msA.hmt:8.209,"urn:cite:hmt:vaimg.VA106VN-0609@0.4823,0.7273,0.3797,0.0399",urn:cite:hmt:msA.106v
urn:cts:greekLit:tlg5026.msA.hmt:8.210,"urn:cite:hmt:vaimg.VA106VN-0609@0.1877,0.7413,0.6866,0.0659",urn:cite:hmt:msA.106v
urn:cts:greekLit:tlg5026.msA.hmt:8.222,"urn:cite:hmt:vaimg.VA107RN-0279@0.1907,0.1152,0.6434,0.0589",urn:cite:hmt:msA.107r
urn:cts:greekLit:tlg5026.msA.hmt:8.223,"urn:cite:hmt:vaimg.VA107RN-0279@0.199,0.1594,0.6186,0.0396",urn:cite:hmt:msA.107r
urn:cts:greekLit:tlg5026.msA.hmt:8.224,"urn:cite:hmt:vaimg.VA107RN-0279@0.1982,0.182,0.6389,0.06",urn:cite:hmt:msA.107r
urn:cts:greekLit:tlg5026.msA.hmt:8.225,"urn:cite:hmt:vaimg.VA107RN-0279@0.6324,0.2403,0.2145,0.078",urn:cite:hmt:msA.107r
urn:cts:greekLit:tlg5026.msA.hmt:8.226,"urn:cite:hmt:vaimg.VA107RN-0279@0.6305,0.3141,0.2034,0.0509",urn:cite:hmt:msA.107r
urn:cts:greekLit:tlg5026.msA.hmt:8.227,"urn:cite:hmt:vaimg.VA107RN-0279@0.6269,0.4528,0.1938,0.0692",urn:cite:hmt:msA.107r
urn:cts:greekLit:tlg5026.msA.hmt:8.228,"urn:cite:hmt:vaimg.VA107RN-0279@0.6116,0.5192,0.2232,0.2044",urn:cite:hmt:msA.107r
urn:cts:greekLit:tlg5026.msA.hmt:8.9003,"urn:cite:hmt:vaimg.VA107RN-0279@0.1671,0.7146,0.6574,0.0662",urn:cite:hmt:msA.107r
urn:cts:greekLit:tlg5026.msA.hmt:8.229,"urn:cite:hmt:vaimg.VA107RN-0279@0.1693,0.7546,0.6434,0.0612",urn:cite:hmt:msA.107r
urn:cts:greekLit:tlg5026.msA.hmt:8.233,"urn:cite:hmt:vaimg.VA107VN-0610@0.18,0.1283,0.7228,0.0748",urn:cite:hmt:msA.107v
urn:cts:greekLit:tlg5026.msA.hmt:8.234,"urn:cite:hmt:vaimg.VA107VN-0610@0.1776,0.173,0.7148,0.0454",urn:cite:hmt:msA.107v
urn:cts:greekLit:tlg5026.msA.hmt:8.235,"urn:cite:hmt:vaimg.VA107VN-0610@0.188,0.1886,0.702,0.0712",urn:cite:hmt:msA.107v
urn:cts:greekLit:tlg5026.msA.hmt:8.236,"urn:cite:hmt:vaimg.VA107VN-0610@0.1676,0.2445,0.2264,0.0781",urn:cite:hmt:msA.107v
urn:cts:greekLit:tlg5026.msA.hmt:8.237,"urn:cite:hmt:vaimg.VA107VN-0610@0.182,0.3094,0.2036,0.0607",urn:cite:hmt:msA.107v
urn:cts:greekLit:tlg5026.msA.hmt:8.238,"urn:cite:hmt:vaimg.VA107VN-0610@0.1676,0.3518,0.2268,0.0574",urn:cite:hmt:msA.107v
urn:cts:greekLit:tlg5026.msA.hmt:8.239,"urn:cite:hmt:vaimg.VA107VN-0610@0.1792,0.3986,0.238,0.1319",urn:cite:hmt:msA.107v
urn:cts:greekLit:tlg5026.msA.hmt:8.240,"urn:cite:hmt:vaimg.VA107VN-0610@0.192,0.5032,0.726,0.3388",urn:cite:hmt:msA.107v
urn:cts:greekLit:tlg5026.msA.hmt:8.241,"urn:cite:hmt:vaimg.VA107VN-0610@0.2156,0.7885,0.68,0.0667",urn:cite:hmt:msA.107v
urn:cts:greekLit:tlg5026.msA.hmt:8.242,"urn:cite:hmt:vaimg.VA107VN-0610@0.2168,0.8159,0.6712,0.0589",urn:cite:hmt:msA.107v
urn:cts:greekLit:tlg5026.msA.hmt:8.243,"urn:cite:hmt:vaimg.VA107VN-0610@0.2116,0.8279,0.6816,0.0769",urn:cite:hmt:msA.107v
urn:cts:greekLit:tlg5026.msA.hmt:8.247,"urn:cite:hmt:vaimg.VA108RN-0280@0.1943,0.1129,0.6364,0.0437",urn:cite:hmt:msA.108r
urn:cts:greekLit:tlg5026.msA.hmt:8.248,"urn:cite:hmt:vaimg.VA108RN-0280@0.2002,0.1367,0.6342,0.0619",urn:cite:hmt:msA.108r
urn:cts:greekLit:tlg5026.msA.hmt:8.249,"urn:cite:hmt:vaimg.VA108RN-0280@0.2852,0.1771,0.5345,0.0525",urn:cite:hmt:msA.108r
urn:cts:greekLit:tlg5026.msA.hmt:8.250,"urn:cite:hmt:vaimg.VA108RN-0280@0.6146,0.4485,0.2223,0.1109",urn:cite:hmt:msA.108r
urn:cts:greekLit:tlg5026.msA.hmt:8.251,"urn:cite:hmt:vaimg.VA108RN-0280@0.6096,0.5519,0.2358,0.084",urn:cite:hmt:msA.108r
urn:cts:greekLit:tlg5026.msA.hmt:8.252,"urn:cite:hmt:vaimg.VA108RN-0280@0.6196,0.6302,0.2267,0.04",urn:cite:hmt:msA.108r
urn:cts:greekLit:tlg5026.msA.hmt:8.253,"urn:cite:hmt:vaimg.VA108RN-0280@0.6126,0.6661,0.2311,0.0812",urn:cite:hmt:msA.108r
urn:cts:greekLit:tlg5026.msA.hmt:8.254,"urn:cite:hmt:vaimg.VA108RN-0280@0.1752,0.7378,0.5586,0.0398",urn:cite:hmt:msA.108r
urn:cts:greekLit:tlg5026.msA.hmt:8.258,"urn:cite:hmt:vaimg.VA108VN-0611@0.1728,0.1301,0.7148,0.0766",urn:cite:hmt:msA.108v
urn:cts:greekLit:tlg5026.msA.hmt:8.259,"urn:cite:hmt:vaimg.VA108VN-0611@0.188,0.3289,0.2316,0.0781",urn:cite:hmt:msA.108v
urn:cts:greekLit:tlg5026.msA.hmt:8.260,"urn:cite:hmt:vaimg.VA108VN-0611@0.1908,0.3887,0.2256,0.067",urn:cite:hmt:msA.108v
urn:cts:greekLit:tlg5026.msA.hmt:8.261,"urn:cite:hmt:vaimg.VA108VN-0611@0.184,0.435,0.2396,0.1589",urn:cite:hmt:msA.108v
urn:cts:greekLit:tlg5026.msA.hmt:8.262,"urn:cite:hmt:vaimg.VA108VN-0611@0.1912,0.5737,0.236,0.0559",urn:cite:hmt:msA.108v
urn:cts:greekLit:tlg5026.msA.hmt:8.263,"urn:cite:hmt:vaimg.VA108VN-0611@0.1828,0.6122,0.2492,0.082",urn:cite:hmt:msA.108v
urn:cts:greekLit:tlg5026.msA.hmt:8.264,"urn:cite:hmt:vaimg.VA108VN-0611@0.186,0.6756,0.278,0.1078",urn:cite:hmt:msA.108v
urn:cts:greekLit:tlg5026.msA.hmt:8.265,"urn:cite:hmt:vaimg.VA108VN-0611@0.2048,0.7266,0.6672,0.0886",urn:cite:hmt:msA.108v
urn:cts:greekLit:tlg5026.msA.hmt:8.269,"urn:cite:hmt:vaimg.VA109RN-0281@0.1762,0.1195,0.6436,0.0579",urn:cite:hmt:msA.109r
urn:cts:greekLit:tlg5026.msA.hmt:8.270,"urn:cite:hmt:vaimg.VA109RN-0281@0.6463,0.3936,0.1579,0.0431",urn:cite:hmt:msA.109r
urn:cts:greekLit:tlg5026.msA.hmt:8.271,"urn:cite:hmt:vaimg.VA109RN-0281@0.624,0.432,0.1859,0.0597",urn:cite:hmt:msA.109r
urn:cts:greekLit:tlg5026.msA.hmt:8.272,"urn:cite:hmt:vaimg.VA109RN-0281@0.633,0.4912,0.1783,0.074",urn:cite:hmt:msA.109r
urn:cts:greekLit:tlg5026.msA.hmt:8.273,"urn:cite:hmt:vaimg.VA109RN-0281@0.627,0.5597,0.1889,0.0664",urn:cite:hmt:msA.109r
urn:cts:greekLit:tlg5026.msA.hmt:8.274,"urn:cite:hmt:vaimg.VA109RN-0281@0.1642,0.6131,0.6607,0.145",urn:cite:hmt:msA.109r
urn:cts:greekLit:tlg5026.msA.hmt:8.275,"urn:cite:hmt:vaimg.VA109RN-0281@0.1645,0.742,0.6522,0.0507",urn:cite:hmt:msA.109r
urn:cts:greekLit:tlg5026.msA.hmt:8.276,"urn:cite:hmt:vaimg.VA109RN-0281@0.166,0.7743,0.6478,0.0251",urn:cite:hmt:msA.109r
urn:cts:greekLit:tlg5026.msA.hmt:8.277,"urn:cite:hmt:vaimg.VA109RN-0281@0.1653,0.7832,0.6478,0.0351",urn:cite:hmt:msA.109r
urn:cts:greekLit:tlg5026.msA.hmt:8.278,"urn:cite:hmt:vaimg.VA109RN-0281@0.1631,0.8033,0.6478,0.039",urn:cite:hmt:msA.109r
urn:cts:greekLit:tlg5026.msA.hmt:8.279,"urn:cite:hmt:vaimg.VA109RN-0281@0.1645,0.8261,0.6478,0.039",urn:cite:hmt:msA.109r
urn:cts:greekLit:tlg5026.msA.hmt:8.290,"urn:cite:hmt:vaimg.VA109VN-0612@0.2112,0.3163,0.2148,0.1072",urn:cite:hmt:msA.109v
urn:cts:greekLit:tlg5026.msA.hmt:8.291,"urn:cite:hmt:vaimg.VA109VN-0612@0.2068,0.4073,0.2172,0.0664",urn:cite:hmt:msA.109v
urn:cts:greekLit:tlg5026.msA.hmt:8.292,"urn:cite:hmt:vaimg.VA109VN-0612@0.204,0.7384,0.6864,0.0315",urn:cite:hmt:msA.109v
urn:cts:greekLit:tlg5026.msA.hmt:8.293,"urn:cite:hmt:vaimg.VA109VN-0612@0.2212,0.7537,0.6612,0.0829",urn:cite:hmt:msA.109v
urn:cts:greekLit:tlg5026.msA.hmt:8.305,"urn:cite:hmt:vaimg.VA110RN-0282@0.1837,0.1131,0.6323,0.0405",urn:cite:hmt:msA.110r
urn:cts:greekLit:tlg5026.msA.hmt:8.306,"urn:cite:hmt:vaimg.VA110RN-0282@0.196,0.1361,0.6323,0.0624",urn:cite:hmt:msA.110r
urn:cts:greekLit:tlg5026.msA.hmt:8.307,"urn:cite:hmt:vaimg.VA110RN-0282@0.1887,0.1838,0.6381,0.0416",urn:cite:hmt:msA.110r
urn:cts:greekLit:tlg5026.msA.hmt:8.308,"urn:cite:hmt:vaimg.VA110RN-0282@0.6275,0.3514,0.2061,0.0594",urn:cite:hmt:msA.110r
urn:cts:greekLit:tlg5026.msA.hmt:8.309,"urn:cite:hmt:vaimg.VA110RN-0282@0.639,0.4112,0.1855,0.043",urn:cite:hmt:msA.110r
urn:cts:greekLit:tlg5026.msA.hmt:8.310,"urn:cite:hmt:vaimg.VA110RN-0282@0.6548,0.4484,0.1789,0.0314",urn:cite:hmt:msA.110r
urn:cts:greekLit:tlg5026.msA.hmt:8.311,"urn:cite:hmt:vaimg.VA110RN-0282@0.6321,0.4809,0.2073,0.0925",urn:cite:hmt:msA.110r
urn:cts:greekLit:tlg5026.msA.hmt:8.312,"urn:cite:hmt:vaimg.VA110RN-0282@0.6278,0.5719,0.1958,0.0606",urn:cite:hmt:msA.110r
urn:cts:greekLit:tlg5026.msA.hmt:8.313,"urn:cite:hmt:vaimg.VA110RN-0282@0.1692,0.7228,0.6296,0.0503",urn:cite:hmt:msA.110r
urn:cts:greekLit:tlg5026.msA.hmt:8.320,"urn:cite:hmt:vaimg.VA110VN-0613@0.1984,0.1253,0.6708,0.0496",urn:cite:hmt:msA.110v
urn:cts:greekLit:tlg5026.msA.hmt:8.321,"urn:cite:hmt:vaimg.VA110VN-0613@0.1824,0.407,0.2408,0.0883",urn:cite:hmt:msA.110v
urn:cts:greekLit:tlg5026.msA.hmt:8.322,"urn:cite:hmt:vaimg.VA110VN-0613@0.174,0.4806,0.252,0.0565",urn:cite:hmt:msA.110v
urn:cts:greekLit:tlg5026.msA.hmt:8.323,"urn:cite:hmt:vaimg.VA110VN-0613@0.1748,0.5197,0.2496,0.0862",urn:cite:hmt:msA.110v
urn:cts:greekLit:tlg5026.msA.hmt:8.324,"urn:cite:hmt:vaimg.VA110VN-0613@0.1908,0.5746,0.23,0.1012",urn:cite:hmt:msA.110v
urn:cts:greekLit:tlg5026.msA.hmt:8.325,"urn:cite:hmt:vaimg.VA110VN-0613@0.196,0.6615,0.2308,0.0925",urn:cite:hmt:msA.110v
urn:cts:greekLit:tlg5026.msA.hmt:8.326,"urn:cite:hmt:vaimg.VA110VN-0613@0.2012,0.723,0.6928,0.0982",urn:cite:hmt:msA.110v
urn:cts:greekLit:tlg5026.msA.hmt:8.327,"urn:cite:hmt:vaimg.VA110VN-0613@0.2092,0.7882,0.6852,0.0583",urn:cite:hmt:msA.110v
urn:cts:greekLit:tlg5026.msA.hmt:8.339,"urn:cite:hmt:vaimg.VA111RN-0283@0.1948,0.1213,0.6356,0.0368",urn:cite:hmt:msA.111r
urn:cts:greekLit:tlg5026.msA.hmt:8.340,"urn:cite:hmt:vaimg.VA111RN-0283@0.1948,0.1436,0.6401,0.0774",urn:cite:hmt:msA.111r
urn:cts:greekLit:tlg5026.msA.hmt:8.341,"urn:cite:hmt:vaimg.VA111RN-0283@0.6182,0.4189,0.217,0.0368",urn:cite:hmt:msA.111r
urn:cts:greekLit:tlg5026.msA.hmt:8.342,"urn:cite:hmt:vaimg.VA111RN-0283@0.6026,0.4458,0.2217,0.0656",urn:cite:hmt:msA.111r
urn:cts:greekLit:tlg5026.msA.hmt:8.343,"urn:cite:hmt:vaimg.VA111RN-0283@0.6141,0.5046,0.2015,0.0445",urn:cite:hmt:msA.111r
urn:cts:greekLit:tlg5026.msA.hmt:8.344,"urn:cite:hmt:vaimg.VA111RN-0283@0.6182,0.5428,0.2074,0.1866",urn:cite:hmt:msA.111r
urn:cts:greekLit:tlg5026.msA.hmt:8.345,"urn:cite:hmt:vaimg.VA111RN-0283@0.1709,0.7237,0.6293,0.0497",urn:cite:hmt:msA.111r
urn:cts:greekLit:tlg5026.msA.hmt:8.346,"urn:cite:hmt:vaimg.VA111RN-0283@0.1836,0.7542,0.6248,0.0718",urn:cite:hmt:msA.111r
urn:cts:greekLit:tlg5026.msA.hmt:8.347,"urn:cite:hmt:vaimg.VA111RN-0283@0.1784,0.8119,0.651,0.0311",urn:cite:hmt:msA.111r
urn:cts:greekLit:tlg5026.msA.hmt:8.355,"urn:cite:hmt:vaimg.VA111VN-0614@0.1884,0.1235,0.6944,0.0739",urn:cite:hmt:msA.111v
urn:cts:greekLit:tlg5026.msA.hmt:8.356,"urn:cite:hmt:vaimg.VA111VN-0614@0.1856,0.1769,0.7068,0.0538",urn:cite:hmt:msA.111v
urn:cts:greekLit:tlg5026.msA.hmt:8.357,"urn:cite:hmt:vaimg.VA111VN-0614@0.1964,0.2046,0.688,0.0712",urn:cite:hmt:msA.111v
urn:cts:greekLit:tlg5026.msAim.hmt:8.7,"urn:cite:hmt:vaimg.VA100VN-0603@0.402,0.4936,0.0643,0.0451",urn:cite:hmt:msA.100v
urn:cts:greekLit:tlg5026.msAim.hmt:8.8,"urn:cite:hmt:vaimg.VA100VN-0603@0.4097,0.5512,0.0567,0.0173",urn:cite:hmt:msA.100v
urn:cts:greekLit:tlg5026.msAim.hmt:8.9,"urn:cite:hmt:vaimg.VA100VN-0603@0.4083,0.5665,0.0633,0.0421",urn:cite:hmt:msA.100v
urn:cts:greekLit:tlg5026.msAim.hmt:8.10,"urn:cite:hmt:vaimg.VA100VN-0603@0.41,0.6033,0.064,0.0388",urn:cite:hmt:msA.100v
urn:cts:greekLit:tlg5026.msAim.hmt:8.11,"urn:cite:hmt:vaimg.VA100VN-0603@0.405,0.6428,0.0727,0.0453",urn:cite:hmt:msA.100v
urn:cts:greekLit:tlg5026.msAim.hmt:8.26,"urn:cite:hmt:vaimg.VA101RN-0273@0.5876,0.3411,0.045,0.0173",urn:cite:hmt:msA.101r
urn:cts:greekLit:tlg5026.msAim.hmt:8.27,"urn:cite:hmt:vaimg.VA101RN-0102@0.5927,0.3825,0.0323,0.0353",urn:cite:hmt:msA.101r
urn:cts:greekLit:tlg5026.msAim.hmt:8.28,"urn:cite:hmt:vaimg.VA101RN-0273@0.5315,0.4215,0.1061,0.0165",urn:cite:hmt:msA.101r
urn:cts:greekLit:tlg5026.msAim.hmt:8.29,"urn:cite:hmt:vaimg.VA101RN-0273@0.5906,0.5853,0.036,0.0496",urn:cite:hmt:msA.101r
urn:cts:greekLit:tlg5026.msAim.hmt:8.30,"urn:cite:hmt:vaimg.VA101RN-0273@0.6086,0.6732,0.018,0.0301",urn:cite:hmt:msA.101r
urn:cts:greekLit:tlg5026.msAim.hmt:8.31,"urn:cite:hmt:vaimg.VA101RN-0273@0.5886,0.695,0.036,0.0338",urn:cite:hmt:msA.101r
urn:cts:greekLit:tlg5026.msAim.hmt:8.51,"urn:cite:hmt:vaimg.VA101VN-0604@0.4054,0.3253,0.0591,0.0337",urn:cite:hmt:msA.101v
urn:cts:greekLit:tlg5026.msAim.hmt:8.52,"urn:cite:hmt:vaimg.VA101VN-0604@0.3903,0.3652,0.0769,0.0581",urn:cite:hmt:msA.101v
urn:cts:greekLit:tlg5026.msAim.hmt:8.53,"urn:cite:hmt:vaimg.VA101VN-0604@0.418,0.5456,0.0471,0.0517",urn:cite:hmt:msA.101v
urn:cts:greekLit:tlg5026.msAim.hmt:8.71,"urn:cite:hmt:vaimg.VA102RN-0274@0.5896,0.2637,0.0621,0.0323",urn:cite:hmt:msA.102r
urn:cts:greekLit:tlg5026.msAim.hmt:8.72,"urn:cite:hmt:vaimg.VA102RN-0274@0.6136,0.4373,0.0871,0.0255",urn:cite:hmt:msA.102r
urn:cts:greekLit:tlg5026.msAim.hmt:8.73,"urn:cite:hmt:vaimg.VA102RN-0274@0.5836,0.6364,0.048,0.0203",urn:cite:hmt:msA.102r
urn:cts:greekLit:tlg5026.msAim.hmt:8.89,"urn:cite:hmt:vaimg.VA102VN-0605@0.4154,0.3954,0.0354,0.0255",urn:cite:hmt:msA.102v
urn:cts:greekLit:tlg5026.msAim.hmt:8.90,"urn:cite:hmt:vaimg.VA102VN-0605@0.4206,0.4746,0.0434,0.0521",urn:cite:hmt:msA.102v
urn:cts:greekLit:tlg5026.msAim.hmt:8.91,"urn:cite:hmt:vaimg.VA102VN-0605@0.4146,0.5947,0.0409,0.0382",urn:cite:hmt:msA.102v
urn:cts:greekLit:tlg5026.msAim.hmt:8.92,"urn:cite:hmt:vaimg.VA102VN-0605@0.4097,0.6896,0.054,0.0416",urn:cite:hmt:msA.102v
urn:cts:greekLit:tlg5026.msAim.hmt:8.108,"urn:cite:hmt:vaimg.VA103RN-0275@0.6176,0.2434,0.0711,0.018",urn:cite:hmt:msA.103r
urn:cts:greekLit:tlg5026.msAim.hmt:8.109,"urn:cite:hmt:vaimg.VA103RN-0275@0.5946,0.4065,0.046,0.0338",urn:cite:hmt:msA.103r
urn:cts:greekLit:tlg5026.msAim.hmt:8.110,"urn:cite:hmt:vaimg.VA103RN-0275@0.5495,0.6026,0.0841,0.0195",urn:cite:hmt:msA.103r
urn:cts:greekLit:tlg5026.msAim.hmt:8.111,"urn:cite:hmt:vaimg.VA103RN-0275@0.5716,0.6319,0.0591,0.0992",urn:cite:hmt:msA.103r
urn:cts:greekLit:tlg5026.msAim.hmt:8.123,"urn:cite:hmt:vaimg.VA103VN-0606@0.4,0.4448,0.0683,0.0367",urn:cite:hmt:msA.103v
urn:cts:greekLit:tlg5026.msAim.hmt:8.124,"urn:cite:hmt:vaimg.VA103VN-0606@0.4069,0.5351,0.0617,0.0311",urn:cite:hmt:msA.103v
urn:cts:greekLit:tlg5026.msAim.hmt:8.125,"urn:cite:hmt:vaimg.VA103VN-0606@0.4033,0.6523,0.059,0.023",urn:cite:hmt:msA.103v
urn:cts:greekLit:tlg5026.msAim.hmt:8.9002,"urn:cite:hmt:vaimg.VA103VN-0606@0.3963,0.6706,0.0617,0.0305",urn:cite:hmt:msA.103v
urn:cts:greekLit:tlg5026.msAim.hmt:8.156,"urn:cite:hmt:vaimg.VA104VN-0607@0.4046,0.2512,0.0437,0.0197",urn:cite:hmt:msA.104v
urn:cts:greekLit:tlg5026.msAim.hmt:8.157,"urn:cite:hmt:vaimg.VA104VN-0607@0.3951,0.3671,0.0529,0.0268",urn:cite:hmt:msA.104v
urn:cts:greekLit:tlg5026.msAim.hmt:8.158,"urn:cite:hmt:vaimg.VA104VN-0607@0.3934,0.4975,0.0611,0.0352",urn:cite:hmt:msA.104v
urn:cts:greekLit:tlg5026.msAim.hmt:8.159,"urn:cite:hmt:vaimg.VA104VN-0607@0.408,0.6288,0.0583,0.0519",urn:cite:hmt:msA.104v
urn:cts:greekLit:tlg5026.msAim.hmt:8.172,"urn:cite:hmt:vaimg.VA105RN-0277@0.5876,0.4095,0.045,0.0248",urn:cite:hmt:msA.105r
urn:cts:greekLit:tlg5026.msAim.hmt:8.173,"urn:cite:hmt:vaimg.VA105RN-0277@0.5846,0.7243,0.042,0.0278",urn:cite:hmt:msA.105r
urn:cts:greekLit:tlg5026.msAim.hmt:8.184,"urn:cite:hmt:vaimg.VA105VN-0608@0.3749,0.445,0.07,0.0174",urn:cite:hmt:msA.105v
urn:cts:greekLit:tlg5026.msAim.hmt:8.185,"urn:cite:hmt:vaimg.VA105VN-0608@0.3971,0.4982,0.0583,0.0219",urn:cite:hmt:msA.105v
urn:cts:greekLit:tlg5026.msAim.hmt:8.186,"urn:cite:hmt:vaimg.VA105VN-0608@0.4091,0.6584,0.0597,0.0292",urn:cite:hmt:msA.105v
urn:cts:greekLit:tlg5026.msAim.hmt:8.187,"urn:cite:hmt:vaimg.VA105VN-0608@0.4003,0.6926,0.0717,0.0215",urn:cite:hmt:msA.105v
urn:cts:greekLit:tlg5026.msAim.hmt:8.200,"urn:cite:hmt:vaimg.VA106RN-0278@0.5786,0.562,0.048,0.0301",urn:cite:hmt:msA.106r
urn:cts:greekLit:tlg5026.msAim.hmt:8.211,"urn:cite:hmt:vaimg.VA106VN-0609@0.3826,0.2738,0.0629,0.0311",urn:cite:hmt:msA.106v
urn:cts:greekLit:tlg5026.msAim.hmt:8.212,"urn:cite:hmt:vaimg.VA106VN-0609@0.3843,0.3104,0.0677,0.0236",urn:cite:hmt:msA.106v
urn:cts:greekLit:tlg5026.msAim.hmt:8.213,"urn:cite:hmt:vaimg.VA106VN-0609@0.3903,0.3697,0.0637,0.0498",urn:cite:hmt:msA.106v
urn:cts:greekLit:tlg5026.msAim.hmt:8.214,"urn:cite:hmt:vaimg.VA106VN-0609@0.3957,0.4456,0.0543,0.0268",urn:cite:hmt:msA.106v
urn:cts:greekLit:tlg5026.msAim.hmt:8.215,"urn:cite:hmt:vaimg.VA106VN-0609@0.398,0.5001,0.0637,0.0457",urn:cite:hmt:msA.106v
urn:cts:greekLit:tlg5026.msAim.hmt:8.216,"urn:cite:hmt:vaimg.VA106VN-0609@0.3969,0.5413,0.0649,0.0354",urn:cite:hmt:msA.106v
urn:cts:greekLit:tlg5026.msAim.hmt:8.217,"urn:cite:hmt:vaimg.VA106VN-0609@0.4063,0.6003,0.0517,0.0287",urn:cite:hmt:msA.106v
urn:cts:greekLit:tlg5026.msAim.hmt:8.218,"urn:cite:hmt:vaimg.VA106VN-0609@0.4151,0.6896,0.042,0.0294",urn:cite:hmt:msA.106v
urn:cts:greekLit:tlg5026.msAim.hmt:8.230,"urn:cite:hmt:vaimg.VA107RN-0279@0.5746,0.5214,0.0501,0.0218",urn:cite:hmt:msA.107r
urn:cts:greekLit:tlg5026.msAim.hmt:8.231,"urn:cite:hmt:vaimg.VA107RN-0279@0.5676,0.544,0.0551,0.0391",urn:cite:hmt:msA.107r
urn:cts:greekLit:tlg5026.msAim.hmt:8.244,"urn:cite:hmt:vaimg.VA107VN-0610@0.3916,0.249,0.0652,0.0288",urn:cite:hmt:msA.107v
urn:cts:greekLit:tlg5026.msAim.hmt:8.245,"urn:cite:hmt:vaimg.VA107VN-0610@0.3988,0.3241,0.0632,0.027",urn:cite:hmt:msA.107v
urn:cts:greekLit:tlg5026.msAim.hmt:8.246,"urn:cite:hmt:vaimg.VA107VN-0610@0.424,0.6666,0.0416,0.0388",urn:cite:hmt:msA.107v
urn:cts:greekLit:tlg5026.msAim.hmt:8.255,"urn:cite:hmt:vaimg.VA108RN-0280@0.6006,0.275,0.047,0.0195",urn:cite:hmt:msA.108r
urn:cts:greekLit:tlg5026.msAim.hmt:8.256,"urn:cite:hmt:vaimg.VA108RN-0280@0.5876,0.3103,0.0601,0.0233",urn:cite:hmt:msA.108r
urn:cts:greekLit:tlg5026.msAim.hmt:8.2002,"urn:cite:hmt:vaimg.VA108VN-0611@0.4036,0.2682,0.0736,0.0321",urn:cite:hmt:msA.108v
urn:cts:greekLit:tlg5026.msAim.hmt:8.266,"urn:cite:hmt:vaimg.VA108VN-0611@0.4084,0.4049,0.0516,0.0315",urn:cite:hmt:msA.108v
urn:cts:greekLit:tlg5026.msAim.hmt:8.267,"urn:cite:hmt:vaimg.VA108VN-0611@0.4192,0.5164,0.0524,0.043",urn:cite:hmt:msA.108v
urn:cts:greekLit:tlg5026.msAim.hmt:8.268,"urn:cite:hmt:vaimg.VA108VN-0611@0.4184,0.6642,0.0524,0.0505",urn:cite:hmt:msA.108v
urn:cts:greekLit:tlg5026.msAim.hmt:8.280,"urn:cite:hmt:vaimg.VA109RN-0281@0.5946,0.2735,0.0761,0.027",urn:cite:hmt:msA.109r
urn:cts:greekLit:tlg5026.msAim.hmt:8.281,"urn:cite:hmt:vaimg.VA109RN-0281@0.5906,0.5207,0.046,0.0368",urn:cite:hmt:msA.109r
urn:cts:greekLit:tlg5026.msAim.hmt:8.282,"urn:cite:hmt:vaimg.VA109RN-0281@0.5736,0.6867,0.0561,0.0676",urn:cite:hmt:msA.109r
urn:cts:greekLit:tlg5026.msAim.hmt:8.283,"urn:cite:hmt:vaimg.VA109RN-0281@0.2593,0.7145,0.2152,0.0263",urn:cite:hmt:msA.109r
urn:cts:greekLit:tlg5026.msAim.hmt:8.294,"urn:cite:hmt:vaimg.VA109VN-0612@0.4284,0.3031,0.0616,0.0436",urn:cite:hmt:msA.109v
urn:cts:greekLit:tlg5026.msAim.hmt:8.295,"urn:cite:hmt:vaimg.VA109VN-0612@0.4268,0.4187,0.0712,0.0378",urn:cite:hmt:msA.109v
urn:cts:greekLit:tlg5026.msAim.hmt:8.296,"urn:cite:hmt:vaimg.VA109VN-0612@0.4208,0.4746,0.052,0.0484",urn:cite:hmt:msA.109v
urn:cts:greekLit:tlg5026.msAim.hmt:8.297,"urn:cite:hmt:vaimg.VA109VN-0612@0.4272,0.5737,0.0572,0.03",urn:cite:hmt:msA.109v
urn:cts:greekLit:tlg5026.msAim.hmt:8.298,"urn:cite:hmt:vaimg.VA109VN-0612@0.4244,0.6299,0.0512,0.0276",urn:cite:hmt:msA.109v
urn:cts:greekLit:tlg5026.msAim.hmt:8.314,"urn:cite:hmt:vaimg.VA110RN-0282@0.5736,0.2352,0.0681,0.0218",urn:cite:hmt:msA.110r
urn:cts:greekLit:tlg5026.msAim.hmt:8.2004,"urn:cite:hmt:vaimg.VA110RN-0282@0.5495,0.2547,0.0791,0.0218",urn:cite:hmt:msA.110r
urn:cts:greekLit:tlg5026.msAim.hmt:8.315,"urn:cite:hmt:vaimg.VA110RN-0282@0.6096,0.4613,0.046,0.0263",urn:cite:hmt:msA.110r
urn:cts:greekLit:tlg5026.msAim.hmt:8.316,"urn:cite:hmt:vaimg.VA110RN-0282@0.5816,0.5552,0.0661,0.0248",urn:cite:hmt:msA.110r
urn:cts:greekLit:tlg5026.msAim.hmt:8.317,"urn:cite:hmt:vaimg.VA110RN-0282@0.5796,0.6236,0.0911,0.0188",urn:cite:hmt:msA.110r
urn:cts:greekLit:tlg5026.msAim.hmt:8.328,"urn:cite:hmt:vaimg.VA110VN-0613@0.4012,0.2589,0.0636,0.0541",urn:cite:hmt:msA.110v
urn:cts:greekLit:tlg5026.msAim.hmt:8.329,"urn:cite:hmt:vaimg.VA110VN-0613@0.4096,0.3542,0.058,0.0234",urn:cite:hmt:msA.110v
urn:cts:greekLit:tlg5026.msAim.hmt:8.330,"urn:cite:hmt:vaimg.VA110VN-0613@0.4092,0.3968,0.0608,0.0454",urn:cite:hmt:msA.110v
urn:cts:greekLit:tlg5026.msAim.hmt:8.331,"urn:cite:hmt:vaimg.VA110VN-0613@0.4172,0.4497,0.0552,0.0345",urn:cite:hmt:msA.110v
urn:cts:greekLit:tlg5026.msAim.hmt:8.332,"urn:cite:hmt:vaimg.VA110VN-0613@0.4128,0.5269,0.0488,0.0279",urn:cite:hmt:msA.110v
urn:cts:greekLit:tlg5026.msAim.hmt:8.333,"urn:cite:hmt:vaimg.VA110VN-0613@0.4136,0.5644,0.0592,0.0369",urn:cite:hmt:msA.110v
urn:cts:greekLit:tlg5026.msAim.hmt:8.334,"urn:cite:hmt:vaimg.VA110VN-0613@0.418,0.6621,0.0608,0.0592",urn:cite:hmt:msA.110v
urn:cts:greekLit:tlg5026.msAim.hmt:8.348,"urn:cite:hmt:vaimg.VA111RN-0283@0.6296,0.3148,0.0701,0.0323",urn:cite:hmt:msA.111r
urn:cts:greekLit:tlg5026.msAim.hmt:8.349,"urn:cite:hmt:vaimg.VA111RN-0283@0.5966,0.6243,0.037,0.0331",urn:cite:hmt:msA.111r
urn:cts:greekLit:tlg5026.msAim.hmt:8.358,"urn:cite:hmt:vaimg.VA111VN-0614@0.4152,0.2797,0.0528,0.0529",urn:cite:hmt:msA.111v
urn:cts:greekLit:tlg5026.msAim.hmt:8.359,"urn:cite:hmt:vaimg.VA111VN-0614@0.4168,0.3476,0.0436,0.0273",urn:cite:hmt:msA.111v
urn:cts:greekLit:tlg5026.msAint.hmt:8.32,"urn:cite:hmt:vaimg.VA101RN-0273@0.1231,0.3554,0.0671,0.0308",urn:cite:hmt:msA.101r
urn:cts:greekLit:tlg5026.msAint.hmt:8.33,"urn:cite:hmt:vaimg.VA101RN-0273@0.1241,0.4282,0.0611,0.0301",urn:cite:hmt:msA.101r
urn:cts:greekLit:tlg5026.msAint.hmt:8.54,"urn:cite:hmt:vaimg.VA101VN-0604@0.8306,0.4581,0.0409,0.021",urn:cite:hmt:msA.101v
urn:cts:greekLit:tlg5026.msAint.hmt:8.55,"urn:cite:hmt:vaimg.VA101VN-0604@0.8663,0.5087,0.0294,0.0446",urn:cite:hmt:msA.101v
urn:cts:greekLit:tlg5026.msAint.hmt:8.56,"urn:cite:hmt:vaimg.VA101VN-0604@0.8357,0.6014,0.0426,0.0193",urn:cite:hmt:msA.101v
urn:cts:greekLit:tlg5026.msAint.hmt:8.74,"urn:cite:hmt:vaimg.VA102RN-0274@0.1261,0.3764,0.0561,0.0376",urn:cite:hmt:msA.102r
urn:cts:greekLit:tlg5026.msAint.hmt:8.75,"urn:cite:hmt:vaimg.VA102RN-0274@0.1321,0.5207,0.0631,0.0376",urn:cite:hmt:msA.102r
urn:cts:greekLit:tlg5026.msAint.hmt:8.76,"urn:cite:hmt:vaimg.VA102RN-0274@0.1231,0.5928,0.0601,0.0316",urn:cite:hmt:msA.102r
urn:cts:greekLit:tlg5026.msAint.hmt:8.77,"urn:cite:hmt:vaimg.VA102RN-0274@0.1211,0.6777,0.0661,0.0376",urn:cite:hmt:msA.102r
urn:cts:greekLit:tlg5026.msAint.hmt:8.93,"urn:cite:hmt:vaimg.VA102VN-0605@0.863,0.4616,0.0307,0.0358",urn:cite:hmt:msA.102v
urn:cts:greekLit:tlg5026.msAint.hmt:8.94,"urn:cite:hmt:vaimg.VA102VN-0605@0.8329,0.5228,0.0449,0.0193",urn:cite:hmt:msA.102v
urn:cts:greekLit:tlg5026.msAint.hmt:8.112,"urn:cite:hmt:vaimg.VA103RN-0275@0.1311,0.2712,0.0671,0.0413",urn:cite:hmt:msA.103r
urn:cts:greekLit:tlg5026.msAint.hmt:8.113,"urn:cite:hmt:vaimg.VA103RN-0275@0.1261,0.3847,0.0621,0.0436",urn:cite:hmt:msA.103r
urn:cts:greekLit:tlg5026.msAint.hmt:8.114,"urn:cite:hmt:vaimg.VA103RN-0275@0.1251,0.4996,0.0681,0.0466",urn:cite:hmt:msA.103r
urn:cts:greekLit:tlg5026.msAint.hmt:8.126,"urn:cite:hmt:vaimg.VA103VN-0606@0.8254,0.3806,0.0383,0.021",urn:cite:hmt:msA.103v
urn:cts:greekLit:tlg5026.msAint.hmt:8.127,"urn:cite:hmt:vaimg.VA103VN-0606@0.834,0.4029,0.0397,0.0363",urn:cite:hmt:msA.103v
urn:cts:greekLit:tlg5026.msAint.hmt:8.128,"urn:cite:hmt:vaimg.VA103VN-0606@0.8006,0.6962,0.0537,0.0429",urn:cite:hmt:msA.103v
urn:cts:greekLit:tlg5026.msAint.hmt:8.141,"urn:cite:hmt:vaimg.VA104RN-0276@0.1311,0.2705,0.0611,0.0263",urn:cite:hmt:msA.104r
urn:cts:greekLit:tlg5026.msAint.hmt:8.142,"urn:cite:hmt:vaimg.VA104RN-0276@0.1191,0.5808,0.0751,0.0376",urn:cite:hmt:msA.104r
urn:cts:greekLit:tlg5026.msAint.hmt:8.143,"urn:cite:hmt:vaimg.VA104RN-0276@0.1231,0.6326,0.0551,0.0413",urn:cite:hmt:msA.104r
urn:cts:greekLit:tlg5026.msAint.hmt:8.144,"urn:cite:hmt:vaimg.VA104RN-0276@0.1171,0.6694,0.0621,0.0406",urn:cite:hmt:msA.104r
urn:cts:greekLit:tlg5026.msAint.hmt:8.174,"urn:cite:hmt:vaimg.VA105RN-0277@0.1231,0.4057,0.0641,0.0316",urn:cite:hmt:msA.105r
urn:cts:greekLit:tlg5026.msAint.hmt:8.175,"urn:cite:hmt:vaimg.VA105RN-0277@0.1301,0.4666,0.0621,0.0428",urn:cite:hmt:msA.105r
urn:cts:greekLit:tlg5026.msAint.hmt:8.188,"urn:cite:hmt:vaimg.VA105VN-0608@0.8574,0.2761,0.0363,0.0311",urn:cite:hmt:msA.105v
urn:cts:greekLit:tlg5026.msAint.hmt:8.189,"urn:cite:hmt:vaimg.VA105VN-0608@0.8651,0.4962,0.0363,0.0341",urn:cite:hmt:msA.105v
urn:cts:greekLit:tlg5026.msAint.hmt:8.190,"urn:cite:hmt:vaimg.VA105VN-0608@0.8749,0.5941,0.0371,0.0487",urn:cite:hmt:msA.105v
urn:cts:greekLit:tlg5026.msAint.hmt:8.191,"urn:cite:hmt:vaimg.VA105VN-0608@0.8614,0.6762,0.0457,0.0429",urn:cite:hmt:msA.105v
urn:cts:greekLit:tlg5026.msAint.hmt:8.201,"urn:cite:hmt:vaimg.VA106RN-0278@0.1331,0.3088,0.0631,0.0503",urn:cite:hmt:msA.106r
urn:cts:greekLit:tlg5026.msAint.hmt:8.202,"urn:cite:hmt:vaimg.VA106RN-0278@0.1211,0.5597,0.0581,0.0323",urn:cite:hmt:msA.106r
urn:cts:greekLit:tlg5026.msAint.hmt:8.203,"urn:cite:hmt:vaimg.VA106RN-0278@0.1181,0.6191,0.0701,0.0376",urn:cite:hmt:msA.106r
urn:cts:greekLit:tlg5026.msAint.hmt:8.219,"urn:cite:hmt:vaimg.VA106VN-0609@0.8811,0.5276,0.0251,0.0442",urn:cite:hmt:msA.106v
urn:cts:greekLit:tlg5026.msAint.hmt:8.220,"urn:cite:hmt:vaimg.VA106VN-0609@0.878,0.5623,0.0394,0.0393",urn:cite:hmt:msA.106v
urn:cts:greekLit:tlg5026.msAint.hmt:8.232,"urn:cite:hmt:vaimg.VA107RN-0279@0.1231,0.5379,0.0721,0.0421",urn:cite:hmt:msA.107r
urn:cts:greekLit:tlg5026.msAint.hmt:8.257,"urn:cite:hmt:vaimg.VA108RN-0280@0.1311,0.2915,0.042,0.0165",urn:cite:hmt:msA.108r
urn:cts:greekLit:tlg5026.msAint.hmt:8.284,"urn:cite:hmt:vaimg.VA109RN-0281@0.1251,0.275,0.0631,0.0278",urn:cite:hmt:msA.109r
urn:cts:greekLit:tlg5026.msAint.hmt:8.285,"urn:cite:hmt:vaimg.VA109RN-0281@0.1251,0.4087,0.0551,0.0285",urn:cite:hmt:msA.109r
urn:cts:greekLit:tlg5026.msAint.hmt:8.286,"urn:cite:hmt:vaimg.VA109RN-0281@0.1321,0.5267,0.045,0.027",urn:cite:hmt:msA.109r
urn:cts:greekLit:tlg5026.msAint.hmt:8.299,"urn:cite:hmt:vaimg.VA109VN-0612@0.8628,0.3232,0.0352,0.0222",urn:cite:hmt:msA.109v
urn:cts:greekLit:tlg5026.msAint.hmt:8.300,"urn:cite:hmt:vaimg.VA109VN-0612@0.806,0.401,0.0664,0.0192",urn:cite:hmt:msA.109v
urn:cts:greekLit:tlg5026.msAint.hmt:8.301,"urn:cite:hmt:vaimg.VA109VN-0612@0.8412,0.4527,0.056,0.0255",urn:cite:hmt:msA.109v
urn:cts:greekLit:tlg5026.msAint.hmt:8.302,"urn:cite:hmt:vaimg.VA109VN-0612@0.8492,0.55,0.0512,0.0391",urn:cite:hmt:msA.109v
urn:cts:greekLit:tlg5026.msAint.hmt:8.303,"urn:cite:hmt:vaimg.VA109VN-0612@0.8672,0.6576,0.0368,0.0159",urn:cite:hmt:msA.109v
urn:cts:greekLit:tlg5026.msAint.hmt:8.318,"urn:cite:hmt:vaimg.VA110RN-0282@0.1201,0.4057,0.0691,0.0301",urn:cite:hmt:msA.110r
urn:cts:greekLit:tlg5026.msAint.hmt:8.319,"urn:cite:hmt:vaimg.VA110RN-0282@0.1221,0.6799,0.0631,0.0398",urn:cite:hmt:msA.110r
urn:cts:greekLit:tlg5026.msAint.hmt:8.335,"urn:cite:hmt:vaimg.VA110VN-0613@0.8332,0.2544,0.0648,0.0589",urn:cite:hmt:msA.110v
urn:cts:greekLit:tlg5026.msAint.hmt:8.336,"urn:cite:hmt:vaimg.VA110VN-0613@0.8324,0.4091,0.0624,0.0354",urn:cite:hmt:msA.110v
urn:cts:greekLit:tlg5026.msAint.hmt:8.337,"urn:cite:hmt:vaimg.VA110VN-0613@0.8456,0.4806,0.0496,0.0318",urn:cite:hmt:msA.110v
urn:cts:greekLit:tlg5026.msAint.hmt:8.350,"urn:cite:hmt:vaimg.VA111RN-0283@0.1371,0.2329,0.0621,0.024",urn:cite:hmt:msA.111r
urn:cts:greekLit:tlg5026.msAint.hmt:8.351,"urn:cite:hmt:vaimg.VA111RN-0283@0.1441,0.5417,0.023,0.0158",urn:cite:hmt:msA.111r
urn:cts:greekLit:tlg5026.msAext.hmt:8.1000,"urn:cite:hmt:vaimg.VA102RN-0274@0.8554,0.3452,0.0523,0.0333",urn:cite:msA.102r
urn:cts:greekLit:tlg5026.msAext.hmt:8.95,"urn:cite:hmt:vaimg.VA102VN-0605@0.1243,0.6887,0.0451,0.0255",urn:cite:hmt:msA.102v
urn:cts:greekLit:tlg5026.msAext.hmt:8.1001,"urn:cite:hmt:vaimg.VA104VN-0607@0.0969,0.7091,0.062,0.0266",urn:cite:hmt:msA.104v
urn:cts:greekLit:tlg5026.msAext.hmt:8.221,"urn:cite:hmt:vaimg.VA106VN-0609@0.1077,0.6941,0.0823,0.0236",urn:cite:hmt:msA.106v
urn:cts:greekLit:tlg5026.msAext.hmt:8.338,"urn:cite:hmt:vaimg.VA110VN-0613@0.1004,0.5335,0.052,0.0258",urn:cite:hmt:msA.110v
urn:cts:greekLit:tlg5026.msAext.hmt:8.352,"urn:cite:hmt:vaimg.VA111RN-0283@0.8378,0.2637,0.043,0.0218",urn:cite:hmt:msA.111r
urn:cts:greekLit:tlg5026.msAext.hmt:8.353,"urn:cite:hmt:vaimg.VA111RN-0283@0.8829,0.417,0.037,0.0248",urn:cite:hmt:msA.111r
urn:cts:greekLit:tlg5026.msAil.hmt:8.34,"urn:cite:hmt:vaimg.VA101RN-0273@0.3143,0.3434,0.2132,0.0188",urn:cite:hmt:msA.101r
urn:cts:greekLit:tlg5026.msAil.hmt:8.35,"urn:cite:hmt:vaimg.VA101RN-0273@0.4521,0.4045,0.0832,0.0153",urn:cite:hmt:msA.101r
urn:cts:greekLit:tlg5026.msAil.hmt:8.36,"urn:cite:hmt:vaimg.VA101RN-0273@0.4489,0.4235,0.0784,0.0165",urn:cite:hmt:msA.101r
urn:cts:greekLit:tlg5026.msAil.hmt:8.37,"urn:cite:hmt:vaimg.VA101RN-0273@0.3807,0.4408,0.0725,0.0153",urn:cite:hmt:msA.101r
urn:cts:greekLit:tlg5026.msAil.hmt:8.38,"urn:cite:hmt:vaimg.VA101RN-0273@0.2288,0.5348,0.0907,0.0145",urn:cite:hmt:msA.101r
urn:cts:greekLit:tlg5026.msAil.hmt:8.39,"urn:cite:hmt:vaimg.VA101RN-0273@0.3684,0.5731,0.0628,0.0149",urn:cite:hmt:msA.101r
urn:cts:greekLit:tlg5026.msAil.hmt:8.40,"urn:cite:hmt:vaimg.VA101RN-0273@0.2175,0.684,0.109,0.0177",urn:cite:hmt:msA.101r
urn:cts:greekLit:tlg5026.msAil.hmt:8.57,"urn:cite:hmt:vaimg.VA101VN-0604@0.6306,0.2409,0.1491,0.0206",urn:cite:hmt:msA.101v
urn:cts:greekLit:tlg5026.msAil.hmt:8.58,"urn:cite:hmt:vaimg.VA101VN-0604@0.4969,0.2656,0.0289,0.0167",urn:cite:hmt:msA.101v
urn:cts:greekLit:tlg5026.msAil.hmt:8.59,"urn:cite:hmt:vaimg.VA101VN-0604@0.7083,0.2682,0.0326,0.0172",urn:cite:hmt:msA.101v
urn:cts:greekLit:tlg5026.msAil.hmt:8.60,"urn:cite:hmt:vaimg.VA101VN-0604@0.6297,0.4179,0.0351,0.0146",urn:cite:hmt:msA.101v
urn:cts:greekLit:tlg5026.msAil.hmt:8.61,"urn:cite:hmt:vaimg.VA101VN-0604@0.6451,0.5475,0.022,0.0146",urn:cite:hmt:msA.101v
urn:cts:greekLit:tlg5026.msAil.hmt:8.62,"urn:cite:hmt:vaimg.VA101VN-0604@0.7906,0.5482,0.0211,0.0127",urn:cite:hmt:msA.101v
urn:cts:greekLit:tlg5026.msAil.hmt:8.9001,"urn:cite:hmt:vaimg.VA102VN-0605@0.8177,0.4601,0.0467,0.017",urn:cite:htm:msA.102v
urn:cts:greekLit:tlg5026.msAil.hmt:8.96,"urn:cite:hmt:vaimg.VA102VN-0605@0.7671,0.5604,0.0571,0.0148",urn:cite:hmt:msA.102v
urn:cts:greekLit:tlg5026.msAil.hmt:8.97,"urn:cite:hmt:vaimg.VA102VN-0605@0.7466,0.584,0.0186,0.0101",urn:cite:hmt:msA.102v
urn:cts:greekLit:tlg5026.msAil.hmt:8.98,"urn:cite:hmt:vaimg.VA102VN-0605@0.544,0.6211,0.0131,0.0137",urn:cite:hmt:msA.102v
urn:cts:greekLit:tlg5026.msAil.hmt:8.99,"urn:cite:hmt:vaimg.VA102VN-0605@0.7177,0.676,0.0326,0.0131",urn:cite:hmt:msA.102v
urn:cts:greekLit:tlg5026.msAil.hmt:8.100,"urn:cite:hmt:vaimg.VA102VN-0605@0.768,0.6769,0.0129,0.0099",urn:cite:hmt:msA.102v
urn:cts:greekLit:tlg5026.msAil.hmt:8.115,"urn:cite:hmt:vaimg.VA103RN-0275@0.3904,0.6379,0.013,0.009",urn:cite:hmt:msA.103r
urn:cts:greekLit:tlg5026.msAil.hmt:8.129,"urn:cite:hmt:vaimg.VA103VN-0606@0.5203,0.6606,0.088,0.0165",urn:cite:hmt:msA.103v
urn:cts:greekLit:tlg5026.msAil.hmt:8.130,"urn:cite:hmt:vaimg.VA103VN-0606@0.7046,0.6975,0.0297,0.0174",urn:cite:hmt:msA.103v
urn:cts:greekLit:tlg5026.msAil.hmt:8.145,"urn:cite:hmt:vaimg.VA104RN-0276@0.2102,0.6491,0.0501,0.0158",urn:cite:hmt:msA.104r
urn:cts:greekLit:tlg5026.msAil.hmt:8.160,"urn:cite:hmt:vaimg.VA104VN-0607@0.4694,0.5145,0.0109,0.0109",urn:cite:hmt:msA.104v
urn:cts:greekLit:tlg5026.msAil.hmt:8.161,"urn:cite:hmt:vaimg.VA104VN-0607@0.5154,0.6252,0.0091,0.0086",urn:cite:hmt:msA.104v
urn:cts:greekLit:tlg5026.msAil.hmt:8.176,"urn:cite:hmt:vaimg.VA105RN-0277@0.2913,0.4628,0.018,0.012",urn:cite:hmt:msA.105r
urn:cts:greekLit:tlg5026.msAil.hmt:8.177,"urn:cite:hmt:vaimg.VA105RN-0277@0.5465,0.6063,0.022,0.0135",urn:cite:hmt:msA.105r
urn:cts:greekLit:tlg5026.msAil.hmt:8.178,"urn:cite:hmt:vaimg.VA105RN-0277@0.4605,0.701,0.014,0.009",urn:cite:hmt:msA.105r
urn:cts:greekLit:tlg5026.msAil.hmt:8.192,"urn:cite:hmt:vaimg.VA105VN-0608@0.6526,0.325,0.0083,0.0092",urn:cite:hmt:msA.105v
urn:cts:greekLit:tlg5026.msAil.hmt:8.193,"urn:cite:hmt:vaimg.VA105VN-0608@0.786,0.4355,0.0091,0.0075",urn:cite:hmt:msA.105v
urn:cts:greekLit:tlg5026.msAil.hmt:8.287,"urn:cite:hmt:vaimg.VA109RN-0281@0.2342,0.2682,0.041,0.0128",urn:cite:hmt:msA.109r
urn:cts:greekLit:tlg5026.msAil.hmt:8.288,"urn:cite:hmt:vaimg.VA109RN-0281@0.3303,0.4823,0.043,0.0135",urn:cite:hmt:msA.109r
urn:cts:greekLit:tlg5026.msAil.hmt:8.289,"urn:cite:hmt:vaimg.VA109RN-0281@0.4685,0.5222,0.045,0.0158",urn:cite:hmt:msA.109r
urn:cts:greekLit:tlg5026.msAil.hmt:8.304,"urn:cite:hmt:vaimg.VA109VN-0612@0.6392,0.295,0.0148,0.015",urn:cite:hmt:msA.109v
urn:cts:greekLit:tlg5026.msAil.hmt:8.354,"urn:cite:hmt:vaimg.VA111RN-0283@0.4755,0.3539,0.016,0.0105",urn:cite:hmt:msA.111r
urn:cts:greekLit:tlg5026.msAil.hmt:8.360,"urn:cite:hmt:vaimg.VA111VN-0614@0.732,0.2328,0.0468,0.0228",urn:cite:hmt:msA.111v
