PageZone,Folio,ImageRoI,"Label"
urn:cite:hmt:pageroi.1,urn:cite:hmt:msA.12r,"urn:cite:hmt:vaimg.VA012RN-0013@0.0417,0.0813,0.845,0.8813","Page area of folio 12r"
urn:cite:hmt:pageroi.2,urn:cite:hmt:msA.12v,"urn:cite:hmt:vaimg.VA012VN-0514@0.1167,0.0801,0.815,0.8561","Page area of folio 12v"
urn:cite:hmt:pageroi.3,urn:cite:hmt:msA.13r,"urn:cite:hmt:vaimg.VA013RN-0014@0.0675,0.0892,0.795,0.8638","Page area of folio 13r"
urn:cite:hmt:pageroi.4,urn:cite:hmt:msA.13v,"urn:cite:hmt:vaimg.VA013VN-0515@0.1063,0.0798,0.8113,0.8423","Page area of folio 13v"
urn:cite:hmt:pageroi.5,urn:cite:hmt:msA.14r,"urn:cite:hmt:vaimg.VA014RN-0015@0.0688,0.0883,0.8025,0.8732","Page area of folio 14r"
urn:cite:hmt:pageroi.6,urn:cite:hmt:msA.14v,"urn:cite:hmt:vaimg.VA014VN-0516@0.1013,0.0816,0.8163,0.8583","Page area of folio 14v"
urn:cite:hmt:pageroi.24,urn:cite:hmt:msA.23r,"urn:cite:hmt:vaimg.VA023RN-0024@0.0725,0.0573,0.815,0.8657","Page area of folio 23r"
urn:cite:hmt:pageroi.41,urn:cite:hmt:msA.97v,"urn:cite:hmt:vaimg.VA097VN-0600@0.0763,0.0723,0.8425,0.8592","Page area of folio 97v"
urn:cite:hmt:pageroi.50,urn:cite:hmt:msA.24v,"urn:cite:hmt:vaimg.VA024VN-0526@0.13,0.0761,0.8075,0.8554","Page area of folio 24v"
urn:cite:hmt:pageroi.7,urn:cite:hmt:msA.15r,"urn:cite:hmt:vaimg.VA015RN-0016@0.0712,0.0883,0.81,0.8667","Page area of folio 15r"
urn:cite:hmt:pageroi.10,urn:cite:hmt:msA.16v,"urn:cite:hmt:vaimg.VA016VN-0518@0.1013,0.0742,0.815,0.8563","Page area of folio 16v"
urn:cite:hmt:pageroi.12,urn:cite:hmt:msA.17v,"urn:cite:hmt:vaimg.VA017VN-0519@0.085,0.0826,0.8388,0.8545","Page area of folio 17v"
urn:cite:hmt:pageroi.19,urn:cite:hmt:msA.20v,"urn:cite:hmt:vaimg.VA020VN-0522@0.1363,0.0742,0.8138,0.861","Page area of folio 20v"
urn:cite:hmt:pageroi.31,urn:cite:hmt:msA.93r,"urn:cite:hmt:vaimg.VA093RN-0094@0.05,0.0695,0.8363,0.8704","Page area of folio 93r"
urn:cite:hmt:pageroi.49,urn:cite:hmt:msA.25r,"urn:cite:hmt:vaimg.VA025RN-0026@0.0625,0.0563,0.8188,0.8657","Page area of folio 25r"
urn:cite:hmt:pageroi.8,urn:cite:hmt:msA.15v,"urn:cite:hmt:vaimg.VA015VN-0517@0.1113,0.0732,0.805,0.8554","Page area of folio 15v"
urn:cite:hmt:pageroi.23,urn:cite:hmt:msA.22v,"urn:cite:hmt:vaimg.VA022VN-0524@0.1175,0.0751,0.8213,0.8582","Page area of folio 22v"
urn:cite:hmt:pageroi.30,urn:cite:hmt:msA.92v,"urn:cite:hmt:vaimg.VA092VN-0595@0.07,0.0761,0.8438,0.8563","Page area of folio 92v"
urn:cite:hmt:pageroi.36,urn:cite:hmt:msA.95v,"urn:cite:hmt:vaimg.VA095VN-0598@0.0938,0.0714,0.8138,0.862","Page area of folio 95v"
urn:cite:hmt:pageroi.39,urn:cite:hmt:msA.96v,"urn:cite:hmt:vaimg.VA096VN-0599@0.0838,0.0732,0.8263,0.8629","Page area of folio 96v"
urn:cite:hmt:pageroi.43,urn:cite:hmt:msA.98v,"urn:cite:hmt:vaimg.VA098VN-0601@0.0888,0.0723,0.8313,0.8545","Page area of folio 98v"
urn:cite:hmt:pageroi.48,urn:cite:hmt:msA.26r,"urn:cite:hmt:vaimg.VA026RN-0027@0.0638,0.0563,0.8213,0.8676","Page area of folio 26r"
urn:cite:hmt:pageroi.9,urn:cite:hmt:msA.16r,"urn:cite:hmt:vaimg.VA016RN-0017@0.0775,0.0592,0.7988,0.8592","Page area of folio 16r"
urn:cite:hmt:pageroi.11,urn:cite:hmt:msA.17r,"urn:cite:hmt:vaimg.VA017RN-0018@0.0613,0.0554,0.8288,0.8545","Page area of folio 17r"
urn:cite:hmt:pageroi.29,urn:cite:hmt:msA.92r,"urn:cite:hmt:vaimg.VA092RN-0093@0.0525,0.0723,0.8413,0.8667","Page area of folio 92r"
urn:cite:hmt:pageroi.35,urn:cite:hmt:msA.95r,"urn:cite:hmt:vaimg.VA095RN-0096@0.0563,0.0714,0.8475,0.8592","Page area of folio 95r"
urn:cite:hmt:pageroi.13,urn:cite:hmt:msA.18r,"urn:cite:hmt:vaimg.VA018RN-0019@0.07,0.0535,0.8138,0.8761","Page area of folio 18r"
urn:cite:hmt:pageroi.14,urn:cite:hmt:msA.18v,"urn:cite:hmt:vaimg.VA018VN-0520@0.1225,0.0751,0.8225,0.8516","Page area of folio 18v"
urn:cite:hmt:pageroi.32,urn:cite:hmt:msA.93v,"urn:cite:hmt:vaimg.VA093VN-0596@0.0963,0.0685,0.8125,0.861","Page area of folio 93v"
urn:cite:hmt:pageroi.88,urn:cite:hmt:msA.45v,"urn:cite:hmt:vaimg.VA045VN-0547@0.1113,0.0826,0.8025,0.8563","Page area of folio 45v"
urn:cite:hmt:pageroi.112,urn:cite:hmt:msA.57v,"urn:cite:hmt:vaimg.VA057VN-0559@0.0838,0.0826,0.8388,0.8601","Page area of folio 57v"
urn:cite:hmt:pageroi.153,urn:cite:hmt:msA.78r,"urn:cite:hmt:vaimg.VA078RN-0079@0.085,0.0629,0.8263,0.8742","Page area of folio 78r"
urn:cite:hmt:pageroi.160,urn:cite:hmt:msA.81v,"urn:cite:hmt:vaimg.VA081VN-0584@0.0675,0.0723,0.8425,0.8704","Page area of folio 81v"
urn:cite:hmt:pageroi.165,urn:cite:hmt:msA.84r,"urn:cite:hmt:vaimg.VA084RN-0085@0.0388,0.0704,0.845,0.8685","Page area of folio 84r"
urn:cite:hmt:pageroi.15,urn:cite:hmt:msA.19r,"urn:cite:hmt:vaimg.VA019RN-0020@0.065,0.0638,0.8213,0.861","Page area of folio 19r"
urn:cite:hmt:pageroi.21,urn:cite:hmt:msA.21v,"urn:cite:hmt:vaimg.VA021VN-0523@0.115,0.0723,0.8138,0.8488","Page area of folio 21v"
urn:cite:hmt:pageroi.28,urn:cite:hmt:msA.91v,"urn:cite:hmt:vaimg.VA091VN-0594@0.0862,0.0779,0.8338,0.8516","Page area of folio 91v"
urn:cite:hmt:pageroi.34,urn:cite:hmt:msA.94v,"urn:cite:hmt:vaimg.VA094VN-0597@0.075,0.0742,0.8438,0.8563","Page area of folio 94v"
urn:cite:hmt:pageroi.47,urn:cite:hmt:msA.100v,"urn:cite:hmt:vaimg.VA100VN-0603@0.075,0.0798,0.85,0.8685","Page area of folio 100v"
urn:cite:hmt:pageroi.51,urn:cite:hmt:msA.25v,"urn:cite:hmt:vaimg.VA025VN-0527@0.09,0.0685,0.83,0.877","Page area of folio 25v"
urn:cite:hmt:pageroi.73,urn:cite:hmt:msA.38r,"urn:cite:hmt:vaimg.VA038RN-0039@0.0325,0.0573,0.8313,0.8667","Page area of folio 38r"
urn:cite:hmt:pageroi.77,urn:cite:hmt:msA.40r,"urn:cite:hmt:vaimg.VA040RN-0041@0.0313,0.0582,0.8313,0.8714","Page area of folio 40r"
urn:cite:hmt:pageroi.81,urn:cite:hmt:msA.42r,"urn:cite:hmt:vaimg.VA042RN-0043@0.03,0.0573,0.8313,0.862","Page area of folio 42r"
urn:cite:hmt:pageroi.16,urn:cite:hmt:msA.19v,"urn:cite:hmt:vaimg.VA019VN-0521@0.14,0.0695,0.8063,0.8554","Page area of folio 19v"
urn:cite:hmt:pageroi.26,urn:cite:hmt:msA.24r,"urn:cite:hmt:vaimg.VA024RN-0025@0.0675,0.0601,0.8163,0.8573","Page area of folio 24r"
urn:cite:hmt:pageroi.38,urn:cite:hmt:msA.96r,"urn:cite:hmt:vaimg.VA096RN-0097@0.0563,0.0685,0.8463,0.8714","Page area of folio 96r"
urn:cite:hmt:pageroi.37,urn:cite:hmt:msA.26v,"urn:cite:hmt:vaimg.VA026VN-0528@0.0925,0.0789,0.825,0.8563","Page area of folio 26v"
urn:cite:hmt:pageroi.74,urn:cite:hmt:msA.38v,"urn:cite:hmt:vaimg.VA038VN-0540@0.1038,0.0732,0.815,0.8573","Page area of folio 38v"
urn:cite:hmt:pageroi.78,urn:cite:hmt:msA.40v,"urn:cite:hmt:vaimg.VA040VN-0542@0.1025,0.0751,0.8063,0.8507","Page area of folio 40v"
urn:cite:hmt:pageroi.82,urn:cite:hmt:msA.42v,"urn:cite:hmt:vaimg.VA042VN-0544@0.0913,0.0779,0.8138,0.8451","Page area of folio 42v"
urn:cite:hmt:pageroi.90,urn:cite:hmt:msA.46v,"urn:cite:hmt:vaimg.VA046VN-0548@0.1113,0.077,0.8038,0.8498","Page area of folio 46v"
urn:cite:hmt:pageroi.114,urn:cite:hmt:msA.58v,"urn:cite:hmt:vaimg.VA058VN-0560@0.095,0.0789,0.8288,0.8554","Page area of folio 58v"
urn:cite:hmt:pageroi.123,urn:cite:hmt:msA.63r,"urn:cite:hmt:vaimg.VA063RN-0064@0.0738,0.062,0.83,0.8714","Page area of folio 63r"
urn:cite:hmt:pageroi.135,urn:cite:hmt:msA.69r,"urn:cite:hmt:vaimg.VA069RN-0070@0.065,0.062,0.8275,0.8657","Page area of folio 69r"
urn:cite:hmt:pageroi.149,urn:cite:hmt:msA.76r,"urn:cite:hmt:vaimg.VA076RN-0077@0.0913,0.0648,0.8088,0.8704","Page area of folio 76r"
urn:cite:hmt:pageroi.170,urn:cite:hmt:msA.86v,"urn:cite:hmt:vaimg.VA086VN-0589@0.075,0.0704,0.8338,0.8648","Page area of folio 86v"
urn:cite:hmt:pageroi.174,urn:cite:hmt:msA.88v,"urn:cite:hmt:vaimg.VA088VN-0591@0.0725,0.0714,0.8363,0.8676","Page area of folio 88v"
urn:cite:hmt:pageroi.17,urn:cite:hmt:msA.20r,"urn:cite:hmt:vaimg.VA020RN-0021@0.0775,0.0582,0.8,0.8685","Page area of folio 20r"
urn:cite:hmt:pageroi.22,urn:cite:hmt:msA.22r,"urn:cite:hmt:vaimg.VA022RN-0023@0.07,0.0573,0.81,0.8667","Page area of folio 22r"
urn:cite:hmt:pageroi.25,urn:cite:hmt:msA.23v,"urn:cite:hmt:vaimg.VA023VN-0525@0.1163,0.0732,0.82,0.8498","Page area of folio 23v"
urn:cite:hmt:pageroi.40,urn:cite:hmt:msA.97r,"urn:cite:hmt:vaimg.VA097RN-0098@0.05,0.0695,0.8475,0.8676","Page area of folio 97r"
urn:cite:hmt:pageroi.42,urn:cite:hmt:msA.98r,"urn:cite:hmt:vaimg.VA098RN-0099@0.0463,0.0714,0.8513,0.8695","Page area of folio 98r"
urn:cite:hmt:pageroi.44,urn:cite:hmt:msA.99r,"urn:cite:hmt:vaimg.VA099RN-0100@0.0475,0.0714,0.84,0.8676","Page area of folio 99r"
urn:cite:hmt:pageroi.53,urn:cite:hmt:msA.28r,"urn:cite:hmt:vaimg.VA028RN-0029@0.0663,0.062,0.815,0.8582","Page area of folio 28r"
urn:cite:hmt:pageroi.57,urn:cite:hmt:msA.30r,"urn:cite:hmt:vaimg.VA030RN-0031@0.0675,0.0573,0.8175,0.8704","Page area of folio 30r"
urn:cite:hmt:pageroi.61,urn:cite:hmt:msA.32r,"urn:cite:hmt:vaimg.VA032RN-0033@0.07,0.0545,0.8263,0.8676","Page area of folio 32r"
urn:cite:hmt:pageroi.85,urn:cite:hmt:msA.44r,"urn:cite:hmt:vaimg.VA044RN-0045@0.0463,0.0592,0.8175,0.8685","Page area of folio 44r"
urn:cite:hmt:pageroi.20,urn:cite:hmt:msA.21r,"urn:cite:hmt:vaimg.VA021RN-0022@0.07,0.061,0.8125,0.8695","Page area of folio 21r"
urn:cite:hmt:pageroi.27,urn:cite:hmt:msA.91r,"urn:cite:hmt:vaimg.VA091RN-0263@0.0563,0.0526,0.8388,0.8638","Page area of folio 91r"
urn:cite:hmt:pageroi.33,urn:cite:hmt:msA.94r,"urn:cite:hmt:vaimg.VA094RN-0095@0.055,0.0751,0.8363,0.862","Page area of folio 94r"
urn:cite:hmt:pageroi.45,urn:cite:hmt:msA.99v,"urn:cite:hmt:vaimg.VA099VN-0602@0.0775,0.077,0.8475,0.8592","Page area of folio 99v"
urn:cite:hmt:pageroi.46,urn:cite:hmt:msA.100r,"urn:cite:hmt:vaimg.VA100RN-0101@0.055,0.0742,0.8413,0.8704","Page area of folio 100r"
urn:cite:hmt:pageroi.98,urn:cite:hmt:msA.50v,"urn:cite:hmt:vaimg.VA050VN-0552@0.0888,0.0789,0.8338,0.8573","Page area of folio 50v"
urn:cite:hmt:pageroi.101,urn:cite:hmt:msA.52r,"urn:cite:hmt:vaimg.VA052RN-0053@0.0688,0.0704,0.8075,0.8592","Page area of folio 52r"
urn:cite:hmt:pageroi.102,urn:cite:hmt:msA.52v,"urn:cite:hmt:vaimg.VA052VN-0554@0.0963,0.0808,0.8263,0.8535","Page area of folio 52v"
urn:cite:hmt:pageroi.111,urn:cite:hmt:msA.57r,"urn:cite:hmt:vaimg.VA057RN-0058@0.08,0.0648,0.83,0.8667","Page area of folio 57r"
urn:cite:hmt:pageroi.127,urn:cite:hmt:msA.65r,"urn:cite:hmt:vaimg.VA065RN-0066@0.0663,0.0592,0.8438,0.8751","Page area of folio 65r"
urn:cite:hmt:pageroi.132,urn:cite:hmt:msA.67v,"urn:cite:hmt:vaimg.VA067VN-0569@0.1088,0.0742,0.8175,0.8526","Page area of folio 67v"
urn:cite:hmt:pageroi.145,urn:cite:hmt:msA.74r,"urn:cite:hmt:vaimg.VA074RN-0075@0.0675,0.062,0.8288,0.8667","Page area of folio 74r"
urn:cite:hmt:pageroi.152,urn:cite:hmt:msA.77v,"urn:cite:hmt:vaimg.VA077VN-0580@0.07,0.0704,0.8425,0.8601","Page area of folio 77v"
urn:cite:hmt:pageroi.18,urn:cite:hmt:msA.27r,"urn:cite:hmt:vaimg.VA027RN-0028@0.0563,0.0563,0.8188,0.8667","Page area of folio 27r"
urn:cite:hmt:pageroi.52,urn:cite:hmt:msA.27v,"urn:cite:hmt:vaimg.VA027VN-0529@0.11,0.0779,0.8113,0.8573","Page area of folio 27v"
urn:cite:hmt:pageroi.56,urn:cite:hmt:msA.29v,"urn:cite:hmt:vaimg.VA029VN-0531@0.095,0.0779,0.8238,0.8554","Page area of folio 29v"
urn:cite:hmt:pageroi.60,urn:cite:hmt:msA.31v,"urn:cite:hmt:vaimg.VA031VN-0533@0.0988,0.0751,0.815,0.8582","Page area of folio 31v"
urn:cite:hmt:pageroi.68,urn:cite:hmt:msA.35v,"urn:cite:hmt:vaimg.VA035VN-0537@0.1125,0.077,0.81,0.8516","Page area of folio 35v"
urn:cite:hmt:pageroi.86,urn:cite:hmt:msA.44v,"urn:cite:hmt:vaimg.VA044VN-0546@0.1063,0.0798,0.8188,0.8488","Page area of folio 44v"
urn:cite:hmt:pageroi.108,urn:cite:hmt:msA.55v,"urn:cite:hmt:vaimg.VA055VN-0557@0.09,0.0845,0.8363,0.8638","Page area of folio 55v"
urn:cite:hmt:pageroi.130,urn:cite:hmt:msA.66v,"urn:cite:hmt:vaimg.VA066VN-0568@0.0988,0.0761,0.8375,0.8563","Page area of folio 66v"
urn:cite:hmt:pageroi.144,urn:cite:hmt:msA.73v,"urn:cite:hmt:vaimg.VA073VN-0575@0.1113,0.0798,0.825,0.8507","Page area of folio 73v"
urn:cite:hmt:pageroi.166,urn:cite:hmt:msA.84v,"urn:cite:hmt:vaimg.VA084VN-0587@0.0775,0.0751,0.8325,0.8582","Page area of folio 84v"
urn:cite:hmt:pageroi.54,urn:cite:hmt:msA.28v,"urn:cite:hmt:vaimg.VA028VN-0530@0.1038,0.0808,0.8175,0.8526","Page area of folio 28v"
urn:cite:hmt:pageroi.58,urn:cite:hmt:msA.30v,"urn:cite:hmt:vaimg.VA030VN-0532@0.095,0.077,0.82,0.8573","Page area of folio 30v"
urn:cite:hmt:pageroi.62,urn:cite:hmt:msA.32v,"urn:cite:hmt:vaimg.VA032VN-0534@0.0963,0.077,0.8213,0.8516","Page area of folio 32v"
urn:cite:hmt:pageroi.71,urn:cite:hmt:msA.37r,"urn:cite:hmt:vaimg.VA037RN-0038@0.0363,0.0554,0.825,0.8714","Page area of folio 37r"
urn:cite:hmt:pageroi.75,urn:cite:hmt:msA.39r,"urn:cite:hmt:vaimg.VA039RN-0040@0.0375,0.0601,0.8263,0.8695","Page area of folio 39r"
urn:cite:hmt:pageroi.79,urn:cite:hmt:msA.41r,"urn:cite:hmt:vaimg.VA041RN-0042@0.0275,0.0582,0.8325,0.8808","Page area of folio 41r"
urn:cite:hmt:pageroi.83,urn:cite:hmt:msA.43r,"urn:cite:hmt:vaimg.VA043RN-0044@0.0313,0.0563,0.8213,0.877","Page area of folio 43r"
urn:cite:hmt:pageroi.87,urn:cite:hmt:msA.45r,"urn:cite:hmt:vaimg.VA045RN-0046@0.0463,0.062,0.82,0.8685","Page area of folio 45r"
urn:cite:hmt:pageroi.55,urn:cite:hmt:msA.29r,"urn:cite:hmt:vaimg.VA029RN-0030@0.06,0.0629,0.8288,0.8535","Page area of folio 29r"
urn:cite:hmt:pageroi.59,urn:cite:hmt:msA.31r,"urn:cite:hmt:vaimg.VA031RN-0032@0.0738,0.0582,0.8275,0.861","Page area of folio 31r"
urn:cite:hmt:pageroi.64,urn:cite:hmt:msA.33v,"urn:cite:hmt:vaimg.VA033VN-0535@0.0938,0.077,0.8263,0.8638","Page area of folio 33v"
urn:cite:hmt:pageroi.94,urn:cite:hmt:msA.48v,"urn:cite:hmt:vaimg.VA048VN-0550@0.095,0.0779,0.8125,0.8554","Page area of folio 48v"
urn:cite:hmt:pageroi.95,urn:cite:hmt:msA.49r,"urn:cite:hmt:vaimg.VA049RN-0050@0.0538,0.0732,0.8325,0.861","Page area of folio 49r"
urn:cite:hmt:pageroi.97,urn:cite:hmt:msA.50r,"urn:cite:hmt:vaimg.VA050RN-0051@0.06,0.0685,0.8325,0.8638","Page area of folio 50r"
urn:cite:hmt:pageroi.63,urn:cite:hmt:msA.33r,"urn:cite:hmt:vaimg.VA033RN-0034@0.07,0.061,0.8175,0.8629","Page area of folio 33r"
urn:cite:hmt:pageroi.66,urn:cite:hmt:msA.34v,"urn:cite:hmt:vaimg.VA034VN-0536@0.0938,0.0525,0.8425,0.894","Page area of folio 34v"
urn:cite:hmt:pageroi.70,urn:cite:hmt:msA.36v,"urn:cite:hmt:vaimg.VA036VN-0538@0.1038,0.0751,0.805,0.8535","Page area of folio 36v"
urn:cite:hmt:pageroi.91,urn:cite:hmt:msA.47r,"urn:cite:hmt:vaimg.VA047RN-0048@0.0163,0.0648,0.8325,0.8648","Page area of folio 47r"
urn:cite:hmt:pageroi.99,urn:cite:hmt:msA.51r,"urn:cite:hmt:vaimg.VA051RN-0052@0.0563,0.0723,0.8238,0.8629","Page area of folio 51r"
urn:cite:hmt:pageroi.105,urn:cite:hmt:msA.54r,"urn:cite:hmt:vaimg.VA054RN-0055@0.065,0.0704,0.82,0.8667","Page area of folio 54r"
urn:cite:hmt:pageroi.116,urn:cite:hmt:msA.59v,"urn:cite:hmt:vaimg.VA059VN-0561@0.0913,0.0808,0.8388,0.8563","Page area of folio 59v"
urn:cite:hmt:pageroi.121,urn:cite:hmt:msA.62r,"urn:cite:hmt:vaimg.VA062RN-0063@0.07,0.061,0.8388,0.8751","Page area of folio 62r"
urn:cite:hmt:pageroi.125,urn:cite:hmt:msA.64r,"urn:cite:hmt:vaimg.VA064RN-0065@0.0763,0.0592,0.8313,0.8723","Page area of folio 64r"
urn:cite:hmt:pageroi.138,urn:cite:hmt:msA.70v,"urn:cite:hmt:vaimg.VA070VN-0572@0.1113,0.0789,0.825,0.8498","Page area of folio 70v"
urn:cite:hmt:pageroi.143,urn:cite:hmt:msA.73r,"urn:cite:hmt:vaimg.VA073RN-0074@0.0725,0.0657,0.8225,0.8657","Page area of folio 73r"
urn:cite:hmt:pageroi.156,urn:cite:hmt:msA.79v,"urn:cite:hmt:vaimg.VA079VN-0582@0.085,0.0667,0.82,0.8667","Page area of folio 79v"
urn:cite:hmt:pageroi.169,urn:cite:hmt:msA.86r,"urn:cite:hmt:vaimg.VA086RN-0087@0.0463,0.0685,0.85,0.8676","Page area of folio 86r"
urn:cite:hmt:pageroi.173,urn:cite:hmt:msA.88r,"urn:cite:hmt:vaimg.VA088RN-0089@0.045,0.0685,0.8475,0.8732","Page area of folio 88r"
urn:cite:hmt:pageroi.65,urn:cite:hmt:msA.34r,"urn:cite:hmt:vaimg.VA034RN-0035@0.0725,0.0601,0.8163,0.861","Page area of folio 34r"
urn:cite:hmt:pageroi.72,urn:cite:hmt:msA.37v,"urn:cite:hmt:vaimg.VA037VN-0539@0.105,0.077,0.8175,0.8526","Page area of folio 37v"
urn:cite:hmt:pageroi.76,urn:cite:hmt:msA.39v,"urn:cite:hmt:vaimg.VA039VN-0541@0.0738,0.0544,0.8613,0.8856","Page area of folio 39v"
urn:cite:hmt:pageroi.80,urn:cite:hmt:msA.41v,"urn:cite:hmt:vaimg.VA041VN-0543@0.0888,0.0817,0.8313,0.8563","Page area of folio 41v"
urn:cite:hmt:pageroi.92,urn:cite:hmt:msA.47v,"urn:cite:hmt:vaimg.VA047VN-0549@0.0875,0.0525,0.8638,0.8912","Page area of folio 47v"
urn:cite:hmt:pageroi.109,urn:cite:hmt:msA.56r,"urn:cite:hmt:vaimg.VA056RN-0057@0.085,0.061,0.8238,0.8685","Page area of folio 56r"
urn:cite:hmt:pageroi.124,urn:cite:hmt:msA.63v,"urn:cite:hmt:vaimg.VA063VN-0565@0.09,0.077,0.8375,0.8592","Page area of folio 63v"
urn:cite:hmt:pageroi.131,urn:cite:hmt:msA.67r,"urn:cite:hmt:vaimg.VA067RN-0068@0.0663,0.0667,0.8313,0.862","Page area of folio 67r"
urn:cite:hmt:pageroi.141,urn:cite:hmt:msA.72r,"urn:cite:hmt:vaimg.VA072RN-0073@0.0738,0.0638,0.8175,0.8676","Page area of folio 72r"
urn:cite:hmt:pageroi.67,urn:cite:hmt:msA.35r,"urn:cite:hmt:vaimg.VA035RN-0036@0.065,0.061,0.8225,0.8676","Page area of folio 35r"
urn:cite:hmt:pageroi.84,urn:cite:hmt:msA.43v,"urn:cite:hmt:vaimg.VA043VN-0545@0.11,0.0808,0.8163,0.8573","Page area of folio 43v"
urn:cite:hmt:pageroi.93,urn:cite:hmt:msA.48r,"urn:cite:hmt:vaimg.VA048RN-0049@0.0175,0.0657,0.8275,0.8695","Page area of folio 48r"
urn:cite:hmt:pageroi.100,urn:cite:hmt:msA.51v,"urn:cite:hmt:vaimg.VA051VN-0553@0.0925,0.0779,0.8263,0.8648","Page area of folio 51v"
urn:cite:hmt:pageroi.103,urn:cite:hmt:msA.53r,"urn:cite:hmt:vaimg.VA053RN-0054@0.0588,0.0704,0.8288,0.8563","Page area of folio 53r"
urn:cite:hmt:pageroi.113,urn:cite:hmt:msA.58r,"urn:cite:hmt:vaimg.VA058RN-0059@0.08,0.0601,0.8288,0.8676","Page area of folio 58r"
urn:cite:hmt:pageroi.118,urn:cite:hmt:msA.60v,"urn:cite:hmt:vaimg.VA060VN-0562@0.0963,0.0836,0.8363,0.8526","Page area of folio 60v"
urn:cite:hmt:pageroi.119,urn:cite:hmt:msA.61r,"urn:cite:hmt:vaimg.VA061RN-0062@0.0625,0.0657,0.8388,0.8808","Page area of folio 61r"
urn:cite:hmt:pageroi.128,urn:cite:hmt:msA.65v,"urn:cite:hmt:vaimg.VA065VN-0567@0.1063,0.0714,0.8288,0.8695","Page area of folio 65v"
urn:cite:hmt:pageroi.133,urn:cite:hmt:msA.68r,"urn:cite:hmt:vaimg.VA068RN-0069@0.0625,0.0638,0.8363,0.8723","Page area of folio 68r"
urn:cite:hmt:pageroi.137,urn:cite:hmt:msA.70r,"urn:cite:hmt:vaimg.VA070RN-0071@0.0738,0.0676,0.825,0.861","Page area of folio 70r"
urn:cite:hmt:pageroi.147,urn:cite:hmt:msA.75r,"urn:cite:hmt:vaimg.VA075RN-0076@0.0725,0.0657,0.8338,0.8648","Page area of folio 75r"
urn:cite:hmt:pageroi.168,urn:cite:hmt:msA.85v,"urn:cite:hmt:vaimg.VA085VN-0588@0.0775,0.0695,0.8325,0.8648","Page area of folio 85v"
urn:cite:hmt:pageroi.172,urn:cite:hmt:msA.87v,"urn:cite:hmt:vaimg.VA087VN-0590@0.08,0.0723,0.825,0.8573","Page area of folio 87v"
urn:cite:hmt:pageroi.176,urn:cite:hmt:msA.89v,"urn:cite:hmt:vaimg.VA089VN-0592@0.0788,0.0695,0.8275,0.8704","Page area of folio 89v"
urn:cite:hmt:pageroi.69,urn:cite:hmt:msA.36r,"urn:cite:hmt:vaimg.VA036RN-0037@0.0888,0.0601,0.8013,0.8723","Page area of folio 36r"
urn:cite:hmt:pageroi.89,urn:cite:hmt:msA.46r,"urn:cite:hmt:vaimg.VA046RN-0047@0.0388,0.0582,0.8238,0.8685","Page area of folio 46r"
urn:cite:hmt:pageroi.96,urn:cite:hmt:msA.49v,"urn:cite:hmt:vaimg.VA049VN-0551@0.0788,0.0808,0.8338,0.8535","Page area of folio 49v"
urn:cite:hmt:pageroi.104,urn:cite:hmt:msA.53v,"urn:cite:hmt:vaimg.VA053VN-0555@0.0875,0.0817,0.8375,0.8488","Page area of folio 53v"
urn:cite:hmt:pageroi.115,urn:cite:hmt:msA.59r,"urn:cite:hmt:vaimg.VA059RN-0060@0.08,0.0657,0.8288,0.8629","Page area of folio 59r"
urn:cite:hmt:pageroi.120,urn:cite:hmt:msA.61v,"urn:cite:hmt:vaimg.VA061VN-0563@0.0988,0.0789,0.8363,0.8629","Page area of folio 61v"
urn:cite:hmt:pageroi.139,urn:cite:hmt:msA.71r,"urn:cite:hmt:vaimg.VA071RN-0072@0.085,0.0657,0.8163,0.861","Page area of folio 71r"
urn:cite:hmt:pageroi.148,urn:cite:hmt:msA.75v,"urn:cite:hmt:vaimg.VA075VN-0577@0.1113,0.077,0.825,0.8488","Page area of folio 75v"
urn:cite:hmt:pageroi.155,urn:cite:hmt:msA.79r,"urn:cite:hmt:vaimg.VA079RN-0080@0.04,0.0648,0.86,0.8761","Page area of folio 79r"
urn:cite:hmt:pageroi.167,urn:cite:hmt:msA.85r,"urn:cite:hmt:vaimg.VA085RN-0086@0.0538,0.0695,0.8388,0.8723","Page area of folio 85r"
urn:cite:hmt:pageroi.178,urn:cite:hmt:msA.90v,"urn:cite:hmt:vaimg.VA090VN-0593@0.075,0.0714,0.8375,0.8704","Page area of folio 90v"
urn:cite:hmt:pageroi.106,urn:cite:hmt:msA.54v,"urn:cite:hmt:vaimg.VA054VN-0556@0.09,0.0789,0.8313,0.862","Page area of folio 54v"
urn:cite:hmt:pageroi.117,urn:cite:hmt:msA.60r,"urn:cite:hmt:vaimg.VA060RN-0061@0.095,0.0648,0.8238,0.8667","Page area of folio 60r"
urn:cite:hmt:pageroi.129,urn:cite:hmt:msA.66r,"urn:cite:hmt:vaimg.VA066RN-0067@0.0625,0.0601,0.8363,0.877","Page area of folio 66r"
urn:cite:hmt:pageroi.146,urn:cite:hmt:msA.74v,"urn:cite:hmt:vaimg.VA074VN-0576@0.1125,0.0817,0.8175,0.8432","Page area of folio 74v"
urn:cite:hmt:pageroi.154,urn:cite:hmt:msA.78v,"urn:cite:hmt:vaimg.VA078VN-0581@0.0813,0.0704,0.82,0.8563","Page area of folio 78v"
urn:cite:hmt:pageroi.159,urn:cite:hmt:msA.81r,"urn:cite:hmt:vaimg.VA081RN-0082@0.0375,0.0695,0.85,0.877","Page area of folio 81r"
urn:cite:hmt:pageroi.163,urn:cite:hmt:msA.83r,"urn:cite:hmt:vaimg.VA083RN-0084@0.0338,0.0695,0.8488,0.8714","Page area of folio 83r"
urn:cite:hmt:pageroi.107,urn:cite:hmt:msA.55r,"urn:cite:hmt:vaimg.VA055RN-0056@0.065,0.0695,0.8188,0.8704","Page area of folio 55r"
urn:cite:hmt:pageroi.122,urn:cite:hmt:msA.62v,"urn:cite:hmt:vaimg.VA062VN-0564@0.0963,0.077,0.835,0.8685","Page area of folio 62v"
urn:cite:hmt:pageroi.126,urn:cite:hmt:msA.64v,"urn:cite:hmt:vaimg.VA064VN-0566@0.0938,0.0779,0.8425,0.8592","Page area of folio 64v"
urn:cite:hmt:pageroi.157,urn:cite:hmt:msA.80r,"urn:cite:hmt:vaimg.VA080RN-0081@0.0475,0.0657,0.8475,0.8723","Page area of folio 80r"
urn:cite:hmt:pageroi.161,urn:cite:hmt:msA.82r,"urn:cite:hmt:vaimg.VA082RN-0083@0.0388,0.0695,0.8575,0.8676","Page area of folio 82r"
urn:cite:hmt:pageroi.177,urn:cite:hmt:msA.90r,"urn:cite:hmt:vaimg.VA090RN-0091@0.0438,0.0704,0.85,0.8704","Page area of folio 90r"
urn:cite:hmt:pageroi.110,urn:cite:hmt:msA.56v,"urn:cite:hmt:vaimg.VA056VN-0558@0.0862,0.0808,0.8338,0.8601","Page area of folio 56v"
urn:cite:hmt:pageroi.140,urn:cite:hmt:msA.71v,"urn:cite:hmt:vaimg.VA071VN-0573@0.12,0.0789,0.815,0.8488","Page area of folio 71v"
urn:cite:hmt:pageroi.158,urn:cite:hmt:msA.80v,"urn:cite:hmt:vaimg.VA080VN-0583@0.0763,0.0685,0.8325,0.8657","Page area of folio 80v"
urn:cite:hmt:pageroi.162,urn:cite:hmt:msA.82v,"urn:cite:hmt:vaimg.VA082VN-0585@0.0588,0.0751,0.8463,0.862","Page area of folio 82v"
urn:cite:hmt:pageroi.134,urn:cite:hmt:msA.68v,"urn:cite:hmt:vaimg.VA068VN-0570@0.0975,0.0789,0.8375,0.8526","Page area of folio 68v"
urn:cite:hmt:pageroi.136,urn:cite:hmt:msA.69v,"urn:cite:hmt:vaimg.VA069VN-0571@0.115,0.0798,0.8175,0.8488","Page area of folio 69v"
urn:cite:hmt:pageroi.142,urn:cite:hmt:msA.72v,"urn:cite:hmt:vaimg.VA072VN-0574@0.1113,0.0789,0.8238,0.8573","Page area of folio 72v"
urn:cite:hmt:pageroi.150,urn:cite:hmt:msA.76v,"urn:cite:hmt:vaimg.VA076VN-0579@0.0725,0.0732,0.8425,0.8601","Page area of folio 76v"
urn:cite:hmt:pageroi.151,urn:cite:hmt:msA.77r,"urn:cite:hmt:vaimg.VA077RN-0078@0.0813,0.062,0.8225,0.8723","Page area of folio 77r"
urn:cite:hmt:pageroi.164,urn:cite:hmt:msA.83v,"urn:cite:hmt:vaimg.VA083VN-0586@0.0862,0.0685,0.8263,0.8648","Page area of folio 83v"
urn:cite:hmt:pageroi.171,urn:cite:hmt:msA.87r,"urn:cite:hmt:vaimg.VA087RN-0088@0.0538,0.0695,0.8425,0.8723","Page area of folio 87r"
urn:cite:hmt:pageroi.175,urn:cite:hmt:msA.89r,"urn:cite:hmt:vaimg.VA089RN-0090@0.0463,0.0667,0.8525,0.8742","Page area of folio 89r"
urn:cite:hmt:pageroi.200,urn:cite:hmt:msA.101r,"urn:cite:hmt:vaimg.VA101RN-0273@0.055,0.0563,0.861,0.87","Page area of folio 101r"
urn:cite:hmt:pageroi.201,urn:cite:hmt:msA.101v,"urn:cite:hmt:vaimg.VA101VN-0604@0.086,0.0744,0.837,0.8603","Page area of folio 101v"
urn:cite:hmt:pageroi.202,urn:cite:hmt:msA.102r,"urn:cite:hmt:vaimg.VA102RN-0274@0.061,0.0541,0.856,0.8715","Page area of folio 102r"
urn:cite:hmt:pageroi.203,urn:cite:hmt:msA.102v,"urn:cite:hmt:vaimg.VA102VN-0605@0.096,0.0706,0.824,0.8663","Page area of folio 102v"
urn:cite:hmt:pageroi.204,urn:cite:hmt:msA.103r,"urn:cite:hmt:vaimg.VA103RN-0275@0.062,0.0541,0.858,0.87","Page area of folio 103r"
urn:cite:hmt:pageroi.205,urn:cite:hmt:msA.103v,"urn:cite:hmt:vaimg.VA103VN-0606@0.092,0.0684,0.83,0.8588","Page area of folio 103v"
urn:cite:hmt:pageroi.206,urn:cite:hmt:msA.104r,"urn:cite:hmt:vaimg.VA104RN-0276@0.055,0.0526,0.86,0.8678","Page area of folio 104r"
urn:cite:hmt:pageroi.207,urn:cite:hmt:msA.104v,"urn:cite:hmt:vaimg.VA104VN-0607@0.092,0.0669,0.835,0.861","Page area of folio 104v"
urn:cite:hmt:pageroi.208,urn:cite:hmt:msA.105r,"urn:cite:hmt:vaimg.VA105RN-0277@0.061,0.0511,0.86,0.8768","Page area of folio 105r"
urn:cite:hmt:pageroi.209,urn:cite:hmt:msA.105v,"urn:cite:hmt:vaimg.VA105VN-0608@0.094,0.0661,0.832,0.8618","Page area of folio 105v"
urn:cite:hmt:pageroi.210,urn:cite:hmt:msA.106r,"urn:cite:hmt:vaimg.VA106RN-0278@0.06,0.0548,0.861,0.8685","Page area of folio 106r"
urn:cite:hmt:pageroi.211,urn:cite:hmt:msA.106v,"urn:cite:hmt:vaimg.VA106VN-0609@0.093,0.0684,0.831,0.8588","Page area of folio 106v"
urn:cite:hmt:pageroi.212,urn:cite:hmt:msA.107r,"urn:cite:hmt:vaimg.VA107RN-0279@0.058,0.0556,0.861,0.8715","Page area of folio 107r"
urn:cite:hmt:pageroi.213,urn:cite:hmt:msA.107v,"urn:cite:hmt:vaimg.VA107VN-0610@0.103,0.0676,0.825,0.8655","Page area of folio 107v"
urn:cite:hmt:pageroi.214,urn:cite:hmt:msA.108r,"urn:cite:hmt:vaimg.VA108RN-0280@0.063,0.0548,0.864,0.8708","Page area of folio 108r"
urn:cite:hmt:pageroi.215,urn:cite:hmt:msA.108v,"urn:cite:hmt:vaimg.VA108VN-0611@0.091,0.0691,0.839,0.8655","Page area of folio 108v"
urn:cite:hmt:pageroi.216,urn:cite:hmt:msA.109r,"urn:cite:hmt:vaimg.VA109RN-0281@0.057,0.0533,0.87,0.8723","Page area of folio 109r"
urn:cite:hmt:pageroi.217,urn:cite:hmt:msA.109v,"urn:cite:hmt:vaimg.VA109VN-0612@0.099,0.0586,0.831,0.8663","Page area of folio 109v"
urn:cite:hmt:pageroi.218,urn:cite:hmt:msA.110r,"urn:cite:hmt:vaimg.VA110RN-0282@0.063,0.0533,0.859,0.8738","Page area of folio 110r"
urn:cite:hmt:pageroi.219,urn:cite:hmt:msA.110v,"urn:cite:hmt:vaimg.VA110VN-0613@0.095,0.0631,0.833,0.867","Page area of folio 110v"
urn:cite:hmt:pageroi.220,urn:cite:hmt:msA.111r,"urn:cite:hmt:vaimg.VA111RN-0283@0.06,0.0563,0.872,0.8753","Page area of folio 111r"
urn:cite:hmt:pageroi.221,urn:cite:hmt:msA.111v,"urn:cite:hmt:vaimg.VA111VN-0614@0.096,0.0661,0.832,0.8663","Page area of folio 111v"
urn:cite:hmt:pageroi.222,urn:cite:hmt:msA.112r,"urn:cite:hmt:vaimg.VA112RN-0284@0.061,0.0503,0.86,0.876","Page area of folio 112r"
urn:cite:hmt:pageroi.223,urn:cite:hmt:msA.112v,"urn:cite:hmt:vaimg.VA112VN-0615@0.093,0.0684,0.839,0.8648","Page area of folio 112v"
urn:cite:hmt:pageroi.224,urn:cite:hmt:msA.113r,"urn:cite:hmt:vaimg.VA113RN-0285@0.062,0.0556,0.865,0.8708","Page area of folio 113r"
urn:cite:hmt:pageroi.225,urn:cite:hmt:msA.113v,"urn:cite:hmt:vaimg.VA113VN-0616@0.101,0.0684,0.83,0.8663","Page area of folio 113v"
urn:cite:hmt:pageroi.226,urn:cite:hmt:msA.114r,"urn:cite:hmt:vaimg.VA114RN-0286@0.061,0.0556,0.872,0.8753","Page area of folio 114r"
urn:cite:hmt:pageroi.227,urn:cite:hmt:msA.114v,"urn:cite:hmt:vaimg.VA114VN-0617@0.095,0.0684,0.84,0.8663","Page area of folio 114v"
urn:cite:hmt:pageroi.228,urn:cite:hmt:msA.115r,"urn:cite:hmt:vaimg.VA115RN-0287@0.061,0.0541,0.868,0.8775","Page area of folio 115r"
urn:cite:hmt:pageroi.229,urn:cite:hmt:msA.115v,"urn:cite:hmt:vaimg.VA115VN-0618@0.095,0.0714,0.84,0.8678","Page area of folio 115v"
urn:cite:hmt:pageroi.230,urn:cite:hmt:msA.116r,"urn:cite:hmt:vaimg.VA116RN-0288@0.064,0.0571,0.861,0.8715","Page area of folio 116r"
urn:cite:hmt:pageroi.231,urn:cite:hmt:msA.116v,"urn:cite:hmt:vaimg.VA116VN-0619@0.103,0.0646,0.831,0.861","Page area of folio 116v"
urn:cite:hmt:pageroi.232,urn:cite:hmt:msA.117r,"urn:cite:hmt:vaimg.VA117RN-0289@0.065,0.0563,0.863,0.873","Page area of folio 117r"
urn:cite:hmt:pageroi.233,urn:cite:hmt:msA.117v,"urn:cite:hmt:vaimg.VA117VN-0620@0.109,0.0631,0.825,0.8625","Page area of folio 117v"
urn:cite:hmt:pageroi.234,urn:cite:hmt:msA.118r,"urn:cite:hmt:vaimg.VA118RN-0290@0.074,0.0563,0.857,0.8715","Page area of folio 118r"
urn:cite:hmt:pageroi.235,urn:cite:hmt:msA.118v,"urn:cite:hmt:vaimg.VA118VN-0621@0.102,0.0684,0.83,0.864","Page area of folio 118v"
urn:cite:hmt:pageroi.236,urn:cite:hmt:msA.119r,"urn:cite:hmt:vaimg.VA119RN-0291@0.069,0.0548,0.862,0.8775","Page area of folio 119r"
urn:cite:hmt:pageroi.237,urn:cite:hmt:msA.119v,"urn:cite:hmt:vaimg.VA119VN-0622@0.112,0.0669,0.82,0.8655","Page area of folio 119v"
urn:cite:hmt:pageroi.238,urn:cite:hmt:msA.120r,"urn:cite:hmt:vaimg.VA120RN-0292@0.069,0.0541,0.863,0.8753","Page area of folio 120r"
urn:cite:hmt:pageroi.238,urn:cite:hmt:msA.120v,"urn:cite:hmt:vaimg.VA120VN-0623@0.102,0.0631,0.832,0.8655","Page area of folio 120v"
urn:cite:hmt:pageroi.239,urn:cite:hmt:msA.121r,"urn:cite:hmt:vaimg.VA121RN-0293@0.067,0.0548,0.86,0.8753","Page area of folio 121r"
urn:cite:hmt:pageroi.240,urn:cite:hmt:msA.121v,"urn:cite:hmt:vaimg.VA121VN-0624@0.098,0.0699,0.836,0.867","Page area of folio 121v"
urn:cite:hmt:pageroi.241,urn:cite:hmt:msA.122r,"urn:cite:hmt:vaimg.VA122RN-0294@0.066,0.0571,0.865,0.873","Page area of folio 122r"
urn:cite:hmt:pageroi.242,urn:cite:hmt:msA.122v,"urn:cite:hmt:vaimg.VA122VN-0625@0.094,0.0729,0.844,0.8633","Page area of folio 122v"
urn:cite:hmt:pageroi.243,urn:cite:hmt:msA.123r,"urn:cite:hmt:vaimg.VA123RN-0295@0.066,0.0548,0.866,0.8708","Page area of folio 123r"
urn:cite:hmt:pageroi.244,urn:cite:hmt:msA.123v,"urn:cite:hmt:vaimg.VA123VN-0626@0.108,0.0699,0.831,0.864","Page area of folio 123v"
urn:cite:hmt:pageroi.245,urn:cite:hmt:msA.124r,"urn:cite:hmt:vaimg.VA124RN-0296@0.072,0.0548,0.853,0.8685","Page area of folio 124r"
urn:cite:hmt:pageroi.246,urn:cite:hmt:msA.124v,"urn:cite:hmt:vaimg.VA124VN-0627@0.11,0.0654,0.827,0.8633","Page area of folio 124v"
urn:cite:hmt:pageroi.247,urn:cite:hmt:msA.125r,"urn:cite:hmt:vaimg.VA125RN-0297@0.039,0.0518,0.875,0.8775","Page area of folio 125r"
urn:cite:hmt:pageroi.248,urn:cite:hmt:msA.125v,"urn:cite:hmt:vaimg.VA125VN-0628@0.107,0.0706,0.833,0.8625","Page area of folio 125v"
urn:cite:hmt:pageroi.249,urn:cite:hmt:msA.126r,"urn:cite:hmt:vaimg.VA126RN-0298@0.037,0.0511,0.877,0.8738","Page area of folio 126r"
urn:cite:hmt:pageroi.250,urn:cite:hmt:msA.126v,"urn:cite:hmt:vaimg.VA126VN-0629@0.103,0.0676,0.835,0.8603","Page area of folio 126v"
urn:cite:hmt:pageroi.251,urn:cite:hmt:msA.127r,"urn:cite:hmt:vaimg.VA127RN-0299@0.028,0.0503,0.863,0.8843","Page area of folio 127r"
urn:cite:hmt:pageroi.252,urn:cite:hmt:msA.127v,"urn:cite:hmt:vaimg.VA127VN-0630@0.121,0.0684,0.818,0.8715","Page area of folio 127v"
urn:cite:hmt:pageroi.253,urn:cite:hmt:msA.128r,"urn:cite:hmt:vaimg.VA128RN-0300@0.03,0.0488,0.871,0.8775","Page area of folio 128r"
urn:cite:hmt:pageroi.254,urn:cite:hmt:msA.128v,"urn:cite:hmt:vaimg.VA128VN-0631@0.109,0.0706,0.832,0.8648","Page area of folio 128v"
urn:cite:hmt:pageroi.256,urn:cite:hmt:msA.129r,"urn:cite:hmt:vaimg.VA129RN-0301@0.03,0.0496,0.877,0.876","Page area of folio 129r"
urn:cite:hmt:pageroi.257,urn:cite:hmt:msA.129v,"urn:cite:hmt:vaimg.VA129VN-0632@0.101,0.0864,0.849,0.858","Page area of folio 129v"
urn:cite:hmt:pageroi.258,urn:cite:hmt:msA.130r,"urn:cite:hmt:vaimg.VA130RN-0302@0.028,0.0518,0.881,0.873","Page area of folio 130r"
urn:cite:hmt:pageroi.259,urn:cite:hmt:msA.130v,"urn:cite:hmt:vaimg.VA130VN-0633@0.098,0.0826,0.853,0.8618","Page area of folio 130v"
urn:cite:hmt:pageroi.260,urn:cite:hmt:msA.131r,"urn:cite:hmt:vaimg.VA131RN-0303@0.026,0.0518,0.876,0.8693","Page area of folio 131r"
urn:cite:hmt:pageroi.261,urn:cite:hmt:msA.131v,"urn:cite:hmt:vaimg.VA131VN-0634@0.102,0.0796,0.856,0.861","Page area of folio 131v"
urn:cite:hmt:pageroi.262,urn:cite:hmt:msA.132r,"urn:cite:hmt:vaimg.VA132RN-0304@0.032,0.0526,0.88,0.8805","Page area of folio 132r"
urn:cite:hmt:pageroi.263,urn:cite:hmt:msA.132v,"urn:cite:hmt:vaimg.VA132VN-0635@0.11,0.0796,0.848,0.867","Page area of folio 132v"
urn:cite:hmt:pageroi.264,urn:cite:hmt:msA.133r,"urn:cite:hmt:vaimg.VA133RN-0305@0.033,0.0511,0.878,0.876","Page area of folio 133r"
urn:cite:hmt:pageroi.265,urn:cite:hmt:msA.133v,"urn:cite:hmt:vaimg.VA133VN-0635@0.106,0.0849,0.851,0.8603","Page area of folio 133v"
urn:cite:hmt:pageroi.266,urn:cite:hmt:msA.134r,"urn:cite:hmt:vaimg.VA134RN-0306@0.032,0.0496,0.876,0.8805","Page area of folio 134r"
urn:cite:hmt:pageroi.267,urn:cite:hmt:msA.134v,"urn:cite:hmt:vaimg.VA134VN-0636@0.107,0.0789,0.847,0.8663","Page area of folio 134v"
urn:cite:hmt:pageroi.268,urn:cite:hmt:msA.135r,"urn:cite:hmt:vaimg.VA135RN-0307@0.029,0.0496,0.875,0.8783","Page area of folio 135r"
urn:cite:hmt:pageroi.269,urn:cite:hmt:msA.135v,"urn:cite:hmt:vaimg.VA135VN-0637@0.104,0.0774,0.846,0.864","Page area of folio 135v"
urn:cite:hmt:pageroi.270,urn:cite:hmt:msA.136r,"urn:cite:hmt:vaimg.VA136RN-0308@0.036,0.0526,0.876,0.8753","Page area of folio 136r"
urn:cite:hmt:pageroi.271,urn:cite:hmt:msA.136v,"urn:cite:hmt:vaimg.VA136VN-0638@0.103,0.0789,0.854,0.8648","Page area of folio 136v"
urn:cite:hmt:pageroi.272,urn:cite:hmt:msA.137r,"urn:cite:hmt:vaimg.VA137RN-0309@0.045,0.0541,0.866,0.8678","Page area of folio 137r"
urn:cite:hmt:pageroi.273,urn:cite:hmt:msA.137v,"urn:cite:hmt:vaimg.VA137VN-0639@0.105,0.0796,0.849,0.8618","Page area of folio 137v"
urn:cite:hmt:pageroi.274,urn:cite:hmt:msA.138r,"urn:cite:hmt:vaimg.VA138RN-0310@0.033,0.0533,0.879,0.8738","Page area of folio 138r"
urn:cite:hmt:pageroi.275,urn:cite:hmt:msA.138v,"urn:cite:hmt:vaimg.VA138VN-0640@0.099,0.0826,0.855,0.8633","Page area of folio 138v"
urn:cite:hmt:pageroi.276,urn:cite:hmt:msA.139r,"urn:cite:hmt:vaimg.VA139RN-0311@0.032,0.0533,0.883,0.8798","Page area of folio 139r"
urn:cite:hmt:pageroi.277,urn:cite:hmt:msA.139v,"urn:cite:hmt:vaimg.VA139VN-0641@0.105,0.0872,0.856,0.864","Page area of folio 139v"
urn:cite:hmt:pageroi.278,urn:cite:hmt:msA.140r,"urn:cite:hmt:vaimg.VA140RN-0312@0.036,0.0541,0.877,0.8813","Page area of folio 140r"
urn:cite:hmt:pageroi.279,urn:cite:hmt:msA.140v,"urn:cite:hmt:vaimg.VA140VN-0642@0.113,0.0864,0.852,0.8655","Page area of folio 140v"
urn:cite:hmt:pageroi.280,urn:cite:hmt:msA.141r,"urn:cite:hmt:vaimg.VA141RN-0313@0.04,0.0556,0.869,0.8753","Page area of folio 141r"
urn:cite:hmt:pageroi.281,urn:cite:hmt:msA.141v,"urn:cite:hmt:vaimg.VA141VN-0643@0.109,0.0856,0.847,0.8618","Page area of folio 141v"
urn:cite:hmt:pageroi.282,urn:cite:hmt:msA.142r,"urn:cite:hmt:vaimg.VA142RN-0314@0.045,0.0541,0.87,0.8753","Page area of folio 142r"
urn:cite:hmt:pageroi.283,urn:cite:hmt:msA.142v,"urn:cite:hmt:vaimg.VA142VN-0644@0.108,0.0819,0.848,0.8603","Page area of folio 142v"
urn:cite:hmt:pageroi.284,urn:cite:hmt:msA.143r,"urn:cite:hmt:vaimg.VA143RN-0315@0.04,0.0533,0.872,0.8813","Page area of folio 143r"
urn:cite:hmt:pageroi.286,urn:cite:hmt:msA.143v,"urn:cite:hmt:vaimg.VA143VN-0645@0.12,0.0804,0.836,0.861","Page area of folio 143v"
urn:cite:hmt:pageroi.287,urn:cite:hmt:msA.144r,"urn:cite:hmt:vaimg.VA144RN-0316@0.041,0.0556,0.869,0.8745","Page area of folio 144r"
urn:cite:hmt:pageroi.288,urn:cite:hmt:msA.144v,"urn:cite:hmt:vaimg.VA144VN-0646@0.115,0.0826,0.842,0.8655","Page area of folio 144v"
urn:cite:hmt:pageroi.289,urn:cite:hmt:msA.145r,"urn:cite:hmt:vaimg.VA145RN-0317@0.042,0.0556,0.87,0.8723","Page area of folio 145r"
urn:cite:hmt:pageroi.290,urn:cite:hmt:msA.145v,"urn:cite:hmt:vaimg.VA145VN-0647@0.105,0.0841,0.854,0.864","Page area of folio 145v"
urn:cite:hmt:pageroi.291,urn:cite:hmt:msA.146r,"urn:cite:hmt:vaimg.VA146RN-0318@0.042,0.0579,0.873,0.873","Page area of folio 146r"
urn:cite:hmt:pageroi.292,urn:cite:hmt:msA.146v,"urn:cite:hmt:vaimg.VA146VN-0648@0.104,0.0834,0.858,0.8655","Page area of folio 146v"
urn:cite:hmt:pageroi.293,urn:cite:hmt:msA.147r,"urn:cite:hmt:vaimg.VA147RN-0319@0.043,0.0594,0.865,0.867","Page area of folio 147r"
urn:cite:hmt:pageroi.294,urn:cite:hmt:msA.147v,"urn:cite:hmt:vaimg.VA147VN-0649@0.11,0.0856,0.852,0.864","Page area of folio 147v"
urn:cite:hmt:pageroi.295,urn:cite:hmt:msA.148r,"urn:cite:hmt:vaimg.VA148RN-0320@0.053,0.0586,0.854,0.8715","Page area of folio 148r"
urn:cite:hmt:pageroi.296,urn:cite:hmt:msA.148v,"urn:cite:hmt:vaimg.VA148VN-0650@0.119,0.0826,0.844,0.8678","Page area of folio 148v"
urn:cite:hmt:pageroi.297,urn:cite:hmt:msA.149r,"urn:cite:hmt:vaimg.VA149RN-0321@0.053,0.0586,0.85,0.87","Page area of folio 149r"
urn:cite:hmt:pageroi.298,urn:cite:hmt:msA.149v,"urn:cite:hmt:vaimg.VA149VN-0651@0.121,0.0849,0.841,0.8655","Page area of folio 149v"
urn:cite:hmt:pageroi.299,urn:cite:hmt:msA.150r,"urn:cite:hmt:vaimg.VA150RN-0322@0.048,0.0586,0.865,0.8685","Page area of folio 150r"
urn:cite:hmt:pageroi.300,urn:cite:hmt:msA.150v,"urn:cite:hmt:vaimg.VA150VN-0652@0.115,0.0804,0.847,0.8648","Page area of folio 150v"
urn:cite:hmt:pageroi.301,urn:cite:hmt:msA.151r,"urn:cite:hmt:vaimg.VA151RN-0323@0.047,0.0556,0.864,0.873","Page area of folio 151r"
urn:cite:hmt:pageroi.302,urn:cite:hmt:msA.151v,"urn:cite:hmt:vaimg.VA151VN-0653@0.113,0.0849,0.849,0.8685","Page area of folio 151v"
urn:cite:hmt:pageroi.303,urn:cite:hmt:msA.152r,"urn:cite:hmt:vaimg.VA152RN-0324@0.053,0.0586,0.859,0.8685","Page area of folio 152r"
urn:cite:hmt:pageroi.304,urn:cite:hmt:msA.152v,"urn:cite:hmt:vaimg.VA152VN-0654@0.118,0.0826,0.846,0.8678","Page area of folio 152v"
urn:cite:hmt:pageroi.305,urn:cite:hmt:msA.153r,"urn:cite:hmt:vaimg.VA153RN-0325@0.056,0.0563,0.855,0.8708","Page area of folio 153r"
urn:cite:hmt:pageroi.306,urn:cite:hmt:msA.153v,"urn:cite:hmt:vaimg.VA153VN-0655@0.11,0.0849,0.852,0.8648","Page area of folio 153v"
urn:cite:hmt:pageroi.307,urn:cite:hmt:msA.154r,"urn:cite:hmt:vaimg.VA154RN-0326@0.057,0.0586,0.844,0.8678","Page area of folio 154r"
urn:cite:hmt:pageroi.308,urn:cite:hmt:msA.154v,"urn:cite:hmt:vaimg.VA154VN-0656@0.114,0.0811,0.851,0.8655","Page area of folio 154v"
urn:cite:hmt:pageroi.309,urn:cite:hmt:msA.155r,"urn:cite:hmt:vaimg.VA155RN-0327@0.048,0.0601,0.854,0.8715","Page area of folio 155r"
urn:cite:hmt:pageroi.310,urn:cite:hmt:msA.155v,"urn:cite:hmt:vaimg.VA155VN-0657@0.122,0.0841,0.846,0.8663","Page area of folio 155v"
urn:cite:hmt:pageroi.311,urn:cite:hmt:msA.156r,"urn:cite:hmt:vaimg.VA156RN-0327@0.063,0.0579,0.844,0.873","Page area of folio 156r"
urn:cite:hmt:pageroi.312,urn:cite:hmt:msA.156v,"urn:cite:hmt:vaimg.VA156VN-0658@0.122,0.0804,0.843,0.8678","Page area of folio 156v"
urn:cite:hmt:pageroi.313,urn:cite:hmt:msA.157r,"urn:cite:hmt:vaimg.VA157RN-0328@0.058,0.0579,0.86,0.8738","Page area of folio 157r"
urn:cite:hmt:pageroi.314,urn:cite:hmt:msA.157v,"urn:cite:hmt:vaimg.VA157VN-0659@0.123,0.0819,0.844,0.8655","Page area of folio 157v"
urn:cite:hmt:pageroi.315,urn:cite:hmt:msA.158r,"urn:cite:hmt:vaimg.VA158RN-0329@0.068,0.0609,0.841,0.8655","Page area of folio 158r"
urn:cite:hmt:pageroi.316,urn:cite:hmt:msA.158v,"urn:cite:hmt:vaimg.VA158VN-0660@0.121,0.0796,0.841,0.867","Page area of folio 158v"
urn:cite:hmt:pageroi.317,urn:cite:hmt:msA.159r,"urn:cite:hmt:vaimg.VA159RN-0330@0.066,0.0571,0.851,0.8693","Page area of folio 159r"
urn:cite:hmt:pageroi.318,urn:cite:hmt:msA.159v,"urn:cite:hmt:vaimg.VA159VN-0661@0.12,0.0789,0.846,0.8663","Page area of folio 159v"
urn:cite:hmt:pageroi.319,urn:cite:hmt:msA.160r,"urn:cite:hmt:vaimg.VA160RN-0331@0.066,0.0548,0.842,0.8708","Page area of folio 160r"
urn:cite:hmt:pageroi.320,urn:cite:hmt:msA.160v,"urn:cite:hmt:vaimg.VA160VN-0662@0.098,0.0796,0.85,0.8648","Page area of folio 160v"
urn:cite:hmt:pageroi.321,urn:cite:hmt:msA.161r,"urn:cite:hmt:vaimg.VA161RN-0332@0.065,0.0571,0.85,0.8693","Page area of folio 161r"
urn:cite:hmt:pageroi.322,urn:cite:hmt:msA.161v,"urn:cite:hmt:vaimg.VA161VN-0663@0.103,0.0781,0.848,0.8663","Page area of folio 161v"
urn:cite:hmt:pageroi.323,urn:cite:hmt:msA.162r,"urn:cite:hmt:vaimg.VA162RN-0333@0.052,0.0548,0.857,0.8708","Page area of folio 162r"
urn:cite:hmt:pageroi.324,urn:cite:hmt:msA.162v,"urn:cite:hmt:vaimg.VA162VN-0664@0.108,0.0774,0.843,0.8655","Page area of folio 162v"
urn:cite:hmt:pageroi.325,urn:cite:hmt:msA.163r,"urn:cite:hmt:vaimg.VA163RN-0334@0.054,0.0616,0.86,0.8655","Page area of folio 163r"
urn:cite:hmt:pageroi.326,urn:cite:hmt:msA.163v,"urn:cite:hmt:vaimg.VA163VN-0665@0.109,0.0774,0.839,0.8633","Page area of folio 163v"
