Passage	Description	ImageReference	Folio
urn:cts:greekLit:tlg0012.tlg001.msA:2.87	bee simile	urn:cite:hmt:chsimg.VA026RN-0027@0.81061164,0.23298284,0.01768607,0.01328168	urn:cite:hmt:msA.26r
urn:cts:greekLit:tlg0012.tlg001.msA:2.144	wave simile	urn:cite:hmt:chsimg.VA027RN-0028@0.80987472,0.33471646,0.01915991,0.01659751	urn:cite:hmt:msA.27r
urn:cts:greekLit:tlg0012.tlg001.msA:2.147	corn simile	urn:cite:hmt:chsimg.VA027RN-0028@0.80913780,0.39363762,0.01621223,0.01327801	urn:cite:hmt:msA.27r
urn:cts:greekLit:tlg0012.tlg001.msA:2.209	wave simile	urn:cite:hmt:chsimg.VA028RN-0029@0.78887251,0.59197787,0.02505527,0.02683264	urn:cite:hmt:msA.28r
urn:cts:greekLit:tlg0012.tlg001.msA:2.289	cry simile	urn:cite:hmt:chsimg.VA030RN-0031@0.80950626,0.20746888,0.01547531,0.01327801	urn:cite:hmt:msA.30r
urn:cts:greekLit:tlg0012.tlg001.msA:2.335	prophecy? (some lines above)	urn:cite:hmt:chsimg.VA030VN-0532@0.17207074,0.64343015,0.02394989,0.01853389	urn:cite:hmt:msA.30v
urn:cts:greekLit:tlg0012.tlg001.msA:2.394	wave simile	urn:cite:hmt:chsimg.VA032RN-0033@0.86919676,0.32835408,0.01989683,0.01521438	urn:cite:hmt:msA.32r
urn:cts:greekLit:tlg0012.tlg001.msA:2.455	fire simile	urn:cite:hmt:chsimg.VA033RN-0034@0.85924834,0.56154910,0.01952837,0.01687414	urn:cite:hmt:msA.33r
urn:cts:greekLit:tlg0012.tlg001.msA:2.459	bird simile	urn:cite:hmt:chsimg.VA033RN-0034@0.86256448,0.64011065,0.01694915,0.01410788	urn:cite:hmt:msA.33r
urn:cts:greekLit:tlg0012.tlg001.msA:2.469	fly simile	urn:cite:hmt:chsimg.VA033VN-0535@0.11495947,0.34052559,0.01510685,0.02157676	urn:cite:hmt:msA.33v
urn:cts:greekLit:tlg0012.tlg001.msA:2.474	goat simile	urn:cite:hmt:chsimg.VA033VN-0535@0.13559322,0.44508990,0.01879145,0.02019364	urn:cite:hmt:msA.33v
urn:cts:greekLit:tlg0012.tlg001.msA:2.480	bull simile	urn:cite:hmt:chsimg.VA033VN-0535@0.14664702,0.54799447,0.01989683,0.01908714	urn:cite:hmt:msA.33v
urn:cts:greekLit:tlg0012.tlg001.msA:2.781	thunder simile (no numeral)		urn:cite:hmt:msA.39v
urn:cts:greekLit:tlg0012.tlg001.msA:3.2	bird simile (no numeral)		urn:cite:hmt:msA.42r
urn:cts:greekLit:tlg0012.tlg001.msA:3.10	mist simile (no numeral)		urn:cite:hmt:msA.42r
urn:cts:greekLit:tlg0012.tlg001.msA:3.23	lion simile (no numeral)		urn:cite:hmt:msA.42r
urn:cts:greekLit:tlg0012.tlg001.msA:3.33	snake simile (no numeral)		urn:cite:hmt:msA.42v
urn:cts:greekLit:tlg0012.tlg001.msA:3.60	axe simile (no numeral)		urn:cite:hmt:msA.43r
urn:cts:greekLit:tlg0012.tlg001.msA:3.151	cicada simile (no numeral)		urn:cite:hmt:msA.44v
urn:cts:greekLit:tlg0012.tlg001.msA:3.196	ram simile (no numeral)		urn:cite:hmt:msA.45v
urn:cts:greekLit:tlg0012.tlg001.msA:3.222	snowflake simile (no numeral)		urn:cite:hmt:msA.46r
urn:cts:greekLit:tlg0012.tlg001.msA:4.75	star simile (no numeral)		urn:cite:hmt:msA.52v
urn:cts:greekLit:tlg0012.tlg001.msA:4.130	mother simile (no numeral)		urn:cite:hmt:msA.53v
urn:cts:greekLit:tlg0012.tlg001.msA:4.141	ivory simile (no numeral)		urn:cite:hmt:msA.54r
urn:cts:greekLit:tlg0012.tlg001.msA:4.243	fawn simile (no numeral)		urn:cite:hmt:msA.56r
urn:cts:greekLit:tlg0012.tlg001.msA:4.277	cloud simile (no numeral)		urn:cite:hmt:msA.56v
urn:cts:greekLit:tlg0012.tlg001.msA:4.422	wave simile (no numeral)		urn:cite:hmt:msA.59v
urn:cts:greekLit:tlg0012.tlg001.msA:4.433	ewes simile (no numeral)		urn:cite:hmt:msA.59v
urn:cts:greekLit:tlg0012.tlg001.msA:4.452	winter river simile	urn:cite:hmt:chsimg.VA060RN-0061@0.88540899,0.54163209,0.03058217,0.01908714	urn:cite:hmt:msA.60r
urn:cts:greekLit:tlg0012.tlg001.msA:4.482	poplar simile	urn:cite:hmt:chsimg.VA060VN-0562@0.11459101,0.63817427,0.03021371,0.02074689	urn:cite:hmt:msA.60v
urn:cts:greekLit:tlg0012.tlg001.msA:5.5	star simile	urn:cite:hmt:chsimg.VA062RN-0063@0.86588062,0.62544952,0.02947679,0.01936376	urn:cite:hmt:msA.62r
urn:cts:greekLit:tlg0012.tlg001.msA:5.87	winter river simile	urn:cite:hmt:chsimg.VA064RN-0065@0.84893147,0.26334716,0.03721444,0.02544952	urn:cite:hmt:msA.64r
urn:cts:greekLit:tlg0012.tlg001.msA:5.136	lion simile	urn:cite:hmt:chsimg.VA065RN-0066@0.84008843,0.22517289,0.03610906,0.02683264	urn:cite:hmt:msA.65r
urn:cts:greekLit:tlg0012.tlg001.msA:5.161	lion simile	urn:cite:hmt:chsimg.VA065VN-0567@0.14296242,0.22600277,0.04163596,0.02710927	urn:cite:hmt:msA.65v
urn:cts:greekLit:tlg0012.tlg001.msA:5.499	wind simile (replaced)		urn:cite:hmt:msA.72r
urn:cts:greekLit:tlg0012.tlg001.msA:5.522	mist simile (replaced)		urn:cite:hmt:msA.72v
urn:cts:greekLit:tlg0012.tlg001.msA:5.554	lion simile (replaced)		urn:cite:hmt:msA.73r
urn:cts:greekLit:tlg0012.tlg001.msA:5.597	stream simile (replaced)		urn:cite:hmt:msA.74r
urn:cts:greekLit:tlg0012.tlg001.msA:5.770	gazing simile	urn:cite:hmt:chsimg.VA077VN-0580@0.11348563,0.39031812,0.03463522,0.01881051	urn:cite:hmt:msA.77v
urn:cts:greekLit:tlg0012.tlg001.msA:5.864	cloud simile	urn:cite:hmt:chsimg.VA079VN-0582@0.12306559,0.24066390,0.03426676,0.01991701	urn:cite:hmt:msA.79v
urn:cts:greekLit:tlg0012.tlg001.msA:6.506	horse simile	urn:cite:hmt:chsimg.VA090VN-0593@0.08327192,0.26168741,0.04900516,0.03983402	urn:cite:hmt:msA.90v
urn:cts:greekLit:tlg0012.tlg001.msA:7.4	wind simile	urn:cite:hmt:chsimg.VA091RN-0263@0.84856301,0.27911480,0.04200442,0.01964039	urn:cite:hmt:msA.91r
urn:cts:greekLit:tlg0012.tlg001.msA:7.64	ocean simile	urn:cite:hmt:chsimg.VA092RN-0264@0.82977155,0.47302905,0.04089904,0.02102351	urn:cite:hmt:msA.92r
urn:cts:greekLit:tlg0012.tlg001.msA:7.208	Ares simile (no numeral)		urn:cite:hmt:msA.95r
urn:cts:greekLit:tlg0012.tlg001.msA:7.256	lion and boar simile (no numeral)		urn:cite:hmt:msA.96r
urn:cts:greekLit:tlg0012.tlg001.msA:8.306	poppy simile	urn:cite:hmt:chsimg.VA106VN-0609@0.12601326,0.41770401,0.02542373,0.01604426	urn:cite:hmt:msA.106v
urn:cts:greekLit:tlg0012.tlg001.msA:8.338	hound simile	urn:cite:hmt:chsimg.VA107RN-0279@0.82535004,0.52420470,0.05305822,0.03208852	urn:cite:hmt:msA.107r
urn:cts:greekLit:tlg0012.tlg001.msA:8.555	heavens simile	urn:cite:hmt:chsimg.VA111RN-0283@0.87951363,0.66887967,0.03352985,0.01908714	urn:cite:hmt:msA.111r
urn:cts:greekLit:tlg0012.tlg001.msA:9.4	wave and wind simile	urn:cite:hmt:chsimg.VA111VN-0614@0.11864407,0.61383126,0.05195284,0.02323651	urn:cite:hmt:msA.111v
urn:cts:greekLit:tlg0012.tlg001.msA:9.14	cliff fountain simile	urn:cite:hmt:chsimg.VA112RN-0284@0.86256448,0.30788382,0.02321297,0.02102351	urn:cite:hmt:msA.112r
urn:cts:greekLit:tlg0012.tlg001.msA:9.323	bird simile	urn:cite:hmt:chsimg.VA118RN-0290@0.83345615,0.45726141,0.04310980,0.02517289	urn:cite:hmt:msA.118r
urn:cts:greekLit:tlg0012.tlg001.msA:10.5	Zeus simile	urn:cite:hmt:chsimg.VA126RN-0298@0.82719234,0.28769018,0.03316139,0.02351314	urn:cite:hmt:msA.126r
urn:cts:greekLit:tlg0012.tlg001.msA:10.183	dog simile	urn:cite:hmt:chsimg.VA129VN-0632@0.11790715,0.36293223,0.05711127,0.03125864	urn:cite:hmt:msA.129v
urn:cts:greekLit:tlg0012.tlg001.msA:10.360	hunt simile	urn:cite:hmt:chsimg.VA133RN-0305@0.83271923,0.37565698,0.04053058,0.02130014	urn:cite:hmt:msA.133r
urn:cts:greekLit:tlg0012.tlg001.msA:10.485	lion simile	urn:cite:hmt:chsimg.VA135VN-0637@0.13780398,0.35546335,0.04126750,0.02627939	urn:cite:hmt:msA.135v
urn:cts:greekLit:tlg0012.tlg001.msA:11.62	cloud and star simile	urn:cite:hmt:chsimg.VA138VN-0640@0.15401621,0.45421853,0.02800295,0.02019364	urn:cite:hmt:msA.138v
urn:cts:greekLit:tlg0012.tlg001.msA:11.67	reaper simile	urn:cite:hmt:chsimg.VA138VN-0640@0.15770081,0.54384509,0.03463522,0.02627939	urn:cite:hmt:msA.138v
urn:cts:greekLit:tlg0012.tlg001.msA:11.86	woodsman simile	urn:cite:hmt:chsimg.VA139RN-0311@0.81466470,0.42130014,0.03021371,0.01964039	urn:cite:hmt:msA.139r
urn:cts:greekLit:tlg0012.tlg001.msA:11.113	lion simile	urn:cite:hmt:chsimg.VA139VN-0641@0.14701548,0.48381743,0.03979366,0.02213001	urn:cite:hmt:msA.139v
urn:cts:greekLit:tlg0012.tlg001.msA:11.155	fire simile	urn:cite:hmt:chsimg.VA140VN-0642@0.15659543,0.31396957,0.02873987,0.02766252	urn:cite:hmt:msA.140v
urn:cts:greekLit:tlg0012.tlg001.msA:11.172	deer simile	urn:cite:hmt:chsimg.VA140VN-0642@0.17870302,0.66611342,0.03279293,0.02766252	urn:cite:hmt:msA.140v
urn:cts:greekLit:tlg0012.tlg001.msA:11.269	childbirth simile	urn:cite:hmt:chsimg.VA142VN-0644@0.16359617,0.57869986,0.03279293,0.02959889	urn:cite:hmt:msA.142v
urn:cts:greekLit:tlg0012.tlg001.msA:11.292	huntsman simile	urn:cite:hmt:chsimg.VA143RN-0315@0.78629329,0.53831259,0.03426676,0.03015214	urn:cite:hmt:msA.143r
urn:cts:greekLit:tlg0012.tlg001.msA:11.297	wind simile	urn:cite:hmt:chsimg.VA143RN-0315@0.78850405,0.64564315,0.03610906,0.03098202	urn:cite:hmt:msA.143r
urn:cts:greekLit:tlg0012.tlg001.msA:11.305	storm simile	urn:cite:hmt:chsimg.VA143VN-0645@0.16912307,0.32005533,0.02947679,0.02793914	urn:cite:hmt:msA.143v
urn:cts:greekLit:tlg0012.tlg001.msA:11.324	boar simile	urn:cite:hmt:chsimg.VA143VN-0645@0.19380987,0.68907331,0.03721444,0.02959889	urn:cite:hmt:msA.143v
urn:cts:greekLit:tlg0012.tlg001.msA:11.414	hunt simile	urn:cite:hmt:chsimg.VA145VN-0647@0.16838615,0.48049793,0.03795136,0.03208852	urn:cite:hmt:msA.145v
urn:cts:greekLit:tlg0012.tlg001.msA:11.474	jackal and lion simile	urn:cite:hmt:chsimg.VA146VN-0648@0.17612380,0.66002766,0.03389831,0.03374827	urn:cite:hmt:msA.146v
urn:cts:greekLit:tlg0012.tlg001.msA:11.493	river simile	urn:cite:hmt:chsimg.VA147RN-0319@0.80766396,0.51396957,0.03426676,0.02683264	urn:cite:hmt:msA.147r
urn:cts:greekLit:tlg0012.tlg001.msA:11.548	lion simile	urn:cite:hmt:chsimg.VA148RN-0320@0.81429624,0.61438451,0.02137067,0.01964039	urn:cite:hmt:msA.148r
urn:cts:greekLit:tlg0012.tlg001.msA:11.558	donkey simile	urn:cite:hmt:chsimg.VA148VN-0650@0.18017686,0.35159059,0.03463522,0.02130014	urn:cite:hmt:msA.148v
urn:cts:greekLit:tlg0012.tlg001.msA:12.41	hunt simile	urn:cite:hmt:chsimg.VA155RN-0327@0.81355932,0.49903181,0.03131909,0.02185339	urn:cite:hmt:msA.155r
urn:cts:greekLit:tlg0012.tlg001.msA:12.132	mountain oak simile	urn:cite:hmt:chsimg.VA157RN-0328@0.79513633,0.32669433,0.03684598,0.02793914	urn:cite:hmt:msA.157r
urn:cts:greekLit:tlg0012.tlg001.msA:12.146	boar simile	urn:cite:hmt:chsimg.VA157RN-0328@0.79439941,0.59917012,0.03758290,0.02019364	urn:cite:hmt:msA.157r
urn:cts:greekLit:tlg0012.tlg001.msA:12.156	snow simile	urn:cite:hmt:chsimg.VA157VN-0659@0.18017686,0.32116183,0.02652911,0.01908714	urn:cite:hmt:msA.157v
urn:cts:greekLit:tlg0012.tlg001.msA:12.167	wasp simile	urn:cite:hmt:chsimg.VA157VN-0659@0.18865144,0.53526971,0.03131909,0.02351314	urn:cite:hmt:msA.157v
urn:cts:greekLit:tlg0012.tlg001.msA:12.278	snow simile	urn:cite:hmt:chsimg.VA160RN-0331@0.83050847,0.21189488,0.03279293,0.02323651	urn:cite:hmt:msA.160r
urn:cts:greekLit:tlg0012.tlg001.msA:12.299	lion simile	urn:cite:hmt:chsimg.VA160RN-0331@0.81319086,0.60829876,0.03316139,0.02185339	urn:cite:hmt:msA.160r
urn:cts:greekLit:tlg0012.tlg001.msA:12.421	measuring rod simile	urn:cite:hmt:chsimg.VA162VN-0664@0.18496684,0.56514523,0.03095063,0.01687414	urn:cite:hmt:msA.162v
urn:cts:greekLit:tlg0012.tlg001.msA:12.432	spinning simile	urn:cite:hmt:chsimg.VA163RN-0334@0.79292557,0.28713693,0.02431835,0.01798064	urn:cite:hmt:msA.163r
urn:cts:greekLit:tlg0012.tlg001.msA:12.451	shepherd simile	urn:cite:hmt:chsimg.VA163RN-0334@0.82240236,0.64453665,0.02873987,0.02019364	urn:cite:hmt:msA.163r
urn:cts:greekLit:tlg0012.tlg001.msA:13.62	hawk simile	urn:cite:hmt:chsimg.VA165RN-0336@0.83161385,0.44757953,0.03758290,0.02295989	urn:cite:hmt:msA.165r
urn:cts:greekLit:tlg0012.tlg001.msA:13.102	deer simile	urn:cite:hmt:chsimg.VA166RN-0337@0.84193073,0.23928077,0.02910833,0.01659751	urn:cite:hmt:msA.166r
urn:cts:greekLit:tlg0012.tlg001.msA:13.137	boulder simile	urn:cite:hmt:chsimg.VA166VN-0668@0.13927782,0.44785615,0.03500368,0.01936376	urn:cite:hmt:msA.166v
urn:cts:greekLit:tlg0012.tlg001.msA:13.178	ash tree simile	urn:cite:hmt:chsimg.VA167VN-0669@0.13706706,0.24979253,0.03574060,0.01964039	urn:cite:hmt:msA.167v
urn:cts:greekLit:tlg0012.tlg001.msA:13.198	lions simile	urn:cite:hmt:chsimg.VA167VN-0669@0.15143699,0.62074689,0.02616065,0.01798064	urn:cite:hmt:msA.167v
urn:cts:greekLit:tlg0012.tlg001.msA:13.242	lightning simile	urn:cite:hmt:chsimg.VA168VN-0670@0.15991157,0.44951591,0.03463522,0.02627939	urn:cite:hmt:msA.168v
urn:cts:greekLit:tlg0012.tlg001.msA:13.298	Ares and rout simile	urn:cite:hmt:chsimg.VA169VN-0671@0.16875461,0.53858921,0.03537214,0.02047026	urn:cite:hmt:msA.169v
urn:cts:greekLit:tlg0012.tlg001.msA:13.334	wind and dust simile	urn:cite:hmt:chsimg.VA170VN-0672@0.16985999,0.26002766,0.03868828,0.02323651	urn:cite:hmt:msA.170v
urn:cts:greekLit:tlg0012.tlg001.msA:13.389	falling tree simile	urn:cite:hmt:chsimg.VA171VN-0673@0.15659543,0.36486860,0.02026529,0.02130014	urn:cite:hmt:msA.171v
urn:cts:greekLit:tlg0012.tlg001.msA:13.471	boar simile	urn:cite:hmt:chsimg.VA173RN-0344@0.83824613,0.47496542,0.02800295,0.01881051	urn:cite:hmt:msA.173r
urn:cts:greekLit:tlg0012.tlg001.msA:13.492	sheep simile	urn:cite:hmt:chsimg.VA173VN-0675@0.16764923,0.41936376,0.02800295,0.02351314	urn:cite:hmt:msA.173v
urn:cts:greekLit:tlg0012.tlg001.msA:13.571	bull simile	urn:cite:hmt:chsimg.VA175RN-0346@0.82498158,0.47662517,0.03279293,0.02074689	urn:cite:hmt:msA.175r
urn:cts:greekLit:tlg0012.tlg001.msA:13.588	shovel simile	urn:cite:hmt:chsimg.VA175VN-0677@0.17428150,0.27883817,0.02726603,0.02102351	urn:cite:hmt:msA.175v
urn:cts:greekLit:tlg0012.tlg001.msA:13.703	oxen and plow simile	urn:cite:hmt:chsimg.VA177VN-0679@0.16985999,0.54218534,0.02800295,0.02240664	urn:cite:hmt:msA.177v
urn:cts:greekLit:tlg0012.tlg001.msA:13.795	wind simile	urn:cite:hmt:chsimg.VA179VN-0681@0.17759764,0.32614108,0.03021371,0.02461964	urn:cite:hmt:msA.179v
urn:cts:greekLit:tlg0012.tlg001.msA:14.16	wave simile	urn:cite:hmt:chsimg.VA180VN-0682@0.17980840,0.53665284,0.03426676,0.02876902	urn:cite:hmt:msA.180v
urn:cts:greekLit:tlg0012.tlg001.msA:14.414	lightning-struck tree simile	urn:cite:hmt:chsimg.VA188VN-0690@0.18091378,0.41853389,0.02173913,0.01991701	urn:cite:hmt:msA.188v
urn:cts:greekLit:tlg0012.tlg001.msA:15.80	traveller simile	urn:cite:hmt:chsimg.VA192VN-0694@0.15733235,0.32199170,0.02579219,0.02213001	urn:cite:hmt:msA.192v
urn:cts:greekLit:tlg0012.tlg001.msA:15.170	snow simile	urn:cite:hmt:chsimg.VA194RN-0365@0.83419307,0.58506224,0.02358143,0.02461964	urn:cite:hmt:msA.194r
urn:cts:greekLit:tlg0012.tlg001.msA:15.237	falcon simile	urn:cite:hmt:chsimg.VA195VN-0697@0.17170228,0.44508990,0.03316139,0.02932227	urn:cite:hmt:msA.195v
urn:cts:greekLit:tlg0012.tlg001.msA:15.263	horse simile	urn:cite:hmt:chsimg.VA196RN-0367@0.80913780,0.41881051,0.03316139,0.02821577	urn:cite:hmt:msA.196r
urn:cts:greekLit:tlg0012.tlg001.msA:15.271	hunt simile	urn:cite:hmt:chsimg.VA196RN-0367@0.80766396,0.57676349,0.03647752,0.02849239	urn:cite:hmt:msA.196r
urn:cts:greekLit:tlg0012.tlg001.msA:15.323	frightened flock simile	urn:cite:hmt:chsimg.VA197RN-0368@0.80729550,0.63374827,0.03426676,0.02683264	urn:cite:hmt:msA.197r
urn:cts:greekLit:tlg0012.tlg001.msA:15.358	spear-cast simile	urn:cite:hmt:chsimg.VA198RN-0369@0.84082535,0.34467497,0.02947679,0.02213001	urn:cite:hmt:msA.198r
urn:cts:greekLit:tlg0012.tlg001.msA:15.362	sand simile	urn:cite:hmt:chsimg.VA198RN-0369@0.83935151,0.41908714,0.02763449,0.02683264	urn:cite:hmt:msA.198r
urn:cts:greekLit:tlg0012.tlg001.msA:15.381	wave and ship simile	urn:cite:hmt:chsimg.VA198VN-0700@0.16396463,0.32531120,0.03500368,0.02793914	urn:cite:hmt:msA.198v
urn:cts:greekLit:tlg0012.tlg001.msA:15.410	carpenter's line simile	urn:cite:hmt:chsimg.VA199RN-0370@0.81024318,0.38284924,0.03316139,0.02987552	urn:cite:hmt:msA.199r
urn:cts:greekLit:tlg0012.tlg001.msA:15.579	hound simile	urn:cite:hmt:chsimg.VA202VN-0704@0.16691231,0.26694329,0.03131909,0.02876902	urn:cite:hmt:msA.202v
urn:cts:greekLit:tlg0012.tlg001.msA:15.586	wild beast simile	urn:cite:hmt:chsimg.VA202VN-0704@0.16912307,0.39474412,0.02726603,0.03153527	urn:cite:hmt:msA.202v
urn:cts:greekLit:tlg0012.tlg001.msA:15.605	Ares and fire simile	urn:cite:hmt:chsimg.VA203RN-0374@0.82829772,0.25117566,0.04347826,0.03042877	urn:cite:hmt:msA.203r
urn:cts:greekLit:tlg0012.tlg001.msA:15.618	rock simile	urn:cite:hmt:chsimg.VA203RN-0374@0.82756080,0.49930844,0.03537214,0.02932227	urn:cite:hmt:msA.203r
urn:cts:greekLit:tlg0012.tlg001.msA:15.624	wave and ship simile	urn:cite:hmt:chsimg.VA203RN-0374@0.83050847,0.62102351,0.03979366,0.02849239	urn:cite:hmt:msA.203r
urn:cts:greekLit:tlg0012.tlg001.msA:15.630	lion simile	urn:cite:hmt:chsimg.VA203VN-0705@0.17612380,0.27219917,0.03610906,0.02710927	urn:cite:hmt:msA.203v
urn:cts:greekLit:tlg0012.tlg001.msA:15.679	horseman simile	urn:cite:hmt:chsimg.VA204VN-0706@0.18717760,0.28243430,0.03942520,0.02904564	urn:cite:hmt:msA.204v
urn:cts:greekLit:tlg0012.tlg001.msA:15.690	eagle simile	urn:cite:hmt:chsimg.VA204VN-0706@0.18570376,0.49211618,0.03795136,0.03153527	urn:cite:hmt:msA.204v
urn:cts:greekLit:tlg0012.tlg001.msA:16.3	fountain simile	urn:cite:hmt:chsimg.VA206RN-0377@0.79882093,0.24232365,0.04237288,0.02738589	urn:cite:hmt:msA.206r
urn:cts:greekLit:tlg0012.tlg001.msA:16.7	girl simile	urn:cite:hmt:chsimg.VA206RN-0377@0.80176861,0.32171508,0.03205601,0.02738589	urn:cite:hmt:msA.206r
urn:cts:greekLit:tlg0012.tlg001.msA:16.156	wolves simile	urn:cite:hmt:chsimg.VA209RN-0380@0.82203390,0.30871369,0.04310980,0.02959889	urn:cite:hmt:msA.209r
urn:cts:greekLit:tlg0012.tlg001.msA:16.212	house simile	urn:cite:hmt:chsimg.VA210RN-0381@0.84377303,0.41300138,0.02947679,0.02655602	urn:cite:hmt:msA.210r
urn:cts:greekLit:tlg0012.tlg001.msA:16.259	wasp simile	urn:cite:hmt:chsimg.VA211RN-0382@0.82571850,0.34744122,0.05195284,0.03457815	urn:cite:hmt:msA.211r
urn:cts:greekLit:tlg0012.tlg001.msA:16.297	Zeus simile (no numeral)		urn:cite:hmt:msA.211v
urn:cts:greekLit:tlg0012.tlg001.msA:16.352	wolves simile	urn:cite:hmt:chsimg.VA213RN-0384@0.81024318,0.22185339,0.04126750,0.02351314	urn:cite:hmt:msA.213r
urn:cts:greekLit:tlg0012.tlg001.msA:16.364	cloud simile	urn:cite:hmt:chsimg.VA213RN-0384@0.82977155,0.45117566,0.04053058,0.03015214	urn:cite:hmt:msA.213r
urn:cts:greekLit:tlg0012.tlg001.msA:16.384	rain simile	urn:cite:hmt:chsimg.VA213VN-0715@0.15438467,0.36154910,0.03610906,0.02766252	urn:cite:hmt:msA.213v
urn:cts:greekLit:tlg0012.tlg001.msA:16.406	fishing simile	urn:cite:hmt:chsimg.VA214RN-0385@0.81319086,0.27939142,0.03758290,0.02572614	urn:cite:hmt:msA.214r
urn:cts:greekLit:tlg0012.tlg001.msA:16.428	vultures simile	urn:cite:hmt:chsimg.VA214VN-0716@0.16175387,0.24094053,0.04532056,0.02904564	urn:cite:hmt:msA.214v
urn:cts:greekLit:tlg0012.tlg001.msA:16.482	falling tree simile	urn:cite:hmt:chsimg.VA215VN-0717@0.13596168,0.32033195,0.04310980,0.02849239	urn:cite:hmt:msA.215v
urn:cts:greekLit:tlg0012.tlg001.msA:16.487	lion and bull simile	urn:cite:hmt:chsimg.VA215VN-0717@0.14148858,0.41576763,0.04421518,0.02849239	urn:cite:hmt:msA.215v
urn:cts:greekLit:tlg0012.tlg001.msA:16.582	falcon simile	urn:cite:hmt:chsimg.VA217VN-0719@0.15291083,0.32558783,0.02689757,0.02323651	urn:cite:hmt:msA.217v
urn:cts:greekLit:tlg0012.tlg001.msA:16.589	javelin cast simile	urn:cite:hmt:chsimg.VA217VN-0719@0.15070007,0.46224066,0.04089904,0.02904564	urn:cite:hmt:msA.217v
urn:cts:greekLit:tlg0012.tlg001.msA:16.632	woodcutter simile	urn:cite:hmt:chsimg.VA218VN-0720@0.18201916,0.30401107,0.04863670,0.03264177	urn:cite:hmt:msA.218v
urn:cts:greekLit:tlg0012.tlg001.msA:16.641	fly simile	urn:cite:hmt:chsimg.VA218VN-0720@0.18644068,0.46224066,0.04347826,0.03430152	urn:cite:hmt:msA.218v
urn:cts:greekLit:tlg0012.tlg001.msA:16.751	lion simile	urn:cite:hmt:chsimg.VA220VN-0722@0.18644068,0.63374827,0.04310980,0.02683264	urn:cite:hmt:msA.220v
urn:cts:greekLit:tlg0012.tlg001.msA:16.756	lion simile	urn:cite:hmt:chsimg.VA221RN-0392@0.82756080,0.21161826,0.03389831,0.02240664	urn:cite:hmt:msA.221r
urn:cts:greekLit:tlg0012.tlg001.msA:16.765	wind and tree simile	urn:cite:hmt:chsimg.VA221RN-0392@0.83050847,0.37925311,0.03610906,0.02489627	urn:cite:hmt:msA.221r
urn:cts:greekLit:tlg0012.tlg001.msA:17.4	calf and cow simile	urn:cite:hmt:chsimg.VA223VN-0725@0.15401621,0.28741355,0.04274134,0.03015214	urn:cite:hmt:msA.223v
urn:cts:greekLit:tlg0012.tlg001.msA:17.53	fallen olive sapling simile	urn:cite:hmt:chsimg.VA224VN-0726@0.16728077,0.27053942,0.03537214,0.02904564	urn:cite:hmt:msA.224v
urn:cts:greekLit:tlg0012.tlg001.msA:17.61	lion simile	urn:cite:hmt:chsimg.VA224VN-0726@0.16801769,0.42047026,0.04274134,0.03015214	urn:cite:hmt:msA.224v
urn:cts:greekLit:tlg0012.tlg001.msA:17.109	lion simile	urn:cite:hmt:chsimg.VA225VN-0727@0.15401621,0.37565698,0.03684598,0.02489627	urn:cite:hmt:msA.225v
urn:cts:greekLit:tlg0012.tlg001.msA:17.133	lion and cubs simile	urn:cite:hmt:chsimg.VA226RN-0397@0.81798084,0.33997234,0.04716286,0.02489627	urn:cite:hmt:msA.226r
urn:cts:greekLit:tlg0012.tlg001.msA:17.263	river simile (no numeral)		urn:cite:hmt:msA.228v
urn:cts:greekLit:tlg0012.tlg001.msA:17.281	wild boar simile (replaced)		urn:cite:hmt:msA.229r
urn:cts:greekLit:tlg0012.tlg001.msA:17.389	hide simile (replaced)		urn:cite:hmt:msA.231r
urn:cts:greekLit:tlg0012.tlg001.msA:17.434	pillar simile (replaced)		urn:cite:hmt:msA.232r
urn:cts:greekLit:tlg0012.tlg001.msA:17.520	bull simile (replaced)		urn:cite:hmt:msA.233v
urn:cts:greekLit:tlg0012.tlg001.msA:17.547	rainbow simile (replaced)		urn:cite:hmt:msA.234r
urn:cts:greekLit:tlg0012.tlg001.msA:17.657	lion simile	urn:cite:hmt:chsimg.VA236VN-0738@0.16175387,0.27911480,0.04053058,0.02406639	urn:cite:hmt:msA.236v
urn:cts:greekLit:tlg0012.tlg001.msA:17.674	eagle simile	urn:cite:hmt:chsimg.VA236VN-0738@0.17943994,0.59031812,0.04826824,0.03153527	urn:cite:hmt:msA.236v
urn:cts:greekLit:tlg0012.tlg001.msA:17.725	hounds simile	urn:cite:hmt:chsimg.VA237VN-0739@0.18275608,0.60746888,0.03389831,0.02627939	urn:cite:hmt:msA.237v
urn:cts:greekLit:tlg0012.tlg001.msA:17.737	fire simile (replaced)		urn:cite:hmt:msA.238r
urn:cts:greekLit:tlg0012.tlg001.msA:17.742	mule simile (replaced)		urn:cite:hmt:msA.238r
urn:cts:greekLit:tlg0012.tlg001.msA:17.747	ridge simile (replaced)		urn:cite:hmt:msA.238r
urn:cts:greekLit:tlg0012.tlg001.msA:17.755	starlings simile (replaced)		urn:cite:hmt:msA.238v
urn:cts:greekLit:tlg0012.tlg001.msA:18.161	shepherds and lion simile	urn:cite:hmt:chsimg.VA242RN-0413@0.81429624,0.39197787,0.04384672,0.02793914	urn:cite:hmt:msA.242r
urn:cts:greekLit:tlg0012.tlg001.msA:18.207	smoke simile	urn:cite:hmt:chsimg.VA243RN-0414@0.83419307,0.27524205,0.04089904,0.02876902	urn:cite:hmt:msA.243r
urn:cts:greekLit:tlg0012.tlg001.msA:18.219	trumpet simile	urn:cite:hmt:chsimg.VA243RN-0414@0.82313928,0.49764869,0.03868828,0.02793914	urn:cite:hmt:msA.243r
urn:cts:greekLit:tlg0012.tlg001.msA:18.318	lion and cubs simile	urn:cite:hmt:chsimg.VA245RN-0416@0.81761238,0.50290456,0.03868828,0.02517289	urn:cite:hmt:msA.245r
urn:cts:greekLit:tlg0012.tlg001.msA:19.349	falcon simile	urn:cite:hmt:chsimg.VA258RN-0429@0.82977155,0.66334716,0.04310980,0.02572614	urn:cite:hmt:msA.258r
urn:cts:greekLit:tlg0012.tlg001.msA:19.357	snow simile	urn:cite:hmt:chsimg.VA258VN-0760@0.16543847,0.33139696,0.03021371,0.02434302	urn:cite:hmt:msA.258v
urn:cts:greekLit:tlg0012.tlg001.msA:19.375	fire simile	urn:cite:hmt:chsimg.VA258VN-0760@0.17575534,0.66915629,0.04679440,0.03125864	urn:cite:hmt:msA.258v
urn:cts:greekLit:tlg0012.tlg001.msA:20.164	lion simile	urn:cite:hmt:chsimg.VA263RN-0433@0.80582167,0.44066390,0.04421518,0.02876902	urn:cite:hmt:msA.263r
urn:cts:greekLit:tlg0012.tlg001.msA:20.252	women simile	urn:cite:hmt:chsimg.VA265RN-0435@0.84082535,0.20580913,0.04126750,0.02517289	urn:cite:hmt:msA.265r
urn:cts:greekLit:tlg0012.tlg001.msA:20.403	bull simile	urn:cite:hmt:chsimg.VA267VN-0769@0.17133382,0.64260028,0.05526898,0.03042877	urn:cite:hmt:msA.267v
urn:cts:greekLit:tlg0012.tlg001.msA:20.490	forest fire simile	urn:cite:hmt:chsimg.VA269VN-0771@0.17501842,0.40055325,0.03574060,0.03098202	urn:cite:hmt:msA.269v
urn:cts:greekLit:tlg0012.tlg001.msA:20.495	bull simile	urn:cite:hmt:chsimg.VA269VN-0771@0.17796610,0.50041494,0.04310980,0.03153527	urn:cite:hmt:msA.269v
urn:cts:greekLit:tlg0012.tlg001.msA:21.12	fire and locusts simile	urn:cite:hmt:chsimg.VA270RN-0440@0.84745763,0.40497925,0.05232130,0.03651452	urn:cite:hmt:msA.270r
urn:cts:greekLit:tlg0012.tlg001.msA:21.22	dolphin simile	urn:cite:hmt:chsimg.VA270RN-0440@0.83861459,0.60027663,0.04384672,0.03236515	urn:cite:hmt:msA.270r
urn:cts:greekLit:tlg0012.tlg001.msA:21.252	eagle simile	urn:cite:hmt:chsimg.VA275RN-0445@0.82019160,0.19004149,0.05453206,0.04370678	urn:cite:hmt:msA.275r
urn:cts:greekLit:tlg0012.tlg001.msA:21.257	channel simile	urn:cite:hmt:chsimg.VA275RN-0445@0.82019160,0.29239281,0.03721444,0.03015214	urn:cite:hmt:msA.275r
urn:cts:greekLit:tlg0012.tlg001.msA:21.346	parched plain simile	urn:cite:hmt:chsimg.VA276VN-0778@0.16470155,0.58201936,0.04642594,0.02683264	urn:cite:hmt:msA.276v
urn:cts:greekLit:tlg0012.tlg001.msA:21.362	cauldron simile	urn:cite:hmt:chsimg.VA277RN-0447@0.82682388,0.40082988,0.04384672,0.03153527	urn:cite:hmt:msA.277r
urn:cts:greekLit:tlg0012.tlg001.msA:21.493	dove and falcon simile	urn:cite:hmt:chsimg.VA279VN-0781@0.16249079,0.48243430,0.04126750,0.02710927	urn:cite:hmt:msA.279v
urn:cts:greekLit:tlg0012.tlg001.msA:21.522	smoke simile	urn:cite:hmt:chsimg.VA280RN-0450@0.81613854,0.52475795,0.04826824,0.02489627	urn:cite:hmt:msA.280r
urn:cts:greekLit:tlg0012.tlg001.msA:21.573	leopard simile	urn:cite:hmt:chsimg.VA281RN-0451@0.80140015,0.54744122,0.04937362,0.02932227	urn:cite:hmt:msA.281r
urn:cts:greekLit:tlg0012.tlg001.msA:22.22	chariot simile	urn:cite:hmt:chsimg.VA282VN-0784@0.15770081,0.48879668,0.03352985,0.02572614	urn:cite:hmt:msA.282v
urn:cts:greekLit:tlg0012.tlg001.msA:22.26	star simile	urn:cite:hmt:chsimg.VA282VN-0784@0.15917465,0.56320885,0.04679440,0.03319502	urn:cite:hmt:msA.282v
urn:cts:greekLit:tlg0012.tlg001.msA:22.93	serpent simile	urn:cite:hmt:chsimg.VA284RN-0454@0.82424466,0.39474412,0.03684598,0.02434302	urn:cite:hmt:msA.284r
urn:cts:greekLit:tlg0012.tlg001.msA:22.139	falcon and dove simile	urn:cite:hmt:chsimg.VA285RN-0455@0.81613854,0.29432918,0.04753132,0.02766252	urn:cite:hmt:msA.285r
urn:cts:greekLit:tlg0012.tlg001.msA:22.163	funeral games simile	urn:cite:hmt:chsimg.VA285VN-0787@0.17722918,0.27662517,0.03758290,0.02710927	urn:cite:hmt:msA.285v
urn:cts:greekLit:tlg0012.tlg001.msA:22.189	hound and fawn simile	urn:cite:hmt:chsimg.VA286RN-0456@0.84487841,0.30594744,0.03905674,0.02323651	urn:cite:hmt:msA.286r
urn:cts:greekLit:tlg0012.tlg001.msA:22.199	dream simile	urn:cite:hmt:chsimg.VA286RN-0456@0.84156227,0.49903181,0.04458364,0.02627939	urn:cite:hmt:msA.286r
urn:cts:greekLit:tlg0012.tlg001.msA:22.262	oaths simile	urn:cite:hmt:chsimg.VA287VN-0789@0.16985999,0.28879668,0.05305822,0.03070539	urn:cite:hmt:msA.287v
urn:cts:greekLit:tlg0012.tlg001.msA:22.308	eagle simile	urn:cite:hmt:chsimg.VA288RN-0458@0.82608696,0.66251729,0.04089904,0.02295989	urn:cite:hmt:msA.288r
urn:cts:greekLit:tlg0012.tlg001.msA:22.317	star simile	urn:cite:hmt:chsimg.VA288VN-0790@0.16212233,0.36542185,0.03500368,0.02489627	urn:cite:hmt:msA.288v
urn:cts:greekLit:tlg0012.tlg001.msA:23.222	grieving father simile	urn:cite:hmt:chsimg.VA297RN-0467@0.83714075,0.41466113,0.03795136,0.02710927	urn:cite:hmt:msA.297v
urn:cts:greekLit:tlg0012.tlg001.msA:23.598	corn simile	urn:cite:hmt:chsimg.VA304VN-0806@0.14922623,0.51590595,0.03647752,0.02517289	urn:cite:hmt:msA.304v
urn:cts:greekLit:tlg0012.tlg001.msA:23.692	fish simile	urn:cite:hmt:chsimg.VA306VN-0808@0.16838615,0.39640387,0.03684598,0.03098202	urn:cite:hmt:msA.306v
urn:cts:greekLit:tlg0012.tlg001.msA:23.760	weaving simile	urn:cite:hmt:chsimg.VA308RN-0478@0.82092852,0.20995851,0.04347826,0.02738589	urn:cite:hmt:msA.308r
urn:cts:greekLit:tlg0012.tlg001.msA:24.41	lion simile	urn:cite:hmt:chsimg.VA311VN-0813@0.14922623,0.43789765,0.03279293,0.03015214	urn:cite:hmt:msA.311v
urn:cts:greekLit:tlg0012.tlg001.msA:24.80	fishing simile (no numeral)		urn:cite:hmt:msA.312v
urn:cts:greekLit:tlg0012.tlg001.msA:24.480	exile simile (replaced)		urn:cite:hmt:msA.320v
urn:cts:greekLit:tlg0012.tlg001.msA:24.572	lion simile	urn:cite:hmt:chsimg.VA322RN-0492@0.83271923,0.51535270,0.03868828,0.02683264	urn:cite:hmt:msA.322r
