urn:cite:hmt:e4.1r,urn:cite:hmt:e4img.e4_553
urn:cite:hmt:e4.1v,urn:cite:hmt:e4img.e4_245
urn:cite:hmt:e4.2r,urn:cite:hmt:e4img.e4_552
urn:cite:hmt:e4.2v,urn:cite:hmt:e4img.e4_244
urn:cite:hmt:e4.3r,urn:cite:hmt:e4img.e4_551
urn:cite:hmt:e4.3v,urn:cite:hmt:e4img.e4_243
urn:cite:hmt:e4.4r,urn:cite:hmt:e4img.e4_550
urn:cite:hmt:e4.4v,urn:cite:hmt:e4img.e4_242
urn:cite:hmt:e4.5r,urn:cite:hmt:e4img.e4_549
urn:cite:hmt:e4.5v,urn:cite:hmt:e4img.e4_241
urn:cite:hmt:e4.6r,urn:cite:hmt:e4img.e4_548
urn:cite:hmt:e4.6v,urn:cite:hmt:e4img.e4_240
urn:cite:hmt:e4.7r,urn:cite:hmt:e4img.e4_547
urn:cite:hmt:e4.7v,urn:cite:hmt:e4img.e4_239
urn:cite:hmt:e4.8r,urn:cite:hmt:e4img.e4_546
urn:cite:hmt:e4.8v,urn:cite:hmt:e4img.e4_238
urn:cite:hmt:e4.9r,urn:cite:hmt:e4img.e4_545
urn:cite:hmt:e4.9v,urn:cite:hmt:e4img.e4_237
urn:cite:hmt:e4.10r,urn:cite:hmt:e4img.e4_544
urn:cite:hmt:e4.10v,urn:cite:hmt:e4img.e4_236
urn:cite:hmt:e4.11r,urn:cite:hmt:e4img.e4_543
urn:cite:hmt:e4.11v,urn:cite:hmt:e4img.e4_235
urn:cite:hmt:e4.12r,urn:cite:hmt:e4img.e4_542
urn:cite:hmt:e4.12v,urn:cite:hmt:e4img.e4_234
urn:cite:hmt:e4.13r,urn:cite:hmt:e4img.e4_540
urn:cite:hmt:e4.13v,urn:cite:hmt:e4img.e4_233
urn:cite:hmt:e4.14r,urn:cite:hmt:e4img.e4_539
urn:cite:hmt:e4.14v,urn:cite:hmt:e4img.e4_232
urn:cite:hmt:e4.15r,urn:cite:hmt:e4img.e4_537
urn:cite:hmt:e4.15v,urn:cite:hmt:e4img.e4_231
urn:cite:hmt:e4.16r,urn:cite:hmt:e4img.e4_536
urn:cite:hmt:e4.16v,urn:cite:hmt:e4img.e4_230
urn:cite:hmt:e4.17r,urn:cite:hmt:e4img.e4_535
urn:cite:hmt:e4.17v,urn:cite:hmt:e4img.e4_229
urn:cite:hmt:e4.18r,urn:cite:hmt:e4img.e4_534
urn:cite:hmt:e4.18v,urn:cite:hmt:e4img.e4_228
urn:cite:hmt:e4.19r,urn:cite:hmt:e4img.e4_533
urn:cite:hmt:e4.19v,urn:cite:hmt:e4img.e4_227
urn:cite:hmt:e4.20r,urn:cite:hmt:e4img.e4_532
urn:cite:hmt:e4.20v,urn:cite:hmt:e4img.e4_226
urn:cite:hmt:e4.21r,urn:cite:hmt:e4img.e4_531
urn:cite:hmt:e4.21v,urn:cite:hmt:e4img.e4_225
urn:cite:hmt:e4.22r,urn:cite:hmt:e4img.e4_530
urn:cite:hmt:e4.22v,urn:cite:hmt:e4img.e4_224
urn:cite:hmt:e4.23r,urn:cite:hmt:e4img.e4_529
urn:cite:hmt:e4.23v,urn:cite:hmt:e4img.e4_223
urn:cite:hmt:e4.24r,urn:cite:hmt:e4img.e4_528
urn:cite:hmt:e4.24v,urn:cite:hmt:e4img.e4_222
urn:cite:hmt:e4.25r,urn:cite:hmt:e4img.e4_527
urn:cite:hmt:e4.25v,urn:cite:hmt:e4img.e4_221
urn:cite:hmt:e4.26r,urn:cite:hmt:e4img.e4_526
urn:cite:hmt:e4.26v,urn:cite:hmt:e4img.e4_220
urn:cite:hmt:e4.27r,urn:cite:hmt:e4img.e4_525
urn:cite:hmt:e4.27v,urn:cite:hmt:e4img.e4_219
urn:cite:hmt:e4.28r,urn:cite:hmt:e4img.e4_524
urn:cite:hmt:e4.28v,urn:cite:hmt:e4img.e4_218
urn:cite:hmt:e4.29r,urn:cite:hmt:e4img.e4_523
urn:cite:hmt:e4.29v,urn:cite:hmt:e4img.e4_217
urn:cite:hmt:e4.30r,urn:cite:hmt:e4img.e4_522
urn:cite:hmt:e4.30v,urn:cite:hmt:e4img.e4_216
urn:cite:hmt:e4.31r,urn:cite:hmt:e4img.e4_521
urn:cite:hmt:e4.31v,urn:cite:hmt:e4img.e4_215
urn:cite:hmt:e4.32r,urn:cite:hmt:e4img.e4_520
urn:cite:hmt:e4.32v,urn:cite:hmt:e4img.e4_214
urn:cite:hmt:e4.33r,urn:cite:hmt:e4img.e4_519
urn:cite:hmt:e4.33v,urn:cite:hmt:e4img.e4_213
urn:cite:hmt:e4.34r,urn:cite:hmt:e4img.e4_518
urn:cite:hmt:e4.34v,urn:cite:hmt:e4img.e4_212
urn:cite:hmt:e4.35r,urn:cite:hmt:e4img.e4_517
urn:cite:hmt:e4.35v,urn:cite:hmt:e4img.e4_211
urn:cite:hmt:e4.36r,urn:cite:hmt:e4img.e4_516
urn:cite:hmt:e4.36v,urn:cite:hmt:e4img.e4_210
urn:cite:hmt:e4.37r,urn:cite:hmt:e4img.e4_515
urn:cite:hmt:e4.37v,urn:cite:hmt:e4img.e4_209
urn:cite:hmt:e4.38r,urn:cite:hmt:e4img.e4_514
urn:cite:hmt:e4.38v,urn:cite:hmt:e4img.e4_208
urn:cite:hmt:e4.39r,urn:cite:hmt:e4img.e4_513
urn:cite:hmt:e4.39v,urn:cite:hmt:e4img.e4_207
urn:cite:hmt:e4.40r,urn:cite:hmt:e4img.e4_512
urn:cite:hmt:e4.40v,urn:cite:hmt:e4img.e4_206
urn:cite:hmt:e4.41r,urn:cite:hmt:e4img.e4_511
urn:cite:hmt:e4.41v,urn:cite:hmt:e4img.e4_205
urn:cite:hmt:e4.42v,urn:cite:hmt:e4img.e4_204
urn:cite:hmt:e4.43v,urn:cite:hmt:e4img.e4_203
urn:cite:hmt:e4.44v,urn:cite:hmt:e4img.e4_202
urn:cite:hmt:e4.45v,urn:cite:hmt:e4img.e4_201
urn:cite:hmt:e4.46v,urn:cite:hmt:e4img.e4_200
urn:cite:hmt:e4.47v,urn:cite:hmt:e4img.e4_199
urn:cite:hmt:e4.48v,urn:cite:hmt:e4img.e4_198
urn:cite:hmt:e4.49v,urn:cite:hmt:e4img.e4_197
urn:cite:hmt:e4.50v,urn:cite:hmt:e4img.e4_196
urn:cite:hmt:e4.51v,urn:cite:hmt:e4img.e4_194
urn:cite:hmt:e4.51v,urn:cite:hmt:e4img.e4_195
urn:cite:hmt:e4.52v,urn:cite:hmt:e4img.e4_193
urn:cite:hmt:e4.53v,urn:cite:hmt:e4img.e4_192
urn:cite:hmt:e4.54v,urn:cite:hmt:e4img.e4_191
urn:cite:hmt:e4.55v,urn:cite:hmt:e4img.e4_190
urn:cite:hmt:e4.56v,urn:cite:hmt:e4img.e4_189
urn:cite:hmt:e4.57v,urn:cite:hmt:e4img.e4_188
urn:cite:hmt:e4.58v,urn:cite:hmt:e4img.e4_187
urn:cite:hmt:e4.59v,urn:cite:hmt:e4img.e4_185
urn:cite:hmt:e4.59v,urn:cite:hmt:e4img.e4_186
urn:cite:hmt:e4.60v,urn:cite:hmt:e4img.e4_184
urn:cite:hmt:e4.61v,urn:cite:hmt:e4img.e4_183
urn:cite:hmt:e4.62v,urn:cite:hmt:e4img.e4_182
urn:cite:hmt:e4.63v,urn:cite:hmt:e4img.e4_181
urn:cite:hmt:e4.64v,urn:cite:hmt:e4img.e4_180
urn:cite:hmt:e4.65v,urn:cite:hmt:e4img.e4_179
urn:cite:hmt:e4.67v,urn:cite:hmt:e4img.e4_178
urn:cite:hmt:e4.68v,urn:cite:hmt:e4img.e4_177
urn:cite:hmt:e4.69v,urn:cite:hmt:e4img.e4_176
urn:cite:hmt:e4.70v,urn:cite:hmt:e4img.e4_175
urn:cite:hmt:e4.71v,urn:cite:hmt:e4img.e4_174
urn:cite:hmt:e4.72v,urn:cite:hmt:e4img.e4_173
urn:cite:hmt:e4.73v,urn:cite:hmt:e4img.e4_172
urn:cite:hmt:e4.74v,urn:cite:hmt:e4img.e4_171
urn:cite:hmt:e4.75v,urn:cite:hmt:e4img.e4_170
urn:cite:hmt:e4.76v,urn:cite:hmt:e4img.e4_169
urn:cite:hmt:e4.77v,urn:cite:hmt:e4img.e4_168
urn:cite:hmt:e4.78v,urn:cite:hmt:e4img.e4_167
urn:cite:hmt:e4.79v,urn:cite:hmt:e4img.e4_166
urn:cite:hmt:e4.80v,urn:cite:hmt:e4img.e4_165
urn:cite:hmt:e4.81v,urn:cite:hmt:e4img.e4_164
urn:cite:hmt:e4.82v,urn:cite:hmt:e4img.e4_163
urn:cite:hmt:e4.83v,urn:cite:hmt:e4img.e4_162
urn:cite:hmt:e4.84v,urn:cite:hmt:e4img.e4_161
urn:cite:hmt:e4.85v,urn:cite:hmt:e4img.e4_160
urn:cite:hmt:e4.86v,urn:cite:hmt:e4img.e4_159
urn:cite:hmt:e4.87v,urn:cite:hmt:e4img.e4_158
urn:cite:hmt:e4.88v,urn:cite:hmt:e4img.e4_157
urn:cite:hmt:e4.89v,urn:cite:hmt:e4img.e4_156
urn:cite:hmt:e4.90v,urn:cite:hmt:e4img.e4_153
urn:cite:hmt:e4.90v,urn:cite:hmt:e4img.e4_154
urn:cite:hmt:e4.90v,urn:cite:hmt:e4img.e4_155
urn:cite:hmt:e4.91v,urn:cite:hmt:e4img.e4_152
urn:cite:hmt:e4.92v,urn:cite:hmt:e4img.e4_151
urn:cite:hmt:e4.93v,urn:cite:hmt:e4img.e4_150
urn:cite:hmt:e4.94v,urn:cite:hmt:e4img.e4_149
urn:cite:hmt:e4.95v,urn:cite:hmt:e4img.e4_148
urn:cite:hmt:e4.96v,urn:cite:hmt:e4img.e4_147
urn:cite:hmt:e4.97v,urn:cite:hmt:e4img.e4_146
urn:cite:hmt:e4.98v,urn:cite:hmt:e4img.e4_145
urn:cite:hmt:e4.99v,urn:cite:hmt:e4img.e4_144
urn:cite:hmt:e4.100r,urn:cite:hmt:e4img.e4_451
urn:cite:hmt:e4.100v,urn:cite:hmt:e4img.e4_143
urn:cite:hmt:e4.101r,urn:cite:hmt:e4img.e4_450
urn:cite:hmt:e4.101v,urn:cite:hmt:e4img.e4_142
urn:cite:hmt:e4.102r,urn:cite:hmt:e4img.e4_449
urn:cite:hmt:e4.102v,urn:cite:hmt:e4img.e4_141
urn:cite:hmt:e4.103r,urn:cite:hmt:e4img.e4_448
urn:cite:hmt:e4.103v,urn:cite:hmt:e4img.e4_138
urn:cite:hmt:e4.103v,urn:cite:hmt:e4img.e4_139
urn:cite:hmt:e4.103v,urn:cite:hmt:e4img.e4_140
urn:cite:hmt:e4.104r,urn:cite:hmt:e4img.e4_446
urn:cite:hmt:e4.104v,urn:cite:hmt:e4img.e4_137
urn:cite:hmt:e4.105r,urn:cite:hmt:e4img.e4_445
urn:cite:hmt:e4.105v,urn:cite:hmt:e4img.e4_136
urn:cite:hmt:e4.106r,urn:cite:hmt:e4img.e4_444
urn:cite:hmt:e4.106v,urn:cite:hmt:e4img.e4_135
urn:cite:hmt:e4.107r,urn:cite:hmt:e4img.e4_443
urn:cite:hmt:e4.107v,urn:cite:hmt:e4img.e4_134
urn:cite:hmt:e4.108r,urn:cite:hmt:e4img.e4_442
urn:cite:hmt:e4.108v,urn:cite:hmt:e4img.e4_133
urn:cite:hmt:e4.109r,urn:cite:hmt:e4img.e4_441
urn:cite:hmt:e4.109v,urn:cite:hmt:e4img.e4_132
urn:cite:hmt:e4.110r,urn:cite:hmt:e4img.e4_440
urn:cite:hmt:e4.110v,urn:cite:hmt:e4img.e4_131
urn:cite:hmt:e4.111r,urn:cite:hmt:e4img.e4_439
urn:cite:hmt:e4.111v,urn:cite:hmt:e4img.e4_129
urn:cite:hmt:e4.111v,urn:cite:hmt:e4img.e4_130
urn:cite:hmt:e4.112r,urn:cite:hmt:e4img.e4_438
urn:cite:hmt:e4.112v,urn:cite:hmt:e4img.e4_128
urn:cite:hmt:e4.113r,urn:cite:hmt:e4img.e4_437
urn:cite:hmt:e4.113v,urn:cite:hmt:e4img.e4_127
urn:cite:hmt:e4.114r,urn:cite:hmt:e4img.e4_436
urn:cite:hmt:e4.114v,urn:cite:hmt:e4img.e4_126
urn:cite:hmt:e4.115r,urn:cite:hmt:e4img.e4_435
urn:cite:hmt:e4.115v,urn:cite:hmt:e4img.e4_125
urn:cite:hmt:e4.116r,urn:cite:hmt:e4img.e4_434
urn:cite:hmt:e4.116v,urn:cite:hmt:e4img.e4_124
urn:cite:hmt:e4.117r,urn:cite:hmt:e4img.e4_433
urn:cite:hmt:e4.117v,urn:cite:hmt:e4img.e4_123
urn:cite:hmt:e4.118r,urn:cite:hmt:e4img.e4_432
urn:cite:hmt:e4.118v,urn:cite:hmt:e4img.e4_122
urn:cite:hmt:e4.119r,urn:cite:hmt:e4img.e4_431
urn:cite:hmt:e4.119v,urn:cite:hmt:e4img.e4_121
urn:cite:hmt:e4.120r,urn:cite:hmt:e4img.e4_430
urn:cite:hmt:e4.120v,urn:cite:hmt:e4img.e4_119
urn:cite:hmt:e4.120v,urn:cite:hmt:e4img.e4_120
urn:cite:hmt:e4.121r,urn:cite:hmt:e4img.e4_429
urn:cite:hmt:e4.121v,urn:cite:hmt:e4img.e4_118
urn:cite:hmt:e4.122bisr,urn:cite:hmt:e4img.e4_427
urn:cite:hmt:e4.122bisv,urn:cite:hmt:e4img.e4_115
urn:cite:hmt:e4.122bisv,urn:cite:hmt:e4img.e4_116
urn:cite:hmt:e4.122r,urn:cite:hmt:e4img.e4_428
urn:cite:hmt:e4.122v,urn:cite:hmt:e4img.e4_117
urn:cite:hmt:e4.123bisr,urn:cite:hmt:e4img.e4_425
urn:cite:hmt:e4.123bisv,urn:cite:hmt:e4img.e4_109
urn:cite:hmt:e4.123bisv,urn:cite:hmt:e4img.e4_110
urn:cite:hmt:e4.123r,urn:cite:hmt:e4img.e4_426
urn:cite:hmt:e4.123v,urn:cite:hmt:e4img.e4_111
urn:cite:hmt:e4.123v,urn:cite:hmt:e4img.e4_112
urn:cite:hmt:e4.123v,urn:cite:hmt:e4img.e4_113
urn:cite:hmt:e4.123v,urn:cite:hmt:e4img.e4_114
urn:cite:hmt:e4.124r,urn:cite:hmt:e4img.e4_424
urn:cite:hmt:e4.124v,urn:cite:hmt:e4img.e4_106
urn:cite:hmt:e4.124v,urn:cite:hmt:e4img.e4_107
urn:cite:hmt:e4.124v,urn:cite:hmt:e4img.e4_108
urn:cite:hmt:e4.125r,urn:cite:hmt:e4img.e4_423
urn:cite:hmt:e4.125v,urn:cite:hmt:e4img.e4_105
urn:cite:hmt:e4.126r,urn:cite:hmt:e4img.e4_422
urn:cite:hmt:e4.126v,urn:cite:hmt:e4img.e4_104
urn:cite:hmt:e4.127r,urn:cite:hmt:e4img.e4_421
urn:cite:hmt:e4.127v,urn:cite:hmt:e4img.e4_103
urn:cite:hmt:e4.128r,urn:cite:hmt:e4img.e4_420
urn:cite:hmt:e4.128v,urn:cite:hmt:e4img.e4_102
urn:cite:hmt:e4.129r,urn:cite:hmt:e4img.e4_419
urn:cite:hmt:e4.129v,urn:cite:hmt:e4img.e4_101
urn:cite:hmt:e4.130r,urn:cite:hmt:e4img.e4_418
urn:cite:hmt:e4.130v,urn:cite:hmt:e4img.e4_100
urn:cite:hmt:e4.131r,urn:cite:hmt:e4img.e4_416
urn:cite:hmt:e4.131v,urn:cite:hmt:e4img.e4_099
urn:cite:hmt:e4.132r,urn:cite:hmt:e4img.e4_415
urn:cite:hmt:e4.132v,urn:cite:hmt:e4img.e4_098
urn:cite:hmt:e4.133r,urn:cite:hmt:e4img.e4_414
urn:cite:hmt:e4.133v,urn:cite:hmt:e4img.e4_095
urn:cite:hmt:e4.133v,urn:cite:hmt:e4img.e4_096
urn:cite:hmt:e4.133v,urn:cite:hmt:e4img.e4_097
urn:cite:hmt:e4.134r,urn:cite:hmt:e4img.e4_413
urn:cite:hmt:e4.134v,urn:cite:hmt:e4img.e4_094
urn:cite:hmt:e4.135r,urn:cite:hmt:e4img.e4_412
urn:cite:hmt:e4.135v,urn:cite:hmt:e4img.e4_092
urn:cite:hmt:e4.135v,urn:cite:hmt:e4img.e4_093
urn:cite:hmt:e4.136r,urn:cite:hmt:e4img.e4_411
urn:cite:hmt:e4.136v,urn:cite:hmt:e4img.e4_091
urn:cite:hmt:e4.137r,urn:cite:hmt:e4img.e4_410
urn:cite:hmt:e4.137v,urn:cite:hmt:e4img.e4_090
urn:cite:hmt:e4.138r,urn:cite:hmt:e4img.e4_409
urn:cite:hmt:e4.138v,urn:cite:hmt:e4img.e4_089
urn:cite:hmt:e4.139r,urn:cite:hmt:e4img.e4_408
urn:cite:hmt:e4.139v,urn:cite:hmt:e4img.e4_088
urn:cite:hmt:e4.140r,urn:cite:hmt:e4img.e4_407
urn:cite:hmt:e4.140v,urn:cite:hmt:e4img.e4_086
urn:cite:hmt:e4.140v,urn:cite:hmt:e4img.e4_087
urn:cite:hmt:e4.141r,urn:cite:hmt:e4img.e4_406
urn:cite:hmt:e4.141v,urn:cite:hmt:e4img.e4_085
urn:cite:hmt:e4.142r,urn:cite:hmt:e4img.e4_405
urn:cite:hmt:e4.142v,urn:cite:hmt:e4img.e4_084
urn:cite:hmt:e4.143bisr,urn:cite:hmt:e4img.e4_403
urn:cite:hmt:e4.143bisv,urn:cite:hmt:e4img.e4_082
urn:cite:hmt:e4.143r,urn:cite:hmt:e4img.e4_404
urn:cite:hmt:e4.143v,urn:cite:hmt:e4img.e4_083
urn:cite:hmt:e4.144r,urn:cite:hmt:e4img.e4_402
urn:cite:hmt:e4.144v,urn:cite:hmt:e4img.e4_081
urn:cite:hmt:e4.145r,urn:cite:hmt:e4img.e4_401
urn:cite:hmt:e4.145v,urn:cite:hmt:e4img.e4_080
urn:cite:hmt:e4.146r,urn:cite:hmt:e4img.e4_400
urn:cite:hmt:e4.146v,urn:cite:hmt:e4img.e4_079
urn:cite:hmt:e4.147r,urn:cite:hmt:e4img.e4_399
urn:cite:hmt:e4.147v,urn:cite:hmt:e4img.e4_078
urn:cite:hmt:e4.148r,urn:cite:hmt:e4img.e4_398
urn:cite:hmt:e4.148v,urn:cite:hmt:e4img.e4_077
urn:cite:hmt:e4.149r,urn:cite:hmt:e4img.e4_397
urn:cite:hmt:e4.149v,urn:cite:hmt:e4img.e4_076
urn:cite:hmt:e4.150r,urn:cite:hmt:e4img.e4_396
urn:cite:hmt:e4.150v,urn:cite:hmt:e4img.e4_075
urn:cite:hmt:e4.151r,urn:cite:hmt:e4img.e4_395
urn:cite:hmt:e4.151v,urn:cite:hmt:e4img.e4_074
urn:cite:hmt:e4.152r,urn:cite:hmt:e4img.e4_394
urn:cite:hmt:e4.152v,urn:cite:hmt:e4img.e4_073
urn:cite:hmt:e4.153r,urn:cite:hmt:e4img.e4_393
urn:cite:hmt:e4.153v,urn:cite:hmt:e4img.e4_072
urn:cite:hmt:e4.154r,urn:cite:hmt:e4img.e4_392
urn:cite:hmt:e4.154v,urn:cite:hmt:e4img.e4_071
urn:cite:hmt:e4.155r,urn:cite:hmt:e4img.e4_391
urn:cite:hmt:e4.155v,urn:cite:hmt:e4img.e4_070
urn:cite:hmt:e4.156r,urn:cite:hmt:e4img.e4_390
urn:cite:hmt:e4.156v,urn:cite:hmt:e4img.e4_069
urn:cite:hmt:e4.157r,urn:cite:hmt:e4img.e4_389
urn:cite:hmt:e4.157v,urn:cite:hmt:e4img.e4_067
urn:cite:hmt:e4.158r,urn:cite:hmt:e4img.e4_387
urn:cite:hmt:e4.158r,urn:cite:hmt:e4img.e4_388
urn:cite:hmt:e4.158v,urn:cite:hmt:e4img.e4_068
urn:cite:hmt:e4.159r,urn:cite:hmt:e4img.e4_386
urn:cite:hmt:e4.159v,urn:cite:hmt:e4img.e4_066
urn:cite:hmt:e4.160r,urn:cite:hmt:e4img.e4_385
urn:cite:hmt:e4.160v,urn:cite:hmt:e4img.e4_065
urn:cite:hmt:e4.161r,urn:cite:hmt:e4img.e4_384
urn:cite:hmt:e4.161v,urn:cite:hmt:e4img.e4_064
urn:cite:hmt:e4.162r,urn:cite:hmt:e4img.e4_383
urn:cite:hmt:e4.162v,urn:cite:hmt:e4img.e4_063
urn:cite:hmt:e4.163r,urn:cite:hmt:e4img.e4_382
urn:cite:hmt:e4.163v,urn:cite:hmt:e4img.e4_062
urn:cite:hmt:e4.164r,urn:cite:hmt:e4img.e4_381
urn:cite:hmt:e4.164v,urn:cite:hmt:e4img.e4_061
urn:cite:hmt:e4.165r,urn:cite:hmt:e4img.e4_380
urn:cite:hmt:e4.165v,urn:cite:hmt:e4img.e4_060
urn:cite:hmt:e4.166r,urn:cite:hmt:e4img.e4_379
urn:cite:hmt:e4.166v,urn:cite:hmt:e4img.e4_059
urn:cite:hmt:e4.167r,urn:cite:hmt:e4img.e4_378
urn:cite:hmt:e4.167v,urn:cite:hmt:e4img.e4_058
urn:cite:hmt:e4.168r,urn:cite:hmt:e4img.e4_377
urn:cite:hmt:e4.168v,urn:cite:hmt:e4img.e4_057
urn:cite:hmt:e4.169r,urn:cite:hmt:e4img.e4_376
urn:cite:hmt:e4.169v,urn:cite:hmt:e4img.e4_056
urn:cite:hmt:e4.170r,urn:cite:hmt:e4img.e4_374
urn:cite:hmt:e4.170r,urn:cite:hmt:e4img.e4_375
urn:cite:hmt:e4.170v,urn:cite:hmt:e4img.e4_055
urn:cite:hmt:e4.171r,urn:cite:hmt:e4img.e4_373
urn:cite:hmt:e4.171v,urn:cite:hmt:e4img.e4_054
urn:cite:hmt:e4.172r,urn:cite:hmt:e4img.e4_372
urn:cite:hmt:e4.172v,urn:cite:hmt:e4img.e4_053
urn:cite:hmt:e4.173r,urn:cite:hmt:e4img.e4_371
urn:cite:hmt:e4.173v,urn:cite:hmt:e4img.e4_051
urn:cite:hmt:e4.173v,urn:cite:hmt:e4img.e4_052
urn:cite:hmt:e4.174r,urn:cite:hmt:e4img.e4_370
urn:cite:hmt:e4.174v,urn:cite:hmt:e4img.e4_049
urn:cite:hmt:e4.175r,urn:cite:hmt:e4img.e4_369
urn:cite:hmt:e4.175v,urn:cite:hmt:e4img.e4_048
urn:cite:hmt:e4.176r,urn:cite:hmt:e4img.e4_368
urn:cite:hmt:e4.176v,urn:cite:hmt:e4img.e4_047
urn:cite:hmt:e4.177r,urn:cite:hmt:e4img.e4_367
urn:cite:hmt:e4.177v,urn:cite:hmt:e4img.e4_046
urn:cite:hmt:e4.178r,urn:cite:hmt:e4img.e4_366
urn:cite:hmt:e4.178v,urn:cite:hmt:e4img.e4_045
urn:cite:hmt:e4.179r,urn:cite:hmt:e4img.e4_365
urn:cite:hmt:e4.179v,urn:cite:hmt:e4img.e4_044
urn:cite:hmt:e4.180r,urn:cite:hmt:e4img.e4_364
urn:cite:hmt:e4.180v,urn:cite:hmt:e4img.e4_043
urn:cite:hmt:e4.181r,urn:cite:hmt:e4img.e4_363
urn:cite:hmt:e4.181v,urn:cite:hmt:e4img.e4_042
urn:cite:hmt:e4.182r,urn:cite:hmt:e4img.e4_362
urn:cite:hmt:e4.182v,urn:cite:hmt:e4img.e4_041
urn:cite:hmt:e4.183r,urn:cite:hmt:e4img.e4_361
urn:cite:hmt:e4.183v,urn:cite:hmt:e4img.e4_040
urn:cite:hmt:e4.184r,urn:cite:hmt:e4img.e4_360
urn:cite:hmt:e4.184v,urn:cite:hmt:e4img.e4_039
urn:cite:hmt:e4.185r,urn:cite:hmt:e4img.e4_359
urn:cite:hmt:e4.185v,urn:cite:hmt:e4img.e4_038
urn:cite:hmt:e4.186r,urn:cite:hmt:e4img.e4_358
urn:cite:hmt:e4.186v,urn:cite:hmt:e4img.e4_037
urn:cite:hmt:e4.187r,urn:cite:hmt:e4img.e4_357
urn:cite:hmt:e4.187v,urn:cite:hmt:e4img.e4_036
urn:cite:hmt:e4.188r,urn:cite:hmt:e4img.e4_356
urn:cite:hmt:e4.188v,urn:cite:hmt:e4img.e4_035
urn:cite:hmt:e4.189r,urn:cite:hmt:e4img.e4_355
urn:cite:hmt:e4.189v,urn:cite:hmt:e4img.e4_034
urn:cite:hmt:e4.190bisr,urn:cite:hmt:e4img.e4_353
urn:cite:hmt:e4.190bisv,urn:cite:hmt:e4img.e4_032
urn:cite:hmt:e4.190r,urn:cite:hmt:e4img.e4_354
urn:cite:hmt:e4.190v,urn:cite:hmt:e4img.e4_033
urn:cite:hmt:e4.191r,urn:cite:hmt:e4img.e4_351
urn:cite:hmt:e4.191r,urn:cite:hmt:e4img.e4_352
urn:cite:hmt:e4.191v,urn:cite:hmt:e4img.e4_031
urn:cite:hmt:e4.192r,urn:cite:hmt:e4img.e4_350
urn:cite:hmt:e4.192v,urn:cite:hmt:e4img.e4_030
urn:cite:hmt:e4.193r,urn:cite:hmt:e4img.e4_349
urn:cite:hmt:e4.193v,urn:cite:hmt:e4img.e4_029
urn:cite:hmt:e4.194r,urn:cite:hmt:e4img.e4_348
urn:cite:hmt:e4.194v,urn:cite:hmt:e4img.e4_028
urn:cite:hmt:e4.195r,urn:cite:hmt:e4img.e4_347
urn:cite:hmt:e4.195v,urn:cite:hmt:e4img.e4_027
urn:cite:hmt:e4.196r,urn:cite:hmt:e4img.e4_346
urn:cite:hmt:e4.196v,urn:cite:hmt:e4img.e4_026
urn:cite:hmt:e4.197r,urn:cite:hmt:e4img.e4_345
urn:cite:hmt:e4.197v,urn:cite:hmt:e4img.e4_025
urn:cite:hmt:e4.198r,urn:cite:hmt:e4img.e4_344
urn:cite:hmt:e4.198v,urn:cite:hmt:e4img.e4_024
urn:cite:hmt:e4.199r,urn:cite:hmt:e4img.e4_343
urn:cite:hmt:e4.199v,urn:cite:hmt:e4img.e4_023
urn:cite:hmt:e4.200r,urn:cite:hmt:e4img.e4_342
urn:cite:hmt:e4.200v,urn:cite:hmt:e4img.e4_022
urn:cite:hmt:e4.201r,urn:cite:hmt:e4img.e4_341
urn:cite:hmt:e4.201v,urn:cite:hmt:e4img.e4_021
urn:cite:hmt:e4.202r,urn:cite:hmt:e4img.e4_340
urn:cite:hmt:e4.202v,urn:cite:hmt:e4img.e4_020
urn:cite:hmt:e4.203r,urn:cite:hmt:e4img.e4_339
urn:cite:hmt:e4.203v,urn:cite:hmt:e4img.e4_019
urn:cite:hmt:e4.204r,urn:cite:hmt:e4img.e4_338
urn:cite:hmt:e4.204v,urn:cite:hmt:e4img.e4_018
urn:cite:hmt:e4.205r,urn:cite:hmt:e4img.e4_337
urn:cite:hmt:e4.205v,urn:cite:hmt:e4img.e4_017
urn:cite:hmt:e4.206r,urn:cite:hmt:e4img.e4_336
urn:cite:hmt:e4.206v,urn:cite:hmt:e4img.e4_016
urn:cite:hmt:e4.207r,urn:cite:hmt:e4img.e4_335
urn:cite:hmt:e4.207v,urn:cite:hmt:e4img.e4_015
urn:cite:hmt:e4.208r,urn:cite:hmt:e4img.e4_334
urn:cite:hmt:e4.208v,urn:cite:hmt:e4img.e4_014
urn:cite:hmt:e4.209r,urn:cite:hmt:e4img.e4_333
urn:cite:hmt:e4.209v,urn:cite:hmt:e4img.e4_013
urn:cite:hmt:e4.210r,urn:cite:hmt:e4img.e4_332
urn:cite:hmt:e4.210v,urn:cite:hmt:e4img.e4_012
urn:cite:hmt:e4.211r,urn:cite:hmt:e4img.e4_331
urn:cite:hmt:e4.211v,urn:cite:hmt:e4img.e4_011
urn:cite:hmt:e4.212r,urn:cite:hmt:e4img.e4_330
urn:cite:hmt:e4.212v,urn:cite:hmt:e4img.e4_009
urn:cite:hmt:e4.212v,urn:cite:hmt:e4img.e4_010
urn:cite:hmt:e4.213r,urn:cite:hmt:e4img.e4_329
urn:cite:hmt:e4.213v,urn:cite:hmt:e4img.e4_008
urn:cite:hmt:e4.214r,urn:cite:hmt:e4img.e4_328
urn:cite:hmt:e4.214v,urn:cite:hmt:e4img.e4_007
urn:cite:hmt:e4.215r,urn:cite:hmt:e4img.e4_327
urn:cite:hmt:e4.215v,urn:cite:hmt:e4img.e4_006
urn:cite:hmt:e4.216r,urn:cite:hmt:e4img.e4_326
urn:cite:hmt:e4.42r,urn:cite:hmt:e4img.e4_510
urn:cite:hmt:e4.43r,urn:cite:hmt:e4img.e4_509
urn:cite:hmt:e4.44r,urn:cite:hmt:e4img.e4_508
urn:cite:hmt:e4.45r,urn:cite:hmt:e4img.e4_507
urn:cite:hmt:e4.46r,urn:cite:hmt:e4img.e4_506
urn:cite:hmt:e4.47r,urn:cite:hmt:e4img.e4_505
urn:cite:hmt:e4.48r,urn:cite:hmt:e4img.e4_504
urn:cite:hmt:e4.49r,urn:cite:hmt:e4img.e4_503
urn:cite:hmt:e4.50r,urn:cite:hmt:e4img.e4_502
urn:cite:hmt:e4.51r,urn:cite:hmt:e4img.e4_501
urn:cite:hmt:e4.52r,urn:cite:hmt:e4img.e4_500
urn:cite:hmt:e4.53r,urn:cite:hmt:e4img.e4_499
urn:cite:hmt:e4.54r,urn:cite:hmt:e4img.e4_498
urn:cite:hmt:e4.55r,urn:cite:hmt:e4img.e4_497
urn:cite:hmt:e4.56r,urn:cite:hmt:e4img.e4_496
urn:cite:hmt:e4.57r,urn:cite:hmt:e4img.e4_495
urn:cite:hmt:e4.58r,urn:cite:hmt:e4img.e4_494
urn:cite:hmt:e4.59r,urn:cite:hmt:e4img.e4_493
urn:cite:hmt:e4.60r,urn:cite:hmt:e4img.e4_492
urn:cite:hmt:e4.61r,urn:cite:hmt:e4img.e4_491
urn:cite:hmt:e4.62r,urn:cite:hmt:e4img.e4_490
urn:cite:hmt:e4.63r,urn:cite:hmt:e4img.e4_489
urn:cite:hmt:e4.64r,urn:cite:hmt:e4img.e4_488
urn:cite:hmt:e4.65r,urn:cite:hmt:e4img.e4_487
urn:cite:hmt:e4.67r,urn:cite:hmt:e4img.e4_486
urn:cite:hmt:e4.68r,urn:cite:hmt:e4img.e4_484
urn:cite:hmt:e4.69r,urn:cite:hmt:e4img.e4_483
urn:cite:hmt:e4.70r,urn:cite:hmt:e4img.e4_482
urn:cite:hmt:e4.71r,urn:cite:hmt:e4img.e4_481
urn:cite:hmt:e4.72r,urn:cite:hmt:e4img.e4_480
urn:cite:hmt:e4.73r,urn:cite:hmt:e4img.e4_479
urn:cite:hmt:e4.74r,urn:cite:hmt:e4img.e4_478
urn:cite:hmt:e4.75r,urn:cite:hmt:e4img.e4_477
urn:cite:hmt:e4.76r,urn:cite:hmt:e4img.e4_476
urn:cite:hmt:e4.77r,urn:cite:hmt:e4img.e4_475
urn:cite:hmt:e4.78r,urn:cite:hmt:e4img.e4_473
urn:cite:hmt:e4.79r,urn:cite:hmt:e4img.e4_472
urn:cite:hmt:e4.80r,urn:cite:hmt:e4img.e4_471
urn:cite:hmt:e4.81r,urn:cite:hmt:e4img.e4_470
urn:cite:hmt:e4.82r,urn:cite:hmt:e4img.e4_469
urn:cite:hmt:e4.83r,urn:cite:hmt:e4img.e4_468
urn:cite:hmt:e4.84r,urn:cite:hmt:e4img.e4_467
urn:cite:hmt:e4.85r,urn:cite:hmt:e4img.e4_466
urn:cite:hmt:e4.86r,urn:cite:hmt:e4img.e4_465
urn:cite:hmt:e4.87r,urn:cite:hmt:e4img.e4_464
urn:cite:hmt:e4.88r,urn:cite:hmt:e4img.e4_463
urn:cite:hmt:e4.89r,urn:cite:hmt:e4img.e4_462
urn:cite:hmt:e4.90r,urn:cite:hmt:e4img.e4_461
urn:cite:hmt:e4.91r,urn:cite:hmt:e4img.e4_460
urn:cite:hmt:e4.92r,urn:cite:hmt:e4img.e4_459
urn:cite:hmt:e4.93r,urn:cite:hmt:e4img.e4_458
urn:cite:hmt:e4.94r,urn:cite:hmt:e4img.e4_457
urn:cite:hmt:e4.95r,urn:cite:hmt:e4img.e4_456
urn:cite:hmt:e4.96r,urn:cite:hmt:e4img.e4_455
urn:cite:hmt:e4.97r,urn:cite:hmt:e4img.e4_454
urn:cite:hmt:e4.98r,urn:cite:hmt:e4img.e4_453
urn:cite:hmt:e4.99r,urn:cite:hmt:e4img.e4_452
