TextURN,ImageURN
urn:cts:greekLit:tlg0012.tlg001.msA:8.1,"urn:cite:hmt:vaimg.VA100VN-0603@0.4064,0.435,0.4865,0.0631"
urn:cts:greekLit:tlg0012.tlg001.msA:8.2,"urn:cite:hmt:vaimg.VA100VN-0603@0.4665,0.4628,0.4184,0.0316"
urn:cts:greekLit:tlg0012.tlg001.msA:8.3,"urn:cite:hmt:vaimg.VA100VN-0603@0.4535,0.4823,0.4344,0.0316"
urn:cts:greekLit:tlg0012.tlg001.msA:8.4,"urn:cite:hmt:vaimg.VA100VN-0603@0.4695,0.4989,0.4174,0.0316"
urn:cts:greekLit:tlg0012.tlg001.msA:8.5,"urn:cite:hmt:vaimg.VA100VN-0603@0.4695,0.5192,0.4174,0.0285"
urn:cts:greekLit:tlg0012.tlg001.msA:8.7,"urn:cite:hmt:vaimg.VA100VN-0603@0.4685,0.5402,0.4174,0.0285"
urn:cts:greekLit:tlg0012.tlg001.msA:8.8,"urn:cite:hmt:vaimg.VA100VN-0603@0.4695,0.5575,0.4244,0.0285"
urn:cts:greekLit:tlg0012.tlg001.msA:8.9,"urn:cite:hmt:vaimg.VA100VN-0603@0.4715,0.5778,0.4114,0.0285"
urn:cts:greekLit:tlg0012.tlg001.msA:8.10,"urn:cite:hmt:vaimg.VA100VN-0603@0.4715,0.5973,0.4204,0.0285"
urn:cts:greekLit:tlg0012.tlg001.msA:8.11,"urn:cite:hmt:vaimg.VA100VN-0603@0.4715,0.6146,0.4144,0.0331"
urn:cts:greekLit:tlg0012.tlg001.msA:8.12,"urn:cite:hmt:vaimg.VA100VN-0603@0.4655,0.6319,0.4364,0.0376"
urn:cts:greekLit:tlg0012.tlg001.msA:8.13,"urn:cite:hmt:vaimg.VA100VN-0603@0.4715,0.6514,0.4084,0.0301"
urn:cts:greekLit:tlg0012.tlg001.msA:8.14,"urn:cite:hmt:vaimg.VA100VN-0603@0.4695,0.6642,0.4464,0.0413"
urn:cts:greekLit:tlg0012.tlg001.msA:8.15,"urn:cite:hmt:vaimg.VA100VN-0603@0.4665,0.6912,0.4274,0.0293"
urn:cts:greekLit:tlg0012.tlg001.msA:8.16,"urn:cite:hmt:vaimg.VA101RN-0273@0.1772,0.2322,0.4394,0.0331"
urn:cts:greekLit:tlg0012.tlg001.msA:8.17,"urn:cite:hmt:vaimg.VA101RN-0273@0.1862,0.2547,0.4394,0.0331"
urn:cts:greekLit:tlg0012.tlg001.msA:8.18,"urn:cite:hmt:vaimg.VA101RN-0273@0.1862,0.2727,0.3994,0.0331"
urn:cts:greekLit:tlg0012.tlg001.msA:8.19,"urn:cite:hmt:vaimg.VA101RN-0273@0.1712,0.2893,0.4364,0.0331"
urn:cts:greekLit:tlg0012.tlg001.msA:8.20,"urn:cite:hmt:vaimg.VA101RN-0273@0.1842,0.3073,0.4224,0.0331"
urn:cts:greekLit:tlg0012.tlg001.msA:8.21,"urn:cite:hmt:vaimg.VA101RN-0273@0.1872,0.3261,0.4084,0.0331"
urn:cts:greekLit:tlg0012.tlg001.msA:8.22,"urn:cite:hmt:vaimg.VA101RN-0273@0.1742,0.3441,0.4635,0.0368"
urn:cts:greekLit:tlg0012.tlg001.msA:8.23,"urn:cite:hmt:vaimg.VA101RN-0273@0.1852,0.3659,0.4304,0.0316"
urn:cts:greekLit:tlg0012.tlg001.msA:8.24,"urn:cite:hmt:vaimg.VA101RN-0273@0.1852,0.3877,0.4304,0.0316"
urn:cts:greekLit:tlg0012.tlg001.msA:8.25,"urn:cite:hmt:vaimg.VA101RN-0273@0.1722,0.4065,0.4434,0.0316"
urn:cts:greekLit:tlg0012.tlg001.msA:8.26,"urn:cite:hmt:vaimg.VA101RN-0273@0.1672,0.4252,0.4625,0.0316"
urn:cts:greekLit:tlg0012.tlg001.msA:8.27,"urn:cite:hmt:vaimg.VA101RN-0273@0.1812,0.4418,0.4434,0.0316"
urn:cts:greekLit:tlg0012.tlg001.msA:8.28,"urn:cite:hmt:vaimg.VA101RN-0273@0.1532,0.4606,0.4765,0.0316"
urn:cts:greekLit:tlg0012.tlg001.msA:8.29,"urn:cite:hmt:vaimg.VA101RN-0273@0.1532,0.4808,0.4765,0.0316"
urn:cts:greekLit:tlg0012.tlg001.msA:8.30,"urn:cite:hmt:vaimg.VA101RN-0273@0.1431,0.5004,0.4765,0.0316"
urn:cts:greekLit:tlg0012.tlg001.msA:8.31,"urn:cite:hmt:vaimg.VA101RN-0273@0.1502,0.5162,0.4665,0.0316"
urn:cts:greekLit:tlg0012.tlg001.msA:8.32,"urn:cite:hmt:vaimg.VA101RN-0273@0.1461,0.5357,0.4795,0.0316"
urn:cts:greekLit:tlg0012.tlg001.msA:8.33,"urn:cite:hmt:vaimg.VA101RN-0273@0.1471,0.5545,0.4655,0.0316"
urn:cts:greekLit:tlg0012.tlg001.msA:8.34,"urn:cite:hmt:vaimg.VA101RN-0273@0.1441,0.5748,0.4655,0.0316"
urn:cts:greekLit:tlg0012.tlg001.msA:8.35,"urn:cite:hmt:vaimg.VA101RN-0273@0.1622,0.5943,0.4474,0.0316"
urn:cts:greekLit:tlg0012.tlg001.msA:8.36,"urn:cite:hmt:vaimg.VA101RN-0273@0.1592,0.6131,0.4474,0.0316"
urn:cts:greekLit:tlg0012.tlg001.msA:8.37,"urn:cite:hmt:vaimg.VA101RN-0273@0.1612,0.6311,0.4204,0.0316"
urn:cts:greekLit:tlg0012.tlg001.msA:8.38,"urn:cite:hmt:vaimg.VA101RN-0273@0.1612,0.6499,0.4695,0.0316"
urn:cts:greekLit:tlg0012.tlg001.msA:8.39,"urn:cite:hmt:vaimg.VA101RN-0273@0.1461,0.6687,0.4765,0.0331"
urn:cts:greekLit:tlg0012.tlg001.msA:8.40,"urn:cite:hmt:vaimg.VA101RN-0273@0.1411,0.6867,0.4655,0.0368"
urn:cts:greekLit:tlg0012.tlg001.msA:8.41,"urn:cite:hmt:vaimg.VA101VN-0604@0.4615,0.2479,0.4084,0.0278"
urn:cts:greekLit:tlg0012.tlg001.msA:8.42,"urn:cite:hmt:vaimg.VA101VN-0604@0.4585,0.2667,0.4044,0.0278"
urn:cts:greekLit:tlg0012.tlg001.msA:8.43,"urn:cite:hmt:vaimg.VA101VN-0604@0.4464,0.287,0.4404,0.0316"
urn:cts:greekLit:tlg0012.tlg001.msA:8.44,"urn:cite:hmt:vaimg.VA101VN-0604@0.4645,0.305,0.4104,0.0316"
urn:cts:greekLit:tlg0012.tlg001.msA:8.45,"urn:cite:hmt:vaimg.VA101VN-0604@0.4585,0.3238,0.4124,0.0316"
urn:cts:greekLit:tlg0012.tlg001.msA:8.46,"urn:cite:hmt:vaimg.VA101VN-0604@0.4474,0.3403,0.4124,0.0316"
urn:cts:greekLit:tlg0012.tlg001.msA:8.47,"urn:cite:hmt:vaimg.VA101VN-0604@0.4494,0.3591,0.4124,0.0316"
urn:cts:greekLit:tlg0012.tlg001.msA:8.48,"urn:cite:hmt:vaimg.VA101VN-0604@0.4555,0.3794,0.4124,0.0316"
urn:cts:greekLit:tlg0012.tlg001.msA:8.49,"urn:cite:hmt:vaimg.VA101VN-0604@0.4535,0.3982,0.3774,0.0316"
urn:cts:greekLit:tlg0012.tlg001.msA:8.50,"urn:cite:hmt:vaimg.VA101VN-0604@0.4505,0.417,0.3964,0.0316"
urn:cts:greekLit:tlg0012.tlg001.msA:8.51,"urn:cite:hmt:vaimg.VA101VN-0604@0.4535,0.4335,0.3964,0.0316"
urn:cts:greekLit:tlg0012.tlg001.msA:8.52,"urn:cite:hmt:vaimg.VA101VN-0604@0.4535,0.453,0.3844,0.0316"
urn:cts:greekLit:tlg0012.tlg001.msA:8.53,"urn:cite:hmt:vaimg.VA101VN-0604@0.4394,0.4718,0.4214,0.0316"
urn:cts:greekLit:tlg0012.tlg001.msA:8.54,"urn:cite:hmt:vaimg.VA101VN-0604@0.4555,0.4914,0.4214,0.0316"
urn:cts:greekLit:tlg0012.tlg001.msA:8.55,"urn:cite:hmt:vaimg.VA101VN-0604@0.4545,0.5101,0.4264,0.027"
urn:cts:greekLit:tlg0012.tlg001.msA:8.56,"urn:cite:hmt:vaimg.VA101VN-0604@0.4404,0.5304,0.4404,0.027"
urn:cts:greekLit:tlg0012.tlg001.msA:8.57,"urn:cite:hmt:vaimg.VA101VN-0604@0.4515,0.55,0.4404,0.027"
urn:cts:greekLit:tlg0012.tlg001.msA:8.58,"urn:cite:hmt:vaimg.VA101VN-0604@0.4414,0.5665,0.4014,0.027"
urn:cts:greekLit:tlg0012.tlg001.msA:8.59,"urn:cite:hmt:vaimg.VA101VN-0604@0.4595,0.5853,0.4014,0.0323"
urn:cts:greekLit:tlg0012.tlg001.msA:8.60,"urn:cite:hmt:vaimg.VA101VN-0604@0.4364,0.6041,0.4134,0.0323"
urn:cts:greekLit:tlg0012.tlg001.msA:8.61,"urn:cite:hmt:vaimg.VA101VN-0604@0.4605,0.6191,0.4314,0.0361"
urn:cts:greekLit:tlg0012.tlg001.msA:8.62,"urn:cite:hmt:vaimg.VA101VN-0604@0.4404,0.6416,0.4214,0.0338"
urn:cts:greekLit:tlg0012.tlg001.msA:8.63,"urn:cite:hmt:vaimg.VA101VN-0604@0.4565,0.6612,0.3934,0.0285"
urn:cts:greekLit:tlg0012.tlg001.msA:8.64,"urn:cite:hmt:vaimg.VA101VN-0604@0.4585,0.6777,0.4174,0.0285"
urn:cts:greekLit:tlg0012.tlg001.msA:8.65,"urn:cite:hmt:vaimg.VA101VN-0604@0.4454,0.6972,0.4404,0.0285"
urn:cts:greekLit:tlg0012.tlg001.msA:8.66,"urn:cite:hmt:vaimg.VA102RN-0274@0.1802,0.2216,0.4064,0.0353"
urn:cts:greekLit:tlg0012.tlg001.msA:8.67,"urn:cite:hmt:vaimg.VA102RN-0274@0.1942,0.2412,0.4484,0.0353"
urn:cts:greekLit:tlg0012.tlg001.msA:8.68,"urn:cite:hmt:vaimg.VA102RN-0274@0.1822,0.269,0.4224,0.0278"
urn:cts:greekLit:tlg0012.tlg001.msA:8.69,"urn:cite:hmt:vaimg.VA102RN-0274@0.1992,0.284,0.4284,0.0331"
urn:cts:greekLit:tlg0012.tlg001.msA:8.70,"urn:cite:hmt:vaimg.VA102RN-0274@0.1722,0.3005,0.4274,0.0361"
urn:cts:greekLit:tlg0012.tlg001.msA:8.71,"urn:cite:hmt:vaimg.VA102RN-0274@0.1722,0.3005,0.4274,0.0361"
urn:cts:greekLit:tlg0012.tlg001.msA:8.72,"urn:cite:hmt:vaimg.VA102RN-0274@0.1852,0.3403,0.4685,0.0376"
urn:cts:greekLit:tlg0012.tlg001.msA:8.73,"urn:cite:hmt:vaimg.VA102RN-0274@0.1622,0.3614,0.4605,0.0301"
urn:cts:greekLit:tlg0012.tlg001.msA:8.74,"urn:cite:hmt:vaimg.VA102RN-0274@0.1612,0.3809,0.4605,0.0301"
urn:cts:greekLit:tlg0012.tlg001.msA:8.75,"urn:cite:hmt:vaimg.VA102RN-0274@0.1862,0.3997,0.4254,0.0301"
urn:cts:greekLit:tlg0012.tlg001.msA:8.76,"urn:cite:hmt:vaimg.VA102RN-0274@0.1872,0.417,0.4024,0.0301"
urn:cts:greekLit:tlg0012.tlg001.msA:8.77,"urn:cite:hmt:vaimg.VA102RN-0274@0.1842,0.435,0.4394,0.0308"
urn:cts:greekLit:tlg0012.tlg001.msA:8.78,"urn:cite:hmt:vaimg.VA102RN-0274@0.1922,0.4538,0.4525,0.0346"
urn:cts:greekLit:tlg0012.tlg001.msA:8.79,"urn:cite:hmt:vaimg.VA102RN-0274@0.1912,0.4726,0.4144,0.0346"
urn:cts:greekLit:tlg0012.tlg001.msA:8.80,"urn:cite:hmt:vaimg.VA102RN-0274@0.1882,0.4906,0.3964,0.0346"
urn:cts:greekLit:tlg0012.tlg001.msA:8.81,"urn:cite:hmt:vaimg.VA102RN-0274@0.1922,0.5109,0.3964,0.0346"
urn:cts:greekLit:tlg0012.tlg001.msA:8.82,"urn:cite:hmt:vaimg.VA102RN-0274@0.1842,0.5342,0.4044,0.0293"
urn:cts:greekLit:tlg0012.tlg001.msA:8.83,"urn:cite:hmt:vaimg.VA102RN-0274@0.1942,0.55,0.4304,0.0316"
urn:cts:greekLit:tlg0012.tlg001.msA:8.84,"urn:cite:hmt:vaimg.VA102RN-0274@0.1912,0.5695,0.4334,0.0323"
urn:cts:greekLit:tlg0012.tlg001.msA:8.85,"urn:cite:hmt:vaimg.VA102RN-0274@0.1902,0.5883,0.4334,0.0391"
urn:cts:greekLit:tlg0012.tlg001.msA:8.86,"urn:cite:hmt:vaimg.VA102RN-0274@0.1892,0.6086,0.4424,0.0361"
urn:cts:greekLit:tlg0012.tlg001.msA:8.87,"urn:cite:hmt:vaimg.VA102RN-0274@0.1902,0.6273,0.4014,0.0361"
urn:cts:greekLit:tlg0012.tlg001.msA:8.88,"urn:cite:hmt:vaimg.VA102RN-0274@0.1882,0.6469,0.4264,0.0361"
urn:cts:greekLit:tlg0012.tlg001.msA:8.89,"urn:cite:hmt:vaimg.VA102RN-0274@0.1732,0.6679,0.4364,0.0293"
urn:cts:greekLit:tlg0012.tlg001.msA:8.90,"urn:cite:hmt:vaimg.VA102RN-0274@0.1832,0.6867,0.4505,0.0323"
urn:cts:greekLit:tlg0012.tlg001.msA:8.91,"urn:cite:hmt:vaimg.VA102VN-0605@0.4505,0.2337,0.3944,0.0361"
urn:cts:greekLit:tlg0012.tlg001.msA:8.92,"urn:cite:hmt:vaimg.VA102VN-0605@0.4505,0.2547,0.4014,0.0376"
urn:cts:greekLit:tlg0012.tlg001.msA:8.93,"urn:cite:hmt:vaimg.VA102VN-0605@0.4484,0.2727,0.3854,0.0391"
urn:cts:greekLit:tlg0012.tlg001.msA:8.94,"urn:cite:hmt:vaimg.VA102VN-0605@0.4545,0.2893,0.4294,0.0413"
urn:cts:greekLit:tlg0012.tlg001.msA:8.95,"urn:cite:hmt:vaimg.VA102VN-0605@0.4575,0.314,0.4054,0.0338"
urn:cts:greekLit:tlg0012.tlg001.msA:8.96,"urn:cite:hmt:vaimg.VA102VN-0605@0.4535,0.3336,0.4204,0.0338"
urn:cts:greekLit:tlg0012.tlg001.msA:8.97,"urn:cite:hmt:vaimg.VA102VN-0605@0.4414,0.3539,0.4334,0.0293"
urn:cts:greekLit:tlg0012.tlg001.msA:8.98,"urn:cite:hmt:vaimg.VA102VN-0605@0.4565,0.3734,0.3834,0.0293"
urn:cts:greekLit:tlg0012.tlg001.msA:8.99,"urn:cite:hmt:vaimg.VA102VN-0605@0.4384,0.3907,0.4454,0.0293"
urn:cts:greekLit:tlg0012.tlg001.msA:8.100,"urn:cite:hmt:vaimg.VA102VN-0605@0.4555,0.4102,0.3984,0.0293"
urn:cts:greekLit:tlg0012.tlg001.msA:8.101,"urn:cite:hmt:vaimg.VA102VN-0605@0.4545,0.426,0.4184,0.0331"
urn:cts:greekLit:tlg0012.tlg001.msA:8.102,"urn:cite:hmt:vaimg.VA102VN-0605@0.4535,0.444,0.4164,0.0368"
urn:cts:greekLit:tlg0012.tlg001.msA:8.103,"urn:cite:hmt:vaimg.VA102VN-0605@0.4575,0.4681,0.4204,0.0301"
urn:cts:greekLit:tlg0012.tlg001.msA:8.104,"urn:cite:hmt:vaimg.VA102VN-0605@0.4595,0.4853,0.4354,0.0308"
urn:cts:greekLit:tlg0012.tlg001.msA:8.105,"urn:cite:hmt:vaimg.VA102VN-0605@0.4575,0.5019,0.4084,0.0361"
urn:cts:greekLit:tlg0012.tlg001.msA:8.106,"urn:cite:hmt:vaimg.VA102VN-0605@0.4434,0.5192,0.3984,0.0376"
urn:cts:greekLit:tlg0012.tlg001.msA:8.107,"urn:cite:hmt:vaimg.VA102VN-0605@0.4474,0.5357,0.4565,0.0383"
urn:cts:greekLit:tlg0012.tlg001.msA:8.108,"urn:cite:hmt:vaimg.VA102VN-0605@0.4404,0.5605,0.4434,0.0338"
urn:cts:greekLit:tlg0012.tlg001.msA:8.109,"urn:cite:hmt:vaimg.VA102VN-0605@0.4434,0.5793,0.4404,0.0338"
urn:cts:greekLit:tlg0012.tlg001.msA:8.110,"urn:cite:hmt:vaimg.VA102VN-0605@0.4625,0.5943,0.4254,0.0391"
urn:cts:greekLit:tlg0012.tlg001.msA:8.111,"urn:cite:hmt:vaimg.VA102VN-0605@0.4665,0.6161,0.4304,0.0346"
urn:cts:greekLit:tlg0012.tlg001.msA:8.112,"urn:cite:hmt:vaimg.VA102VN-0605@0.4575,0.6319,0.4444,0.0421"
urn:cts:greekLit:tlg0012.tlg001.msA:8.113,"urn:cite:hmt:vaimg.VA102VN-0605@0.4685,0.6521,0.4274,0.0376"
urn:cts:greekLit:tlg0012.tlg001.msA:8.114,"urn:cite:hmt:vaimg.VA102VN-0605@0.4515,0.6732,0.4354,0.0361"
urn:cts:greekLit:tlg0012.tlg001.msA:8.115,"urn:cite:hmt:vaimg.VA102VN-0605@0.4615,0.6927,0.4194,0.0346"
urn:cts:greekLit:tlg0012.tlg001.msA:8.116,"urn:cite:hmt:vaimg.VA103RN-0275@0.1972,0.2231,0.4224,0.0406"
urn:cts:greekLit:tlg0012.tlg001.msA:8.117,"urn:cite:hmt:vaimg.VA103RN-0275@0.1972,0.2502,0.4414,0.0353"
urn:cts:greekLit:tlg0012.tlg001.msA:8.118,"urn:cite:hmt:vaimg.VA103RN-0275@0.1952,0.2675,0.4034,0.0323"
urn:cts:greekLit:tlg0012.tlg001.msA:8.119,"urn:cite:hmt:vaimg.VA103RN-0275@0.1962,0.2863,0.4454,0.0346"
urn:cts:greekLit:tlg0012.tlg001.msA:8.120,"urn:cite:hmt:vaimg.VA103RN-0275@0.1972,0.308,0.3303,0.0293"
urn:cts:greekLit:tlg0012.tlg001.msA:8.121,"urn:cite:hmt:vaimg.VA103RN-0275@0.1952,0.3246,0.4054,0.0383"
urn:cts:greekLit:tlg0012.tlg001.msA:8.122,"urn:cite:hmt:vaimg.VA103RN-0275@0.1982,0.3441,0.3734,0.0331"
urn:cts:greekLit:tlg0012.tlg001.msA:8.123,"urn:cite:hmt:vaimg.VA103RN-0275@0.1922,0.3644,0.4104,0.0331"
urn:cts:greekLit:tlg0012.tlg001.msA:8.124,"urn:cite:hmt:vaimg.VA103RN-0275@0.1822,0.3824,0.4404,0.0391"
urn:cts:greekLit:tlg0012.tlg001.msA:8.125,"urn:cite:hmt:vaimg.VA103RN-0275@0.1782,0.4035,0.4214,0.0308"
urn:cts:greekLit:tlg0012.tlg001.msA:8.126,"urn:cite:hmt:vaimg.VA103RN-0275@0.1942,0.4222,0.4214,0.0308"
urn:cts:greekLit:tlg0012.tlg001.msA:8.127,"urn:cite:hmt:vaimg.VA103RN-0275@0.1922,0.4388,0.3814,0.0308"
urn:cts:greekLit:tlg0012.tlg001.msA:8.128,"urn:cite:hmt:vaimg.VA103RN-0275@0.1772,0.4613,0.4394,0.0308"
urn:cts:greekLit:tlg0012.tlg001.msA:8.129,"urn:cite:hmt:vaimg.VA103RN-0275@0.1912,0.4786,0.4094,0.0346"
urn:cts:greekLit:tlg0012.tlg001.msA:8.130,"urn:cite:hmt:vaimg.VA103RN-0275@0.1812,0.4974,0.4314,0.0353"
urn:cts:greekLit:tlg0012.tlg001.msA:8.131,"urn:cite:hmt:vaimg.VA103RN-0275@0.1782,0.5162,0.4094,0.0353"
urn:cts:greekLit:tlg0012.tlg001.msA:8.132,"urn:cite:hmt:vaimg.VA103RN-0275@0.1942,0.5379,0.3884,0.0301"
urn:cts:greekLit:tlg0012.tlg001.msA:8.133,"urn:cite:hmt:vaimg.VA103RN-0275@0.1932,0.5575,0.4424,0.0301"
urn:cts:greekLit:tlg0012.tlg001.msA:8.134,"urn:cite:hmt:vaimg.VA103RN-0275@0.1922,0.574,0.3984,0.0391"
urn:cts:greekLit:tlg0012.tlg001.msA:8.135,"urn:cite:hmt:vaimg.VA103RN-0275@0.1912,0.5928,0.3574,0.0301"
urn:cts:greekLit:tlg0012.tlg001.msA:8.136,"urn:cite:hmt:vaimg.VA103RN-0275@0.1842,0.6131,0.3884,0.0301"
urn:cts:greekLit:tlg0012.tlg001.msA:8.137,"urn:cite:hmt:vaimg.VA103RN-0275@0.1892,0.6334,0.3924,0.0308"
urn:cts:greekLit:tlg0012.tlg001.msA:8.138,"urn:cite:hmt:vaimg.VA103RN-0275@0.1862,0.6521,0.4104,0.0308"
urn:cts:greekLit:tlg0012.tlg001.msA:8.139,"urn:cite:hmt:vaimg.VA103RN-0275@0.1682,0.6709,0.4284,0.0338"
urn:cts:greekLit:tlg0012.tlg001.msA:8.140,"urn:cite:hmt:vaimg.VA103RN-0275@0.1852,0.689,0.3644,0.0316"
urn:cts:greekLit:tlg0012.tlg001.msA:8.141,"urn:cite:hmt:vaimg.VA103RN-0275@0.1852,0.7085,0.3824,0.0323"
urn:cts:greekLit:tlg0012.tlg001.msA:8.142,"urn:cite:hmt:vaimg.VA103VN-0606@0.4464,0.2434,0.3453,0.0316"
urn:cts:greekLit:tlg0012.tlg001.msA:8.143,"urn:cite:hmt:vaimg.VA103VN-0606@0.4515,0.2637,0.3534,0.027"
urn:cts:greekLit:tlg0012.tlg001.msA:8.144,"urn:cite:hmt:vaimg.VA103VN-0606@0.4525,0.281,0.3644,0.0293"
urn:cts:greekLit:tlg0012.tlg001.msA:8.145,"urn:cite:hmt:vaimg.VA103VN-0606@0.4505,0.299,0.3744,0.0316"
urn:cts:greekLit:tlg0012.tlg001.msA:8.146,"urn:cite:hmt:vaimg.VA103VN-0606@0.4535,0.3156,0.3864,0.0346"
urn:cts:greekLit:tlg0012.tlg001.msA:8.147,"urn:cite:hmt:vaimg.VA103VN-0606@0.4565,0.3343,0.3984,0.0353"
urn:cts:greekLit:tlg0012.tlg001.msA:8.148,"urn:cite:hmt:vaimg.VA103VN-0606@0.4484,0.3554,0.3734,0.0353"
urn:cts:greekLit:tlg0012.tlg001.msA:8.149,"urn:cite:hmt:vaimg.VA103VN-0606@0.4414,0.3757,0.3904,0.0338"
urn:cts:greekLit:tlg0012.tlg001.msA:8.150,"urn:cite:hmt:vaimg.VA103VN-0606@0.4434,0.3944,0.4064,0.0308"
urn:cts:greekLit:tlg0012.tlg001.msA:8.151,"urn:cite:hmt:vaimg.VA103VN-0606@0.4595,0.4155,0.3844,0.0308"
urn:cts:greekLit:tlg0012.tlg001.msA:8.152,"urn:cite:hmt:vaimg.VA103VN-0606@0.4575,0.432,0.3564,0.0308"
urn:cts:greekLit:tlg0012.tlg001.msA:8.153,"urn:cite:hmt:vaimg.VA103VN-0606@0.4635,0.4478,0.3984,0.0338"
urn:cts:greekLit:tlg0012.tlg001.msA:8.154,"urn:cite:hmt:vaimg.VA103VN-0606@0.4595,0.4711,0.3373,0.0338"
urn:cts:greekLit:tlg0012.tlg001.msA:8.155,"urn:cite:hmt:vaimg.VA103VN-0606@0.4635,0.4906,0.3483,0.0301"
urn:cts:greekLit:tlg0012.tlg001.msA:8.156,"urn:cite:hmt:vaimg.VA103VN-0606@0.4585,0.5086,0.4084,0.0323"
urn:cts:greekLit:tlg0012.tlg001.msA:8.157,"urn:cite:hmt:vaimg.VA103VN-0606@0.4635,0.5252,0.3984,0.0346"
urn:cts:greekLit:tlg0012.tlg001.msA:8.158,"urn:cite:hmt:vaimg.VA103VN-0606@0.4655,0.5485,0.3544,0.0293"
urn:cts:greekLit:tlg0012.tlg001.msA:8.159,"urn:cite:hmt:vaimg.VA103VN-0606@0.4625,0.5672,0.3263,0.0293"
urn:cts:greekLit:tlg0012.tlg001.msA:8.160,"urn:cite:hmt:vaimg.VA103VN-0606@0.4625,0.5845,0.3914,0.0293"
urn:cts:greekLit:tlg0012.tlg001.msA:8.161,"urn:cite:hmt:vaimg.VA103VN-0606@0.4675,0.6063,0.3483,0.0255"
urn:cts:greekLit:tlg0012.tlg001.msA:8.162,"urn:cite:hmt:vaimg.VA103VN-0606@0.4645,0.6236,0.3403,0.0293"
urn:cts:greekLit:tlg0012.tlg001.msA:8.163,"urn:cite:hmt:vaimg.VA103VN-0606@0.4535,0.6424,0.3624,0.0293"
urn:cts:greekLit:tlg0012.tlg001.msA:8.164,"urn:cite:hmt:vaimg.VA103VN-0606@0.4444,0.6604,0.3624,0.0293"
urn:cts:greekLit:tlg0012.tlg001.msA:8.165,"urn:cite:hmt:vaimg.VA103VN-0606@0.4505,0.6799,0.3774,0.0293"
urn:cts:greekLit:tlg0012.tlg001.msA:8.166,"urn:cite:hmt:vaimg.VA103VN-0606@0.4434,0.6987,0.3604,0.0316"
urn:cts:greekLit:tlg0012.tlg001.msA:8.167,"urn:cite:hmt:vaimg.VA104RN-0276@0.1872,0.2284,0.3834,0.0368"
urn:cts:greekLit:tlg0012.tlg001.msA:8.168,"urn:cite:hmt:vaimg.VA104RN-0276@0.1792,0.2479,0.3934,0.0323"
urn:cts:greekLit:tlg0012.tlg001.msA:8.169,"urn:cite:hmt:vaimg.VA104RN-0276@0.1902,0.2697,0.3974,0.0293"
urn:cts:greekLit:tlg0012.tlg001.msA:8.170,"urn:cite:hmt:vaimg.VA104RN-0276@0.1882,0.2885,0.3874,0.0293"
urn:cts:greekLit:tlg0012.tlg001.msA:8.171,"urn:cite:hmt:vaimg.VA104RN-0276@0.1902,0.3073,0.3874,0.0293"
urn:cts:greekLit:tlg0012.tlg001.msA:8.172,"urn:cite:hmt:vaimg.VA104RN-0276@0.1892,0.3231,0.3764,0.0293"
urn:cts:greekLit:tlg0012.tlg001.msA:8.173,"urn:cite:hmt:vaimg.VA104RN-0276@0.1822,0.3441,0.4034,0.0323"
urn:cts:greekLit:tlg0012.tlg001.msA:8.174,"urn:cite:hmt:vaimg.VA104RN-0276@0.1882,0.3629,0.4034,0.0323"
urn:cts:greekLit:tlg0012.tlg001.msA:8.175,"urn:cite:hmt:vaimg.VA104RN-0276@0.1862,0.3839,0.4064,0.0323"
urn:cts:greekLit:tlg0012.tlg001.msA:8.176,"urn:cite:hmt:vaimg.VA104RN-0276@0.1922,0.4027,0.3884,0.0293"
urn:cts:greekLit:tlg0012.tlg001.msA:8.177,"urn:cite:hmt:vaimg.VA104RN-0276@0.1882,0.42,0.3884,0.0293"
urn:cts:greekLit:tlg0012.tlg001.msA:8.178,"urn:cite:hmt:vaimg.VA104RN-0276@0.1872,0.4388,0.4324,0.0346"
urn:cts:greekLit:tlg0012.tlg001.msA:8.179,"urn:cite:hmt:vaimg.VA104RN-0276@0.1862,0.4583,0.4274,0.0331"
urn:cts:greekLit:tlg0012.tlg001.msA:8.180,"urn:cite:hmt:vaimg.VA104RN-0276@0.1872,0.4786,0.4274,0.0331"
urn:cts:greekLit:tlg0012.tlg001.msA:8.181,"urn:cite:hmt:vaimg.VA104RN-0276@0.1862,0.4966,0.4064,0.0331"
urn:cts:greekLit:tlg0012.tlg001.msA:8.182,"urn:cite:hmt:vaimg.VA104RN-0276@0.1862,0.5177,0.4114,0.0293"
urn:cts:greekLit:tlg0012.tlg001.msA:8.184,"urn:cite:hmt:vaimg.VA104RN-0276@0.1852,0.5364,0.3794,0.0293"
urn:cts:greekLit:tlg0012.tlg001.msA:8.185,"urn:cite:hmt:vaimg.VA104RN-0276@0.1652,0.5537,0.4304,0.0293"
urn:cts:greekLit:tlg0012.tlg001.msA:8.186,"urn:cite:hmt:vaimg.VA104RN-0276@0.1802,0.5748,0.4174,0.0293"
urn:cts:greekLit:tlg0012.tlg001.msA:8.187,"urn:cite:hmt:vaimg.VA104RN-0276@0.1862,0.592,0.3954,0.0293"
urn:cts:greekLit:tlg0012.tlg001.msA:8.188,"urn:cite:hmt:vaimg.VA104RN-0276@0.1852,0.6123,0.4124,0.0293"
urn:cts:greekLit:tlg0012.tlg001.msA:8.189,"urn:cite:hmt:vaimg.VA104RN-0276@0.1652,0.6326,0.4154,0.0293"
urn:cts:greekLit:tlg0012.tlg001.msA:8.190,"urn:cite:hmt:vaimg.VA104RN-0276@0.1822,0.6484,0.4074,0.0293"
urn:cts:greekLit:tlg0012.tlg001.msA:8.191,"urn:cite:hmt:vaimg.VA104RN-0276@0.1782,0.6679,0.4224,0.0285"
urn:cts:greekLit:tlg0012.tlg001.msA:8.192,"urn:cite:hmt:vaimg.VA104RN-0276@0.1792,0.6882,0.4174,0.0285"
urn:cts:greekLit:tlg0012.tlg001.msA:8.193,"urn:cite:hmt:vaimg.VA104VN-0607@0.4434,0.2374,0.4274,0.0398"
urn:cts:greekLit:tlg0012.tlg001.msA:8.194,"urn:cite:hmt:vaimg.VA104VN-0607@0.4555,0.2592,0.3704,0.0331"
urn:cts:greekLit:tlg0012.tlg001.msA:8.195,"urn:cite:hmt:vaimg.VA104VN-0607@0.4585,0.275,0.4234,0.0353"
urn:cts:greekLit:tlg0012.tlg001.msA:8.196,"urn:cite:hmt:vaimg.VA104VN-0607@0.4625,0.2968,0.3984,0.0338"
urn:cts:greekLit:tlg0012.tlg001.msA:8.197,"urn:cite:hmt:vaimg.VA104VN-0607@0.4635,0.3156,0.3463,0.0331"
urn:cts:greekLit:tlg0012.tlg001.msA:8.198,"urn:cite:hmt:vaimg.VA104VN-0607@0.4535,0.3291,0.4234,0.0391"
urn:cts:greekLit:tlg0012.tlg001.msA:8.199,"urn:cite:hmt:vaimg.VA104VN-0607@0.4494,0.3524,0.4374,0.0346"
urn:cts:greekLit:tlg0012.tlg001.msA:8.200,"urn:cite:hmt:vaimg.VA104VN-0607@0.4665,0.3719,0.4014,0.0316"
urn:cts:greekLit:tlg0012.tlg001.msA:8.201,"urn:cite:hmt:vaimg.VA104VN-0607@0.4535,0.3929,0.4204,0.0316"
urn:cts:greekLit:tlg0012.tlg001.msA:8.202,"urn:cite:hmt:vaimg.VA104VN-0607@0.4585,0.4125,0.4204,0.0316"
urn:cts:greekLit:tlg0012.tlg001.msA:8.203,"urn:cite:hmt:vaimg.VA104VN-0607@0.4585,0.429,0.3974,0.0316"
urn:cts:greekLit:tlg0012.tlg001.msA:8.204,"urn:cite:hmt:vaimg.VA104VN-0607@0.4545,0.4485,0.4154,0.0316"
urn:cts:greekLit:tlg0012.tlg001.msA:8.205,"urn:cite:hmt:vaimg.VA104VN-0607@0.4595,0.4666,0.4104,0.0346"
urn:cts:greekLit:tlg0012.tlg001.msA:8.206,"urn:cite:hmt:vaimg.VA104VN-0607@0.4484,0.4838,0.4294,0.0361"
urn:cts:greekLit:tlg0012.tlg001.msA:8.207,"urn:cite:hmt:vaimg.VA104VN-0607@0.4454,0.5004,0.4474,0.0383"
urn:cts:greekLit:tlg0012.tlg001.msA:8.208,"urn:cite:hmt:vaimg.VA104VN-0607@0.4565,0.5199,0.4424,0.0346"
urn:cts:greekLit:tlg0012.tlg001.msA:8.209,"urn:cite:hmt:vaimg.VA104VN-0607@0.4505,0.5424,0.3714,0.0323"
urn:cts:greekLit:tlg0012.tlg001.msA:8.210,"urn:cite:hmt:vaimg.VA104VN-0607@0.4615,0.5597,0.3984,0.0323"
urn:cts:greekLit:tlg0012.tlg001.msA:8.211,"urn:cite:hmt:vaimg.VA104VN-0607@0.4635,0.5808,0.4064,0.0316"
urn:cts:greekLit:tlg0012.tlg001.msA:8.212,"urn:cite:hmt:vaimg.VA104VN-0607@0.4575,0.5995,0.3934,0.0308"
urn:cts:greekLit:tlg0012.tlg001.msA:8.213,"urn:cite:hmt:vaimg.VA104VN-0607@0.4635,0.6183,0.3864,0.0308"
urn:cts:greekLit:tlg0012.tlg001.msA:8.214,"urn:cite:hmt:vaimg.VA104VN-0607@0.4595,0.6386,0.4094,0.0308"
urn:cts:greekLit:tlg0012.tlg001.msA:8.215,"urn:cite:hmt:vaimg.VA104VN-0607@0.4665,0.6559,0.3794,0.0331"
urn:cts:greekLit:tlg0012.tlg001.msA:8.216,"urn:cite:hmt:vaimg.VA104VN-0607@0.4655,0.6754,0.3974,0.0323"
urn:cts:greekLit:tlg0012.tlg001.msA:8.217,"urn:cite:hmt:vaimg.VA104VN-0607@0.4665,0.6935,0.3984,0.0323"
urn:cts:greekLit:tlg0012.tlg001.msA:8.218,"urn:cite:hmt:vaimg.VA105RN-0277@0.2012,0.2322,0.3904,0.0308"
urn:cts:greekLit:tlg0012.tlg001.msA:8.219,"urn:cite:hmt:vaimg.VA105RN-0277@0.1962,0.2509,0.3974,0.0323"
urn:cts:greekLit:tlg0012.tlg001.msA:8.220,"urn:cite:hmt:vaimg.VA105RN-0277@0.1982,0.2652,0.4074,0.0383"
urn:cts:greekLit:tlg0012.tlg001.msA:8.221,"urn:cite:hmt:vaimg.VA105RN-0277@0.1762,0.2855,0.4314,0.0383"
urn:cts:greekLit:tlg0012.tlg001.msA:8.222,"urn:cite:hmt:vaimg.VA105RN-0277@0.1942,0.308,0.3894,0.0346"
urn:cts:greekLit:tlg0012.tlg001.msA:8.223,"urn:cite:hmt:vaimg.VA105RN-0277@0.1982,0.3261,0.4164,0.0361"
urn:cts:greekLit:tlg0012.tlg001.msA:8.227,"urn:cite:hmt:vaimg.VA105RN-0277@0.1982,0.3434,0.4044,0.0376"
urn:cts:greekLit:tlg0012.tlg001.msA:8.228,"urn:cite:hmt:vaimg.VA105RN-0277@0.1922,0.3621,0.4154,0.0368"
urn:cts:greekLit:tlg0012.tlg001.msA:8.229,"urn:cite:hmt:vaimg.VA105RN-0277@0.1862,0.3817,0.4454,0.0361"
urn:cts:greekLit:tlg0012.tlg001.msA:8.230,"urn:cite:hmt:vaimg.VA105RN-0277@0.1742,0.402,0.4454,0.0361"
urn:cts:greekLit:tlg0012.tlg001.msA:8.231,"urn:cite:hmt:vaimg.VA105RN-0277@0.1702,0.417,0.4304,0.0398"
urn:cts:greekLit:tlg0012.tlg001.msA:8.232,"urn:cite:hmt:vaimg.VA105RN-0277@0.1932,0.4395,0.3794,0.0331"
urn:cts:greekLit:tlg0012.tlg001.msA:8.233,"urn:cite:hmt:vaimg.VA105RN-0277@0.1822,0.4606,0.4364,0.0368"
urn:cts:greekLit:tlg0012.tlg001.msA:8.234,"urn:cite:hmt:vaimg.VA105RN-0277@0.1972,0.4801,0.4094,0.0398"
urn:cts:greekLit:tlg0012.tlg001.msA:8.235,"urn:cite:hmt:vaimg.VA105RN-0277@0.1662,0.4959,0.4725,0.0391"
urn:cts:greekLit:tlg0012.tlg001.msA:8.236,"urn:cite:hmt:vaimg.VA105RN-0277@0.1862,0.5192,0.4615,0.0376"
urn:cts:greekLit:tlg0012.tlg001.msA:8.237,"urn:cite:hmt:vaimg.VA105RN-0277@0.1862,0.5379,0.4515,0.0346"
urn:cts:greekLit:tlg0012.tlg001.msA:8.238,"urn:cite:hmt:vaimg.VA105RN-0277@0.1932,0.553,0.4244,0.0376"
urn:cts:greekLit:tlg0012.tlg001.msA:8.239,"urn:cite:hmt:vaimg.VA105RN-0277@0.1802,0.5733,0.4304,0.0368"
urn:cts:greekLit:tlg0012.tlg001.msA:8.240,"urn:cite:hmt:vaimg.VA105RN-0277@0.1892,0.5905,0.3884,0.0391"
urn:cts:greekLit:tlg0012.tlg001.msA:8.241,"urn:cite:hmt:vaimg.VA105RN-0277@0.1902,0.6131,0.3844,0.0383"
urn:cts:greekLit:tlg0012.tlg001.msA:8.242,"urn:cite:hmt:vaimg.VA105RN-0277@0.1902,0.6311,0.4064,0.0376"
urn:cts:greekLit:tlg0012.tlg001.msA:8.243,"urn:cite:hmt:vaimg.VA105RN-0277@0.1882,0.6514,0.4264,0.0413"
urn:cts:greekLit:tlg0012.tlg001.msA:8.244,"urn:cite:hmt:vaimg.VA105RN-0277@0.1882,0.6702,0.4134,0.0383"
urn:cts:greekLit:tlg0012.tlg001.msA:8.245,"urn:cite:hmt:vaimg.VA105RN-0277@0.1762,0.6867,0.4525,0.0413"
urn:cts:greekLit:tlg0012.tlg001.msA:8.246,"urn:cite:hmt:vaimg.VA105RN-0277@0.1852,0.7077,0.4124,0.0413"
urn:cts:greekLit:tlg0012.tlg001.msA:8.247,"urn:cite:hmt:vaimg.VA105VN-0608@0.4565,0.2404,0.3954,0.0285"
urn:cts:greekLit:tlg0012.tlg001.msA:8.248,"urn:cite:hmt:vaimg.VA105VN-0608@0.4565,0.2607,0.4014,0.0316"
urn:cts:greekLit:tlg0012.tlg001.msA:8.249,"urn:cite:hmt:vaimg.VA105VN-0608@0.4474,0.2795,0.4274,0.0316"
urn:cts:greekLit:tlg0012.tlg001.msA:8.250,"urn:cite:hmt:vaimg.VA105VN-0608@0.4284,0.299,0.3874,0.0338"
urn:cts:greekLit:tlg0012.tlg001.msA:8.251,"urn:cite:hmt:vaimg.VA105VN-0608@0.4535,0.3186,0.4144,0.0338"
urn:cts:greekLit:tlg0012.tlg001.msA:8.252,"urn:cite:hmt:vaimg.VA105VN-0608@0.4575,0.3373,0.4044,0.0338"
urn:cts:greekLit:tlg0012.tlg001.msA:8.253,"urn:cite:hmt:vaimg.VA105VN-0608@0.4565,0.3546,0.4114,0.0338"
urn:cts:greekLit:tlg0012.tlg001.msA:8.254,"urn:cite:hmt:vaimg.VA105VN-0608@0.4525,0.3772,0.4114,0.0338"
urn:cts:greekLit:tlg0012.tlg001.msA:8.255,"urn:cite:hmt:vaimg.VA105VN-0608@0.4525,0.3952,0.4164,0.0338"
urn:cts:greekLit:tlg0012.tlg001.msA:8.256,"urn:cite:hmt:vaimg.VA105VN-0608@0.4605,0.411,0.4064,0.0338"
urn:cts:greekLit:tlg0012.tlg001.msA:8.257,"urn:cite:hmt:vaimg.VA105VN-0608@0.4424,0.4313,0.4354,0.0338"
urn:cts:greekLit:tlg0012.tlg001.msA:8.258,"urn:cite:hmt:vaimg.VA105VN-0608@0.4575,0.45,0.4174,0.0338"
urn:cts:greekLit:tlg0012.tlg001.msA:8.259,"urn:cite:hmt:vaimg.VA105VN-0608@0.4595,0.4666,0.3684,0.0338"
urn:cts:greekLit:tlg0012.tlg001.msA:8.260,"urn:cite:hmt:vaimg.VA105VN-0608@0.4635,0.4838,0.4024,0.0406"
urn:cts:greekLit:tlg0012.tlg001.msA:8.261,"urn:cite:hmt:vaimg.VA105VN-0608@0.4595,0.5034,0.4204,0.0406"
urn:cts:greekLit:tlg0012.tlg001.msA:8.262,"urn:cite:hmt:vaimg.VA105VN-0608@0.4645,0.5214,0.4114,0.0353"
urn:cts:greekLit:tlg0012.tlg001.msA:8.263,"urn:cite:hmt:vaimg.VA105VN-0608@0.4585,0.5409,0.4164,0.0391"
urn:cts:greekLit:tlg0012.tlg001.msA:8.264,"urn:cite:hmt:vaimg.VA105VN-0608@0.4625,0.559,0.4164,0.0391"
urn:cts:greekLit:tlg0012.tlg001.msA:8.265,"urn:cite:hmt:vaimg.VA105VN-0608@0.4615,0.5785,0.4214,0.0376"
urn:cts:greekLit:tlg0012.tlg001.msA:8.266,"urn:cite:hmt:vaimg.VA105VN-0608@0.4454,0.5958,0.4545,0.0406"
urn:cts:greekLit:tlg0012.tlg001.msA:8.267,"urn:cite:hmt:vaimg.VA105VN-0608@0.4655,0.6153,0.3944,0.0406"
urn:cts:greekLit:tlg0012.tlg001.msA:8.268,"urn:cite:hmt:vaimg.VA105VN-0608@0.4645,0.6371,0.4234,0.0406"
urn:cts:greekLit:tlg0012.tlg001.msA:8.269,"urn:cite:hmt:vaimg.VA105VN-0608@0.4685,0.6582,0.3904,0.0346"
urn:cts:greekLit:tlg0012.tlg001.msA:8.270,"urn:cite:hmt:vaimg.VA105VN-0608@0.4655,0.6754,0.4034,0.0398"
urn:cts:greekLit:tlg0012.tlg001.msA:8.271,"urn:cite:hmt:vaimg.VA105VN-0608@0.4715,0.6912,0.4144,0.0398"
urn:cts:greekLit:tlg0012.tlg001.msA:8.272,"urn:cite:hmt:vaimg.VA106RN-0278@0.2072,0.2359,0.4134,0.0361"
urn:cts:greekLit:tlg0012.tlg001.msA:8.273,"urn:cite:hmt:vaimg.VA106RN-0278@0.2082,0.2547,0.4264,0.0353"
urn:cts:greekLit:tlg0012.tlg001.msA:8.274,"urn:cite:hmt:vaimg.VA106RN-0278@0.2052,0.2742,0.4334,0.0346"
urn:cts:greekLit:tlg0012.tlg001.msA:8.275,"urn:cite:hmt:vaimg.VA106RN-0278@0.2052,0.2938,0.4334,0.0346"
urn:cts:greekLit:tlg0012.tlg001.msA:8.276,"urn:cite:hmt:vaimg.VA106RN-0278@0.1902,0.311,0.4454,0.0346"
urn:cts:greekLit:tlg0012.tlg001.msA:8.278,"urn:cite:hmt:vaimg.VA106RN-0278@0.1952,0.3291,0.4344,0.0353"
urn:cts:greekLit:tlg0012.tlg001.msA:8.279,"urn:cite:hmt:vaimg.VA106RN-0278@0.1942,0.3494,0.4414,0.0383"
urn:cts:greekLit:tlg0012.tlg001.msA:8.280,"urn:cite:hmt:vaimg.VA106RN-0278@0.2002,0.3689,0.4274,0.0331"
urn:cts:greekLit:tlg0012.tlg001.msA:8.281,"urn:cite:hmt:vaimg.VA106RN-0278@0.1922,0.3877,0.4414,0.0323"
urn:cts:greekLit:tlg0012.tlg001.msA:8.282,"urn:cite:hmt:vaimg.VA106RN-0278@0.1982,0.4065,0.4024,0.0323"
urn:cts:greekLit:tlg0012.tlg001.msA:8.283,"urn:cite:hmt:vaimg.VA106RN-0278@0.1902,0.4245,0.4424,0.0323"
urn:cts:greekLit:tlg0012.tlg001.msA:8.284,"urn:cite:hmt:vaimg.VA106RN-0278@0.1782,0.4425,0.4254,0.0323"
urn:cts:greekLit:tlg0012.tlg001.msA:8.285,"urn:cite:hmt:vaimg.VA106RN-0278@0.1972,0.4613,0.3814,0.0323"
urn:cts:greekLit:tlg0012.tlg001.msA:8.286,"urn:cite:hmt:vaimg.VA106RN-0278@0.1962,0.4801,0.4034,0.0316"
urn:cts:greekLit:tlg0012.tlg001.msA:8.287,"urn:cite:hmt:vaimg.VA106RN-0278@0.1972,0.5004,0.3894,0.0293"
urn:cts:greekLit:tlg0012.tlg001.msA:8.288,"urn:cite:hmt:vaimg.VA106RN-0278@0.1972,0.5184,0.3944,0.0308"
urn:cts:greekLit:tlg0012.tlg001.msA:8.289,"urn:cite:hmt:vaimg.VA106RN-0278@0.1942,0.5394,0.4074,0.0331"
urn:cts:greekLit:tlg0012.tlg001.msA:8.290,"urn:cite:hmt:vaimg.VA106RN-0278@0.1782,0.556,0.4074,0.0331"
urn:cts:greekLit:tlg0012.tlg001.msA:8.291,"urn:cite:hmt:vaimg.VA106RN-0278@0.1932,0.574,0.4264,0.0338"
urn:cts:greekLit:tlg0012.tlg001.msA:8.292,"urn:cite:hmt:vaimg.VA106RN-0278@0.1842,0.5973,0.4565,0.0331"
urn:cts:greekLit:tlg0012.tlg001.msA:8.293,"urn:cite:hmt:vaimg.VA106RN-0278@0.1722,0.6161,0.4294,0.0301"
urn:cts:greekLit:tlg0012.tlg001.msA:8.294,"urn:cite:hmt:vaimg.VA106RN-0278@0.1922,0.6364,0.4084,0.0301"
urn:cts:greekLit:tlg0012.tlg001.msA:8.295,"urn:cite:hmt:vaimg.VA106RN-0278@0.1912,0.6544,0.4354,0.0301"
urn:cts:greekLit:tlg0012.tlg001.msA:8.296,"urn:cite:hmt:vaimg.VA106RN-0278@0.1882,0.6732,0.4354,0.0301"
urn:cts:greekLit:tlg0012.tlg001.msA:8.297,"urn:cite:hmt:vaimg.VA106RN-0278@0.1892,0.6897,0.4134,0.0316"
urn:cts:greekLit:tlg0012.tlg001.msA:8.298,"urn:cite:hmt:vaimg.VA106VN-0609@0.4505,0.2434,0.4184,0.0361"
urn:cts:greekLit:tlg0012.tlg001.msA:8.299,"urn:cite:hmt:vaimg.VA106VN-0609@0.4344,0.266,0.4505,0.0323"
urn:cts:greekLit:tlg0012.tlg001.msA:8.300,"urn:cite:hmt:vaimg.VA106VN-0609@0.4464,0.2863,0.4114,0.0323"
urn:cts:greekLit:tlg0012.tlg001.msA:8.301,"urn:cite:hmt:vaimg.VA106VN-0609@0.4434,0.3043,0.4114,0.0323"
urn:cts:greekLit:tlg0012.tlg001.msA:8.302,"urn:cite:hmt:vaimg.VA106VN-0609@0.4505,0.3186,0.4384,0.0323"
urn:cts:greekLit:tlg0012.tlg001.msA:8.303,"urn:cite:hmt:vaimg.VA106VN-0609@0.4354,0.3396,0.4164,0.0323"
urn:cts:greekLit:tlg0012.tlg001.msA:8.304,"urn:cite:hmt:vaimg.VA106VN-0609@0.4535,0.3576,0.4074,0.0323"
urn:cts:greekLit:tlg0012.tlg001.msA:8.305,"urn:cite:hmt:vaimg.VA106VN-0609@0.4535,0.3779,0.4134,0.0323"
urn:cts:greekLit:tlg0012.tlg001.msA:8.306,"urn:cite:hmt:vaimg.VA106VN-0609@0.4394,0.3959,0.4535,0.0316"
urn:cts:greekLit:tlg0012.tlg001.msA:8.307,"urn:cite:hmt:vaimg.VA106VN-0609@0.4404,0.414,0.4454,0.0316"
urn:cts:greekLit:tlg0012.tlg001.msA:8.308,"urn:cite:hmt:vaimg.VA106VN-0609@0.4424,0.4305,0.4244,0.0316"
urn:cts:greekLit:tlg0012.tlg001.msA:8.309,"urn:cite:hmt:vaimg.VA106VN-0609@0.4555,0.45,0.4294,0.0346"
urn:cts:greekLit:tlg0012.tlg001.msA:8.310,"urn:cite:hmt:vaimg.VA106VN-0609@0.4555,0.4688,0.4084,0.0346"
urn:cts:greekLit:tlg0012.tlg001.msA:8.311,"urn:cite:hmt:vaimg.VA106VN-0609@0.4555,0.4853,0.4334,0.0361"
urn:cts:greekLit:tlg0012.tlg001.msA:8.312,"urn:cite:hmt:vaimg.VA106VN-0609@0.4424,0.5064,0.4454,0.0353"
urn:cts:greekLit:tlg0012.tlg001.msA:8.313,"urn:cite:hmt:vaimg.VA106VN-0609@0.4474,0.5237,0.4424,0.0376"
urn:cts:greekLit:tlg0012.tlg001.msA:8.314,"urn:cite:hmt:vaimg.VA106VN-0609@0.4575,0.544,0.4014,0.0353"
urn:cts:greekLit:tlg0012.tlg001.msA:8.315,"urn:cite:hmt:vaimg.VA106VN-0609@0.426,0.7998,0.3831,0.0418"
urn:cts:greekLit:tlg0012.tlg001.msA:8.316,"urn:cite:hmt:vaimg.VA106VN-0609@0.4424,0.5642,0.4545,0.0331"
urn:cts:greekLit:tlg0012.tlg001.msA:8.317,"urn:cite:hmt:vaimg.VA106VN-0609@0.4374,0.583,0.4585,0.0368"
urn:cts:greekLit:tlg0012.tlg001.msA:8.318,"urn:cite:hmt:vaimg.VA106VN-0609@0.4585,0.6011,0.4354,0.0331"
urn:cts:greekLit:tlg0012.tlg001.msA:8.319,"urn:cite:hmt:vaimg.VA106VN-0609@0.4585,0.6183,0.4444,0.0383"
urn:cts:greekLit:tlg0012.tlg001.msA:8.320,"urn:cite:hmt:vaimg.VA106VN-0609@0.4635,0.6356,0.4354,0.0353"
urn:cts:greekLit:tlg0012.tlg001.msA:8.321,"urn:cite:hmt:vaimg.VA106VN-0609@0.4525,0.6544,0.4424,0.0383"
urn:cts:greekLit:tlg0012.tlg001.msA:8.322,"urn:cite:hmt:vaimg.VA106VN-0609@0.4494,0.6732,0.4545,0.0346"
urn:cts:greekLit:tlg0012.tlg001.msA:8.323,"urn:cite:hmt:vaimg.VA106VN-0609@0.4645,0.6935,0.4044,0.0338"
urn:cts:greekLit:tlg0012.tlg001.msA:8.324,"urn:cite:hmt:vaimg.VA107RN-0279@0.2002,0.2231,0.4344,0.0421"
urn:cts:greekLit:tlg0012.tlg001.msA:8.325,"urn:cite:hmt:vaimg.VA107RN-0279@0.1842,0.2449,0.4154,0.0368"
urn:cts:greekLit:tlg0012.tlg001.msA:8.326,"urn:cite:hmt:vaimg.VA107RN-0279@0.2012,0.2652,0.3744,0.0368"
urn:cts:greekLit:tlg0012.tlg001.msA:8.327,"urn:cite:hmt:vaimg.VA107RN-0279@0.1972,0.284,0.4074,0.0346"
urn:cts:greekLit:tlg0012.tlg001.msA:8.328,"urn:cite:hmt:vaimg.VA107RN-0279@0.1822,0.302,0.4424,0.0376"
urn:cts:greekLit:tlg0012.tlg001.msA:8.329,"urn:cite:hmt:vaimg.VA107RN-0279@0.1992,0.3231,0.4164,0.0338"
urn:cts:greekLit:tlg0012.tlg001.msA:8.330,"urn:cite:hmt:vaimg.VA107RN-0279@0.1992,0.3403,0.3904,0.0338"
urn:cts:greekLit:tlg0012.tlg001.msA:8.331,"urn:cite:hmt:vaimg.VA107RN-0279@0.1852,0.3621,0.4284,0.0346"
urn:cts:greekLit:tlg0012.tlg001.msA:8.332,"urn:cite:hmt:vaimg.VA107RN-0279@0.1962,0.3832,0.4094,0.0308"
urn:cts:greekLit:tlg0012.tlg001.msA:8.333,"urn:cite:hmt:vaimg.VA107RN-0279@0.2012,0.402,0.3894,0.0353"
urn:cts:greekLit:tlg0012.tlg001.msA:8.334,"urn:cite:hmt:vaimg.VA107RN-0279@0.2002,0.4207,0.4404,0.0361"
urn:cts:greekLit:tlg0012.tlg001.msA:8.335,"urn:cite:hmt:vaimg.VA107RN-0279@0.2002,0.435,0.4294,0.0413"
urn:cts:greekLit:tlg0012.tlg001.msA:8.336,"urn:cite:hmt:vaimg.VA107RN-0279@0.1942,0.4568,0.3864,0.0361"
urn:cts:greekLit:tlg0012.tlg001.msA:8.337,"urn:cite:hmt:vaimg.VA107RN-0279@0.1932,0.4748,0.4344,0.0391"
urn:cts:greekLit:tlg0012.tlg001.msA:8.338,"urn:cite:hmt:vaimg.VA107RN-0279@0.1902,0.4959,0.3964,0.0346"
urn:cts:greekLit:tlg0012.tlg001.msA:8.339,"urn:cite:hmt:vaimg.VA107RN-0279@0.1922,0.5154,0.3964,0.0346"
urn:cts:greekLit:tlg0012.tlg001.msA:8.340,"urn:cite:hmt:vaimg.VA107RN-0279@0.1752,0.5327,0.3994,0.0376"
urn:cts:greekLit:tlg0012.tlg001.msA:8.341,"urn:cite:hmt:vaimg.VA107RN-0279@0.1872,0.5537,0.4254,0.0368"
urn:cts:greekLit:tlg0012.tlg001.msA:8.342,"urn:cite:hmt:vaimg.VA107RN-0279@0.1872,0.5733,0.4224,0.0391"
urn:cts:greekLit:tlg0012.tlg001.msA:8.343,"urn:cite:hmt:vaimg.VA107RN-0279@0.1862,0.5913,0.4264,0.0398"
urn:cts:greekLit:tlg0012.tlg001.msA:8.344,"urn:cite:hmt:vaimg.VA107RN-0279@0.1842,0.6101,0.4114,0.0398"
urn:cts:greekLit:tlg0012.tlg001.msA:8.345,"urn:cite:hmt:vaimg.VA107RN-0279@0.1862,0.6304,0.4144,0.0353"
urn:cts:greekLit:tlg0012.tlg001.msA:8.346,"urn:cite:hmt:vaimg.VA107RN-0279@0.1812,0.6476,0.3934,0.0391"
urn:cts:greekLit:tlg0012.tlg001.msA:8.347,"urn:cite:hmt:vaimg.VA107RN-0279@0.1782,0.6687,0.4494,0.0368"
urn:cts:greekLit:tlg0012.tlg001.msA:8.348,"urn:cite:hmt:vaimg.VA107RN-0279@0.1772,0.686,0.4454,0.0428"
urn:cts:greekLit:tlg0012.tlg001.msA:8.349,"urn:cite:hmt:vaimg.VA107VN-0610@0.4484,0.2382,0.3794,0.0331"
urn:cts:greekLit:tlg0012.tlg001.msA:8.350,"urn:cite:hmt:vaimg.VA107VN-0610@0.4585,0.2539,0.3684,0.0353"
urn:cts:greekLit:tlg0012.tlg001.msA:8.351,"urn:cite:hmt:vaimg.VA107VN-0610@0.4565,0.2757,0.3704,0.0301"
urn:cts:greekLit:tlg0012.tlg001.msA:8.352,"urn:cite:hmt:vaimg.VA107VN-0610@0.4494,0.296,0.3624,0.0331"
urn:cts:greekLit:tlg0012.tlg001.msA:8.353,"urn:cite:hmt:vaimg.VA107VN-0610@0.4545,0.3171,0.4014,0.0331"
urn:cts:greekLit:tlg0012.tlg001.msA:8.354,"urn:cite:hmt:vaimg.VA107VN-0610@0.4535,0.3343,0.3824,0.0338"
urn:cts:greekLit:tlg0012.tlg001.msA:8.355,"urn:cite:hmt:vaimg.VA107VN-0610@0.4505,0.3531,0.4024,0.0323"
urn:cts:greekLit:tlg0012.tlg001.msA:8.356,"urn:cite:hmt:vaimg.VA107VN-0610@0.4505,0.3711,0.3904,0.0338"
urn:cts:greekLit:tlg0012.tlg001.msA:8.357,"urn:cite:hmt:vaimg.VA107VN-0610@0.4484,0.3929,0.3964,0.0316"
urn:cts:greekLit:tlg0012.tlg001.msA:8.358,"urn:cite:hmt:vaimg.VA107VN-0610@0.4545,0.4102,0.3554,0.0316"
urn:cts:greekLit:tlg0012.tlg001.msA:8.359,"urn:cite:hmt:vaimg.VA107VN-0610@0.4535,0.4275,0.4124,0.0368"
urn:cts:greekLit:tlg0012.tlg001.msA:8.360,"urn:cite:hmt:vaimg.VA107VN-0610@0.4565,0.4485,0.3884,0.0353"
urn:cts:greekLit:tlg0012.tlg001.msA:8.361,"urn:cite:hmt:vaimg.VA107VN-0610@0.4404,0.4628,0.4414,0.0398"
urn:cts:greekLit:tlg0012.tlg001.msA:8.362,"urn:cite:hmt:vaimg.VA107VN-0610@0.4585,0.4861,0.4014,0.0346"
urn:cts:greekLit:tlg0012.tlg001.msA:8.363,"urn:cite:hmt:vaimg.VA107VN-0610@0.4525,0.5026,0.3854,0.0368"
urn:cts:greekLit:tlg0012.tlg001.msA:8.364,"urn:cite:hmt:vaimg.VA107VN-0610@0.4595,0.5207,0.4154,0.0353"
urn:cts:greekLit:tlg0012.tlg001.msA:8.365,"urn:cite:hmt:vaimg.VA107VN-0610@0.4505,0.544,0.4024,0.0331"
urn:cts:greekLit:tlg0012.tlg001.msA:8.366,"urn:cite:hmt:vaimg.VA107VN-0610@0.4515,0.562,0.4054,0.0346"
urn:cts:greekLit:tlg0012.tlg001.msA:8.367,"urn:cite:hmt:vaimg.VA107VN-0610@0.4555,0.58,0.3784,0.0361"
urn:cts:greekLit:tlg0012.tlg001.msA:8.368,"urn:cite:hmt:vaimg.VA107VN-0610@0.4444,0.5965,0.3684,0.0428"
urn:cts:greekLit:tlg0012.tlg001.msA:8.369,"urn:cite:hmt:vaimg.VA107VN-0610@0.4575,0.6131,0.3984,0.0398"
urn:cts:greekLit:tlg0012.tlg001.msA:8.370,"urn:cite:hmt:vaimg.VA107VN-0610@0.4595,0.6311,0.4054,0.0428"
urn:cts:greekLit:tlg0012.tlg001.msA:8.371,"urn:cite:hmt:vaimg.VA107VN-0610@0.4414,0.6506,0.3954,0.0383"
urn:cts:greekLit:tlg0012.tlg001.msA:8.372,"urn:cite:hmt:vaimg.VA107VN-0610@0.4434,0.6702,0.3984,0.0406"
urn:cts:greekLit:tlg0012.tlg001.msA:8.373,"urn:cite:hmt:vaimg.VA107VN-0610@0.4525,0.6905,0.3984,0.0346"
urn:cts:greekLit:tlg0012.tlg001.msA:8.374,"urn:cite:hmt:vaimg.VA108RN-0280@0.1942,0.2284,0.3964,0.0285"
urn:cts:greekLit:tlg0012.tlg001.msA:8.375,"urn:cite:hmt:vaimg.VA108RN-0280@0.1932,0.2479,0.3764,0.0346"
urn:cts:greekLit:tlg0012.tlg001.msA:8.376,"urn:cite:hmt:vaimg.VA108RN-0280@0.1912,0.2697,0.4144,0.0323"
urn:cts:greekLit:tlg0012.tlg001.msA:8.377,"urn:cite:hmt:vaimg.VA108RN-0280@0.1762,0.287,0.3964,0.0308"
urn:cts:greekLit:tlg0012.tlg001.msA:8.378,"urn:cite:hmt:vaimg.VA108RN-0280@0.1732,0.3043,0.4244,0.0346"
urn:cts:greekLit:tlg0012.tlg001.msA:8.379,"urn:cite:hmt:vaimg.VA108RN-0280@0.1882,0.3238,0.3754,0.0316"
urn:cts:greekLit:tlg0012.tlg001.msA:8.380,"urn:cite:hmt:vaimg.VA108RN-0280@0.1822,0.3411,0.4174,0.0398"
urn:cts:greekLit:tlg0012.tlg001.msA:8.381,"urn:cite:hmt:vaimg.VA108RN-0280@0.1852,0.3599,0.4144,0.0383"
urn:cts:greekLit:tlg0012.tlg001.msA:8.382,"urn:cite:hmt:vaimg.VA108RN-0280@0.1872,0.3817,0.4404,0.0316"
urn:cts:greekLit:tlg0012.tlg001.msA:8.383,"urn:cite:hmt:vaimg.VA108RN-0280@0.1832,0.3997,0.3984,0.0338"
urn:cts:greekLit:tlg0012.tlg001.msA:8.384,"urn:cite:hmt:vaimg.VA108RN-0280@0.1832,0.4207,0.3403,0.0346"
urn:cts:greekLit:tlg0012.tlg001.msA:8.385,"urn:cite:hmt:vaimg.VA108RN-0280@0.1622,0.438,0.4525,0.0391"
urn:cts:greekLit:tlg0012.tlg001.msA:8.386,"urn:cite:hmt:vaimg.VA108RN-0280@0.1592,0.4591,0.4434,0.0353"
urn:cts:greekLit:tlg0012.tlg001.msA:8.387,"urn:cite:hmt:vaimg.VA108RN-0280@0.1562,0.4771,0.4084,0.0331"
urn:cts:greekLit:tlg0012.tlg001.msA:8.388,"urn:cite:hmt:vaimg.VA108RN-0280@0.1752,0.4966,0.4084,0.0331"
urn:cts:greekLit:tlg0012.tlg001.msA:8.389,"urn:cite:hmt:vaimg.VA108RN-0280@0.1802,0.5139,0.4094,0.0398"
urn:cts:greekLit:tlg0012.tlg001.msA:8.390,"urn:cite:hmt:vaimg.VA108RN-0280@0.1532,0.5342,0.4635,0.0383"
urn:cts:greekLit:tlg0012.tlg001.msA:8.391,"urn:cite:hmt:vaimg.VA108RN-0280@0.1542,0.5545,0.4044,0.0301"
urn:cts:greekLit:tlg0012.tlg001.msA:8.392,"urn:cite:hmt:vaimg.VA108RN-0280@0.1782,0.5725,0.3884,0.0338"
urn:cts:greekLit:tlg0012.tlg001.msA:8.393,"urn:cite:hmt:vaimg.VA108RN-0280@0.1622,0.5928,0.4484,0.0331"
urn:cts:greekLit:tlg0012.tlg001.msA:8.394,"urn:cite:hmt:vaimg.VA108RN-0280@0.1752,0.6123,0.4264,0.0308"
urn:cts:greekLit:tlg0012.tlg001.msA:8.395,"urn:cite:hmt:vaimg.VA108RN-0280@0.1792,0.6319,0.4264,0.0308"
urn:cts:greekLit:tlg0012.tlg001.msA:8.396,"urn:cite:hmt:vaimg.VA108RN-0280@0.1742,0.6506,0.4264,0.0308"
urn:cts:greekLit:tlg0012.tlg001.msA:8.397,"urn:cite:hmt:vaimg.VA108RN-0280@0.1752,0.6687,0.4414,0.0368"
urn:cts:greekLit:tlg0012.tlg001.msA:8.398,"urn:cite:hmt:vaimg.VA108RN-0280@0.1722,0.689,0.3754,0.0338"
urn:cts:greekLit:tlg0012.tlg001.msA:8.399,"urn:cite:hmt:vaimg.VA108RN-0280@0.1632,0.7062,0.4454,0.0353"
urn:cts:greekLit:tlg0012.tlg001.msA:8.400,"urn:cite:hmt:vaimg.VA108VN-0611@0.4665,0.2382,0.3744,0.0338"
urn:cts:greekLit:tlg0012.tlg001.msA:8.401,"urn:cite:hmt:vaimg.VA108VN-0611@0.4665,0.2585,0.3473,0.0331"
urn:cts:greekLit:tlg0012.tlg001.msA:8.402,"urn:cite:hmt:vaimg.VA108VN-0611@0.4695,0.2757,0.3784,0.0383"
urn:cts:greekLit:tlg0012.tlg001.msA:8.403,"urn:cite:hmt:vaimg.VA108VN-0611@0.4715,0.2968,0.3984,0.0316"
urn:cts:greekLit:tlg0012.tlg001.msA:8.404,"urn:cite:hmt:vaimg.VA108VN-0611@0.4695,0.3156,0.4064,0.0301"
urn:cts:greekLit:tlg0012.tlg001.msA:8.405,"urn:cite:hmt:vaimg.VA108VN-0611@0.4675,0.3358,0.4194,0.0308"
urn:cts:greekLit:tlg0012.tlg001.msA:8.406,"urn:cite:hmt:vaimg.VA108VN-0611@0.4585,0.3569,0.4284,0.0338"
urn:cts:greekLit:tlg0012.tlg001.msA:8.407,"urn:cite:hmt:vaimg.VA108VN-0611@0.4545,0.3742,0.4154,0.0353"
urn:cts:greekLit:tlg0012.tlg001.msA:8.408,"urn:cite:hmt:vaimg.VA108VN-0611@0.4545,0.3944,0.3764,0.0323"
urn:cts:greekLit:tlg0012.tlg001.msA:8.409,"urn:cite:hmt:vaimg.VA108VN-0611@0.4655,0.4132,0.3624,0.0301"
urn:cts:greekLit:tlg0012.tlg001.msA:8.410,"urn:cite:hmt:vaimg.VA108VN-0611@0.4649,0.8037,0.3423,0.0352"
urn:cts:greekLit:tlg0012.tlg001.msA:8.411,"urn:cite:hmt:vaimg.VA108VN-0611@0.4595,0.4313,0.3614,0.0338"
urn:cts:greekLit:tlg0012.tlg001.msA:8.412,"urn:cite:hmt:vaimg.VA108VN-0611@0.4725,0.4493,0.3984,0.0331"
urn:cts:greekLit:tlg0012.tlg001.msA:8.413,"urn:cite:hmt:vaimg.VA108VN-0611@0.4675,0.4688,0.4054,0.0331"
urn:cts:greekLit:tlg0012.tlg001.msA:8.414,"urn:cite:hmt:vaimg.VA108VN-0611@0.4755,0.4891,0.3964,0.0316"
urn:cts:greekLit:tlg0012.tlg001.msA:8.415,"urn:cite:hmt:vaimg.VA108VN-0611@0.4745,0.5071,0.4024,0.0308"
urn:cts:greekLit:tlg0012.tlg001.msA:8.416,"urn:cite:hmt:vaimg.VA108VN-0611@0.4735,0.5267,0.4114,0.0323"
urn:cts:greekLit:tlg0012.tlg001.msA:8.417,"urn:cite:hmt:vaimg.VA108VN-0611@0.4785,0.544,0.4204,0.0323"
urn:cts:greekLit:tlg0012.tlg001.msA:8.418,"urn:cite:hmt:vaimg.VA108VN-0611@0.4775,0.5605,0.4194,0.0346"
urn:cts:greekLit:tlg0012.tlg001.msA:8.419,"urn:cite:hmt:vaimg.VA108VN-0611@0.4785,0.58,0.4204,0.0376"
urn:cts:greekLit:tlg0012.tlg001.msA:8.420,"urn:cite:hmt:vaimg.VA108VN-0611@0.4575,0.5995,0.4304,0.0376"
urn:cts:greekLit:tlg0012.tlg001.msA:8.421,"urn:cite:hmt:vaimg.VA108VN-0611@0.4545,0.6191,0.4154,0.0361"
urn:cts:greekLit:tlg0012.tlg001.msA:8.422,"urn:cite:hmt:vaimg.VA108VN-0611@0.4505,0.6379,0.3844,0.0383"
urn:cts:greekLit:tlg0012.tlg001.msA:8.423,"urn:cite:hmt:vaimg.VA108VN-0611@0.4535,0.6551,0.4084,0.0398"
urn:cts:greekLit:tlg0012.tlg001.msA:8.424,"urn:cite:hmt:vaimg.VA108VN-0611@0.4535,0.6739,0.4134,0.0376"
urn:cts:greekLit:tlg0012.tlg001.msA:8.425,"urn:cite:hmt:vaimg.VA108VN-0611@0.4725,0.6942,0.4104,0.0346"
urn:cts:greekLit:tlg0012.tlg001.msA:8.426,"urn:cite:hmt:vaimg.VA109RN-0281@0.1882,0.2254,0.3754,0.0338"
urn:cts:greekLit:tlg0012.tlg001.msA:8.427,"urn:cite:hmt:vaimg.VA109RN-0281@0.1802,0.2442,0.3824,0.0398"
urn:cts:greekLit:tlg0012.tlg001.msA:8.428,"urn:cite:hmt:vaimg.VA109RN-0281@0.1762,0.2697,0.4214,0.0346"
urn:cts:greekLit:tlg0012.tlg001.msA:8.429,"urn:cite:hmt:vaimg.VA109RN-0281@0.1832,0.2908,0.3974,0.0293"
urn:cts:greekLit:tlg0012.tlg001.msA:8.430,"urn:cite:hmt:vaimg.VA109RN-0281@0.1892,0.3088,0.4244,0.0346"
urn:cts:greekLit:tlg0012.tlg001.msA:8.431,"urn:cite:hmt:vaimg.VA109RN-0281@0.1842,0.3253,0.4094,0.0346"
urn:cts:greekLit:tlg0012.tlg001.msA:8.432,"urn:cite:hmt:vaimg.VA109RN-0281@0.1832,0.3441,0.4535,0.0383"
urn:cts:greekLit:tlg0012.tlg001.msA:8.433,"urn:cite:hmt:vaimg.VA109RN-0281@0.1892,0.3666,0.4294,0.0361"
urn:cts:greekLit:tlg0012.tlg001.msA:8.434,"urn:cite:hmt:vaimg.VA109RN-0281@0.1892,0.3869,0.4344,0.0308"
urn:cts:greekLit:tlg0012.tlg001.msA:8.435,"urn:cite:hmt:vaimg.VA109RN-0281@0.1712,0.4035,0.4675,0.0346"
urn:cts:greekLit:tlg0012.tlg001.msA:8.436,"urn:cite:hmt:vaimg.VA109RN-0281@0.1842,0.4237,0.3944,0.0323"
urn:cts:greekLit:tlg0012.tlg001.msA:8.437,"urn:cite:hmt:vaimg.VA109RN-0281@0.1862,0.441,0.3944,0.0323"
urn:cts:greekLit:tlg0012.tlg001.msA:8.438,"urn:cite:hmt:vaimg.VA109RN-0281@0.1862,0.4636,0.4274,0.0338"
urn:cts:greekLit:tlg0012.tlg001.msA:8.439,"urn:cite:hmt:vaimg.VA109RN-0281@0.1702,0.4808,0.4274,0.0338"
urn:cts:greekLit:tlg0012.tlg001.msA:8.440,"urn:cite:hmt:vaimg.VA109RN-0281@0.1832,0.5011,0.4274,0.0338"
urn:cts:greekLit:tlg0012.tlg001.msA:8.441,"urn:cite:hmt:vaimg.VA109RN-0281@0.1732,0.5177,0.4404,0.0346"
urn:cts:greekLit:tlg0012.tlg001.msA:8.442,"urn:cite:hmt:vaimg.VA109RN-0281@0.1852,0.5394,0.3874,0.0323"
urn:cts:greekLit:tlg0012.tlg001.msA:8.443,"urn:cite:hmt:vaimg.VA109RN-0281@0.1862,0.5545,0.4274,0.0391"
urn:cts:greekLit:tlg0012.tlg001.msA:8.444,"urn:cite:hmt:vaimg.VA109RN-0281@0.1722,0.5778,0.3794,0.0323"
urn:cts:greekLit:tlg0012.tlg001.msA:8.445,"urn:cite:hmt:vaimg.VA109RN-0281@0.1852,0.5943,0.3794,0.0323"
urn:cts:greekLit:tlg0012.tlg001.msA:8.446,"urn:cite:hmt:vaimg.VA109RN-0281@0.1852,0.6138,0.3594,0.0331"
urn:cts:greekLit:tlg0012.tlg001.msA:8.447,"urn:cite:hmt:vaimg.VA109RN-0281@0.1772,0.6296,0.3674,0.0353"
urn:cts:greekLit:tlg0012.tlg001.msA:8.448,"urn:cite:hmt:vaimg.VA109RN-0281@0.1642,0.6551,0.4224,0.0308"
urn:cts:greekLit:tlg0012.tlg001.msA:8.449,"urn:cite:hmt:vaimg.VA109RN-0281@0.1812,0.6739,0.3914,0.0323"
urn:cts:greekLit:tlg0012.tlg001.msA:8.450,"urn:cite:hmt:vaimg.VA109RN-0281@0.1762,0.6935,0.4064,0.0353"
urn:cts:greekLit:tlg0012.tlg001.msA:8.451,"urn:cite:hmt:vaimg.VA109VN-0612@0.4855,0.2344,0.3644,0.0323"
urn:cts:greekLit:tlg0012.tlg001.msA:8.452,"urn:cite:hmt:vaimg.VA109VN-0612@0.4835,0.26,0.3794,0.0285"
urn:cts:greekLit:tlg0012.tlg001.msA:8.453,"urn:cite:hmt:vaimg.VA109VN-0612@0.4795,0.2795,0.3894,0.0285"
urn:cts:greekLit:tlg0012.tlg001.msA:8.454,"urn:cite:hmt:vaimg.VA109VN-0612@0.4815,0.2968,0.3664,0.0285"
urn:cts:greekLit:tlg0012.tlg001.msA:8.455,"urn:cite:hmt:vaimg.VA109VN-0612@0.4715,0.3193,0.4014,0.0285"
urn:cts:greekLit:tlg0012.tlg001.msA:8.456,"urn:cite:hmt:vaimg.VA109VN-0612@0.4805,0.3358,0.3914,0.0308"
urn:cts:greekLit:tlg0012.tlg001.msA:8.457,"urn:cite:hmt:vaimg.VA109VN-0612@0.4745,0.3539,0.3914,0.0308"
urn:cts:greekLit:tlg0012.tlg001.msA:8.458,"urn:cite:hmt:vaimg.VA109VN-0612@0.4875,0.3757,0.3914,0.0308"
urn:cts:greekLit:tlg0012.tlg001.msA:8.459,"urn:cite:hmt:vaimg.VA109VN-0612@0.4725,0.3959,0.3463,0.027"
urn:cts:greekLit:tlg0012.tlg001.msA:8.460,"urn:cite:hmt:vaimg.VA109VN-0612@0.4805,0.4132,0.3934,0.0316"
urn:cts:greekLit:tlg0012.tlg001.msA:8.461,"urn:cite:hmt:vaimg.VA109VN-0612@0.4835,0.4305,0.3934,0.0316"
urn:cts:greekLit:tlg0012.tlg001.msA:8.462,"urn:cite:hmt:vaimg.VA109VN-0612@0.4765,0.4508,0.3674,0.0316"
urn:cts:greekLit:tlg0012.tlg001.msA:8.463,"urn:cite:hmt:vaimg.VA109VN-0612@0.4655,0.4673,0.4324,0.0316"
urn:cts:greekLit:tlg0012.tlg001.msA:8.464,"urn:cite:hmt:vaimg.VA109VN-0612@0.4635,0.4876,0.3874,0.0316"
urn:cts:greekLit:tlg0012.tlg001.msA:8.465,"urn:cite:hmt:vaimg.VA109VN-0612@0.4615,0.5056,0.4004,0.0316"
urn:cts:greekLit:tlg0012.tlg001.msA:8.469,"urn:cite:hmt:vaimg.VA109VN-0612@0.4785,0.5199,0.4214,0.0346"
urn:cts:greekLit:tlg0012.tlg001.msA:8.470,"urn:cite:hmt:vaimg.VA109VN-0612@0.4715,0.5417,0.3914,0.0301"
urn:cts:greekLit:tlg0012.tlg001.msA:8.471,"urn:cite:hmt:vaimg.VA109VN-0612@0.4785,0.5627,0.3524,0.0301"
urn:cts:greekLit:tlg0012.tlg001.msA:8.472,"urn:cite:hmt:vaimg.VA109VN-0612@0.4835,0.5808,0.3654,0.0301"
urn:cts:greekLit:tlg0012.tlg001.msA:8.473,"urn:cite:hmt:vaimg.VA109VN-0612@0.4835,0.5995,0.3984,0.0346"
urn:cts:greekLit:tlg0012.tlg001.msA:8.474,"urn:cite:hmt:vaimg.VA109VN-0612@0.4825,0.6206,0.3754,0.0331"
urn:cts:greekLit:tlg0012.tlg001.msA:8.475,"urn:cite:hmt:vaimg.VA109VN-0612@0.4575,0.6394,0.4304,0.0316"
urn:cts:greekLit:tlg0012.tlg001.msA:8.476,"urn:cite:hmt:vaimg.VA109VN-0612@0.4515,0.6604,0.4374,0.0255"
urn:cts:greekLit:tlg0012.tlg001.msA:8.477,"urn:cite:hmt:vaimg.VA109VN-0612@0.4785,0.6799,0.3934,0.0316"
urn:cts:greekLit:tlg0012.tlg001.msA:8.478,"urn:cite:hmt:vaimg.VA109VN-0612@0.4755,0.6965,0.4104,0.0346"
urn:cts:greekLit:tlg0012.tlg001.msA:8.479,"urn:cite:hmt:vaimg.VA110RN-0282@0.1942,0.2261,0.3734,0.0316"
urn:cts:greekLit:tlg0012.tlg001.msA:8.480,"urn:cite:hmt:vaimg.VA110RN-0282@0.1932,0.2472,0.3473,0.0301"
urn:cts:greekLit:tlg0012.tlg001.msA:8.481,"urn:cite:hmt:vaimg.VA110RN-0282@0.1892,0.2667,0.4384,0.0301"
urn:cts:greekLit:tlg0012.tlg001.msA:8.482,"urn:cite:hmt:vaimg.VA110RN-0282@0.1922,0.284,0.3984,0.0316"
urn:cts:greekLit:tlg0012.tlg001.msA:8.483,"urn:cite:hmt:vaimg.VA110RN-0282@0.1932,0.305,0.4144,0.0255"
urn:cts:greekLit:tlg0012.tlg001.msA:8.484,"urn:cite:hmt:vaimg.VA110RN-0282@0.1902,0.3223,0.4204,0.0308"
urn:cts:greekLit:tlg0012.tlg001.msA:8.485,"urn:cite:hmt:vaimg.VA110RN-0282@0.1792,0.3403,0.4204,0.0308"
urn:cts:greekLit:tlg0012.tlg001.msA:8.486,"urn:cite:hmt:vaimg.VA110RN-0282@0.1912,0.3621,0.4244,0.0308"
urn:cts:greekLit:tlg0012.tlg001.msA:8.487,"urn:cite:hmt:vaimg.VA110RN-0282@0.1832,0.3824,0.4414,0.0308"
urn:cts:greekLit:tlg0012.tlg001.msA:8.488,"urn:cite:hmt:vaimg.VA110RN-0282@0.1712,0.402,0.4324,0.0308"
urn:cts:greekLit:tlg0012.tlg001.msA:8.489,"urn:cite:hmt:vaimg.VA110RN-0282@0.1862,0.4207,0.4384,0.0308"
urn:cts:greekLit:tlg0012.tlg001.msA:8.490,"urn:cite:hmt:vaimg.VA110RN-0282@0.1882,0.438,0.3934,0.0308"
urn:cts:greekLit:tlg0012.tlg001.msA:8.491,"urn:cite:hmt:vaimg.VA110RN-0282@0.1752,0.4553,0.4404,0.0308"
urn:cts:greekLit:tlg0012.tlg001.msA:8.492,"urn:cite:hmt:vaimg.VA110RN-0282@0.1802,0.4756,0.4404,0.0308"
urn:cts:greekLit:tlg0012.tlg001.msA:8.493,"urn:cite:hmt:vaimg.VA110RN-0282@0.1612,0.4944,0.4464,0.0316"
urn:cts:greekLit:tlg0012.tlg001.msA:8.494,"urn:cite:hmt:vaimg.VA110RN-0282@0.1602,0.5147,0.4655,0.0346"
urn:cts:greekLit:tlg0012.tlg001.msA:8.495,"urn:cite:hmt:vaimg.VA110RN-0282@0.1612,0.5364,0.4515,0.0301"
urn:cts:greekLit:tlg0012.tlg001.msA:8.496,"urn:cite:hmt:vaimg.VA110RN-0282@0.1762,0.556,0.4184,0.027"
urn:cts:greekLit:tlg0012.tlg001.msA:8.497,"urn:cite:hmt:vaimg.VA110RN-0282@0.1722,0.5702,0.4484,0.0353"
urn:cts:greekLit:tlg0012.tlg001.msA:8.498,"urn:cite:hmt:vaimg.VA110RN-0282@0.1812,0.592,0.3964,0.0316"
urn:cts:greekLit:tlg0012.tlg001.msA:8.499,"urn:cite:hmt:vaimg.VA110RN-0282@0.1742,0.6086,0.4084,0.0346"
urn:cts:greekLit:tlg0012.tlg001.msA:8.500,"urn:cite:hmt:vaimg.VA110RN-0282@0.1822,0.6281,0.4264,0.0338"
urn:cts:greekLit:tlg0012.tlg001.msA:8.501,"urn:cite:hmt:vaimg.VA110RN-0282@0.1652,0.6476,0.4054,0.0316"
urn:cts:greekLit:tlg0012.tlg001.msA:8.502,"urn:cite:hmt:vaimg.VA110RN-0282@0.1782,0.6657,0.4254,0.0293"
urn:cts:greekLit:tlg0012.tlg001.msA:8.503,"urn:cite:hmt:vaimg.VA110RN-0282@0.1732,0.6867,0.4575,0.0368"
urn:cts:greekLit:tlg0012.tlg001.msA:8.504,"urn:cite:hmt:vaimg.VA110VN-0613@0.4695,0.2322,0.4124,0.0316"
urn:cts:greekLit:tlg0012.tlg001.msA:8.505,"urn:cite:hmt:vaimg.VA110VN-0613@0.4545,0.2577,0.3914,0.0316"
urn:cts:greekLit:tlg0012.tlg001.msA:8.506,"urn:cite:hmt:vaimg.VA110VN-0613@0.4675,0.2787,0.3914,0.0248"
urn:cts:greekLit:tlg0012.tlg001.msA:8.507,"urn:cite:hmt:vaimg.VA110VN-0613@0.4685,0.2968,0.3974,0.027"
urn:cts:greekLit:tlg0012.tlg001.msA:8.508,"urn:cite:hmt:vaimg.VA110VN-0613@0.4705,0.3148,0.3714,0.027"
urn:cts:greekLit:tlg0012.tlg001.msA:8.509,"urn:cite:hmt:vaimg.VA110VN-0613@0.4685,0.3276,0.4164,0.0323"
urn:cts:greekLit:tlg0012.tlg001.msA:8.510,"urn:cite:hmt:vaimg.VA110VN-0613@0.4715,0.3501,0.4014,0.0323"
urn:cts:greekLit:tlg0012.tlg001.msA:8.511,"urn:cite:hmt:vaimg.VA110VN-0613@0.4685,0.3704,0.4134,0.0331"
urn:cts:greekLit:tlg0012.tlg001.msA:8.512,"urn:cite:hmt:vaimg.VA110VN-0613@0.4595,0.3877,0.3884,0.0331"
urn:cts:greekLit:tlg0012.tlg001.msA:8.513,"urn:cite:hmt:vaimg.VA110VN-0613@0.4565,0.4057,0.3984,0.0316"
urn:cts:greekLit:tlg0012.tlg001.msA:8.514,"urn:cite:hmt:vaimg.VA110VN-0613@0.4695,0.4267,0.3283,0.0316"
urn:cts:greekLit:tlg0012.tlg001.msA:8.515,"urn:cite:hmt:vaimg.VA110VN-0613@0.4655,0.441,0.4064,0.0316"
urn:cts:greekLit:tlg0012.tlg001.msA:8.516,"urn:cite:hmt:vaimg.VA110VN-0613@0.4655,0.4613,0.4354,0.0323"
urn:cts:greekLit:tlg0012.tlg001.msA:8.517,"urn:cite:hmt:vaimg.VA110VN-0613@0.4535,0.4816,0.4074,0.0323"
urn:cts:greekLit:tlg0012.tlg001.msA:8.518,"urn:cite:hmt:vaimg.VA110VN-0613@0.4655,0.5019,0.4224,0.0285"
urn:cts:greekLit:tlg0012.tlg001.msA:8.519,"urn:cite:hmt:vaimg.VA110VN-0613@0.4565,0.5229,0.4104,0.0285"
urn:cts:greekLit:tlg0012.tlg001.msA:8.520,"urn:cite:hmt:vaimg.VA110VN-0613@0.4685,0.5394,0.4094,0.0323"
urn:cts:greekLit:tlg0012.tlg001.msA:8.521,"urn:cite:hmt:vaimg.VA110VN-0613@0.4635,0.5582,0.4214,0.0323"
urn:cts:greekLit:tlg0012.tlg001.msA:8.522,"urn:cite:hmt:vaimg.VA110VN-0613@0.4715,0.5778,0.4074,0.0316"
urn:cts:greekLit:tlg0012.tlg001.msA:8.523,"urn:cite:hmt:vaimg.VA110VN-0613@0.4685,0.5965,0.3744,0.0301"
urn:cts:greekLit:tlg0012.tlg001.msA:8.524,"urn:cite:hmt:vaimg.VA110VN-0613@0.4474,0.6153,0.4074,0.0331"
urn:cts:greekLit:tlg0012.tlg001.msA:8.525,"urn:cite:hmt:vaimg.VA110VN-0613@0.4505,0.6319,0.4224,0.0346"
urn:cts:greekLit:tlg0012.tlg001.msA:8.526,"urn:cite:hmt:vaimg.VA110VN-0613@0.4655,0.6514,0.4094,0.0353"
urn:cts:greekLit:tlg0012.tlg001.msA:8.527,"urn:cite:hmt:vaimg.VA110VN-0613@0.4725,0.6694,0.4054,0.0398"
urn:cts:greekLit:tlg0012.tlg001.msA:8.528,"urn:cite:hmt:vaimg.VA110VN-0613@0.4505,0.6882,0.4054,0.0398"
urn:cts:greekLit:tlg0012.tlg001.msA:8.529,"urn:cite:hmt:vaimg.VA111RN-0283@0.2022,0.2269,0.4234,0.0338"
urn:cts:greekLit:tlg0012.tlg001.msA:8.530,"urn:cite:hmt:vaimg.VA111RN-0283@0.1972,0.2487,0.4044,0.0391"
urn:cts:greekLit:tlg0012.tlg001.msA:8.531,"urn:cite:hmt:vaimg.VA111RN-0283@0.2012,0.2735,0.4284,0.0338"
urn:cts:greekLit:tlg0012.tlg001.msA:8.532,"urn:cite:hmt:vaimg.VA111RN-0283@0.1872,0.29,0.4555,0.0331"
urn:cts:greekLit:tlg0012.tlg001.msA:8.533,"urn:cite:hmt:vaimg.VA111RN-0283@0.2002,0.3095,0.4244,0.0323"
urn:cts:greekLit:tlg0012.tlg001.msA:8.534,"urn:cite:hmt:vaimg.VA111RN-0283@0.1982,0.3298,0.4364,0.0338"
urn:cts:greekLit:tlg0012.tlg001.msA:8.535,"urn:cite:hmt:vaimg.VA111RN-0283@0.1862,0.3479,0.4214,0.0346"
urn:cts:greekLit:tlg0012.tlg001.msA:8.536,"urn:cite:hmt:vaimg.VA111RN-0283@0.1862,0.3651,0.4214,0.0346"
urn:cts:greekLit:tlg0012.tlg001.msA:8.537,"urn:cite:hmt:vaimg.VA111RN-0283@0.1852,0.3854,0.4214,0.0346"
urn:cts:greekLit:tlg0012.tlg001.msA:8.538,"urn:cite:hmt:vaimg.VA111RN-0283@0.1852,0.4035,0.4094,0.0368"
urn:cts:greekLit:tlg0012.tlg001.msA:8.539,"urn:cite:hmt:vaimg.VA111RN-0283@0.1852,0.4207,0.4124,0.0346"
urn:cts:greekLit:tlg0012.tlg001.msA:8.540,"urn:cite:hmt:vaimg.VA111RN-0283@0.1832,0.4418,0.4154,0.0316"
urn:cts:greekLit:tlg0012.tlg001.msA:8.541,"urn:cite:hmt:vaimg.VA111RN-0283@0.1922,0.4591,0.4104,0.0346"
urn:cts:greekLit:tlg0012.tlg001.msA:8.542,"urn:cite:hmt:vaimg.VA111RN-0283@0.1892,0.4771,0.4154,0.0353"
urn:cts:greekLit:tlg0012.tlg001.msA:8.543,"urn:cite:hmt:vaimg.VA111RN-0283@0.1892,0.4959,0.4154,0.0353"
urn:cts:greekLit:tlg0012.tlg001.msA:8.544,"urn:cite:hmt:vaimg.VA111RN-0283@0.1832,0.5124,0.4444,0.0368"
urn:cts:greekLit:tlg0012.tlg001.msA:8.545,"urn:cite:hmt:vaimg.VA111RN-0283@0.1842,0.5349,0.3884,0.0368"
urn:cts:greekLit:tlg0012.tlg001.msA:8.546,"urn:cite:hmt:vaimg.VA111RN-0283@0.1842,0.5537,0.4194,0.0391"
urn:cts:greekLit:tlg0012.tlg001.msA:8.547,"urn:cite:hmt:vaimg.VA111RN-0283@0.1892,0.5763,0.4304,0.0338"
urn:cts:greekLit:tlg0012.tlg001.msA:8.549,"urn:cite:hmt:vaimg.VA111RN-0283@0.1882,0.595,0.4434,0.0376"
urn:cts:greekLit:tlg0012.tlg001.msA:8.553,"urn:cite:hmt:vaimg.VA111RN-0283@0.1842,0.6153,0.4284,0.0353"
urn:cts:greekLit:tlg0012.tlg001.msA:8.554,"urn:cite:hmt:vaimg.VA111RN-0283@0.1842,0.6349,0.4204,0.0316"
urn:cts:greekLit:tlg0012.tlg001.msA:8.555,"urn:cite:hmt:vaimg.VA111RN-0283@0.1722,0.6536,0.4595,0.0331"
urn:cts:greekLit:tlg0012.tlg001.msA:8.556,"urn:cite:hmt:vaimg.VA111RN-0283@0.1852,0.6702,0.4464,0.0376"
urn:cts:greekLit:tlg0012.tlg001.msA:8.557,"urn:cite:hmt:vaimg.VA111RN-0283@0.1592,0.689,0.4665,0.0398"
urn:cts:greekLit:tlg0012.tlg001.msA:8.558,"urn:cite:hmt:vaimg.VA111VN-0614@0.4314,0.2412,0.4625,0.0278"
urn:cts:greekLit:tlg0012.tlg001.msA:8.559,"urn:cite:hmt:vaimg.VA111VN-0614@0.4625,0.263,0.4324,0.0285"
urn:cts:greekLit:tlg0012.tlg001.msA:8.560,"urn:cite:hmt:vaimg.VA111VN-0614@0.4464,0.281,0.3984,0.0301"
urn:cts:greekLit:tlg0012.tlg001.msA:8.561,"urn:cite:hmt:vaimg.VA111VN-0614@0.4605,0.3005,0.3984,0.0301"
urn:cts:greekLit:tlg0012.tlg001.msA:8.562,"urn:cite:hmt:vaimg.VA111VN-0614@0.4535,0.3178,0.4114,0.0316"
urn:cts:greekLit:tlg0012.tlg001.msA:8.563,"urn:cite:hmt:vaimg.VA111VN-0614@0.4695,0.3373,0.3984,0.0301"
urn:cts:greekLit:tlg0012.tlg001.msA:8.564,"urn:cite:hmt:vaimg.VA111VN-0614@0.4695,0.3546,0.3884,0.0331"
urn:cts:greekLit:tlg0012.tlg001.msA:8.565,"urn:cite:hmt:vaimg.VA111VN-0614@0.4675,0.3734,0.3884,0.0331"
