URN,ImageReference
urn:cts:greekLit:tlg0012.tlg001.msA:10.143,"urn:cite:hmt:vaimg.VA128VN-0631@0.491,0.5421,0.4218,0.0256"
urn:cts:greekLit:tlg0012.tlg001.msA:10.103,"urn:cite:hmt:vaimg.VA128RN-0300@0.1552,0.2434,0.4414,0.0301"
urn:cts:greekLit:tlg0012.tlg001.msA:10.109,"urn:cite:hmt:vaimg.VA128RN-0300@0.1542,0.3606,0.4024,0.0248"
urn:cts:greekLit:tlg0012.tlg001.msA:10.119,"urn:cite:hmt:vaimg.VA128RN-0300@0.1552,0.5507,0.4505,0.027"
urn:cts:greekLit:tlg0012.tlg001.msA:10.101,"urn:cite:hmt:vaimg.VA128RN-0300@0.1672,0.2051,0.4204,0.027"
urn:cts:greekLit:tlg0012.tlg001.msA:10.108,"urn:cite:hmt:vaimg.VA128RN-0300@0.1592,0.3418,0.4384,0.0263"
urn:cts:greekLit:tlg0012.tlg001.msA:10.116,"urn:cite:hmt:vaimg.VA128RN-0300@0.1421,0.4906,0.3894,0.0278"
urn:cts:greekLit:tlg0012.tlg001.msA:10.102,"urn:cite:hmt:vaimg.VA128RN-0300@0.1522,0.2269,0.4414,0.0263"
urn:cts:greekLit:tlg0012.tlg001.msA:10.104,"urn:cite:hmt:vaimg.VA128RN-0300@0.1481,0.2645,0.4414,0.0301"
urn:cts:greekLit:tlg0012.tlg001.msA:10.114,"urn:cite:hmt:vaimg.VA128RN-0300@0.1592,0.4538,0.3794,0.0278"
urn:cts:greekLit:tlg0012.tlg001.msA:10.105,"urn:cite:hmt:vaimg.VA128RN-0300@0.1451,0.2817,0.4414,0.0301"
urn:cts:greekLit:tlg0012.tlg001.msA:10.120,"urn:cite:hmt:vaimg.VA128RN-0300@0.1411,0.571,0.4635,0.024"
urn:cts:greekLit:tlg0012.tlg001.msA:10.121,"urn:cite:hmt:vaimg.VA128RN-0300@0.1592,0.5905,0.4334,0.0225"
urn:cts:greekLit:tlg0012.tlg001.msA:10.106,"urn:cite:hmt:vaimg.VA128RN-0300@0.1572,0.3013,0.4414,0.0308"
urn:cts:greekLit:tlg0012.tlg001.msA:10.146,"urn:cite:hmt:vaimg.VA128VN-0631@0.498,0.5988,0.4148,0.0248"
urn:cts:greekLit:tlg0012.tlg001.msA:10.107,"urn:cite:hmt:vaimg.VA128RN-0300@0.1552,0.3208,0.4134,0.0308"
urn:cts:greekLit:tlg0012.tlg001.msA:10.115,"urn:cite:hmt:vaimg.VA128RN-0300@0.1602,0.4748,0.4044,0.0225"
urn:cts:greekLit:tlg0012.tlg001.msA:10.122,"urn:cite:hmt:vaimg.VA128RN-0300@0.1632,0.6101,0.3704,0.024"
urn:cts:greekLit:tlg0012.tlg001.msA:10.123,"urn:cite:hmt:vaimg.VA128RN-0300@0.1632,0.6281,0.4394,0.0233"
urn:cts:greekLit:tlg0012.tlg001.msA:10.124,"urn:cite:hmt:vaimg.VA128RN-0300@0.1632,0.6476,0.4394,0.0233"
urn:cts:greekLit:tlg0012.tlg001.msA:10.142,"urn:cite:hmt:vaimg.VA128VN-0631@0.495,0.518,0.4098,0.0301"
urn:cts:greekLit:tlg0012.tlg001.msA:10.150,"urn:cite:hmt:vaimg.VA128VN-0631@0.501,0.6747,0.4008,0.0218"
urn:cts:greekLit:tlg0012.tlg001.msA:10.110,"urn:cite:hmt:vaimg.VA128RN-0300@0.1461,0.3794,0.4204,0.0248"
urn:cts:greekLit:tlg0012.tlg001.msA:10.117,"urn:cite:hmt:vaimg.VA128RN-0300@0.1451,0.5139,0.4234,0.0225"
urn:cts:greekLit:tlg0012.tlg001.msA:10.129,"urn:cite:hmt:vaimg.VA128VN-0631@0.4875,0.2825,0.3694,0.0218"
urn:cts:greekLit:tlg0012.tlg001.msA:10.132,"urn:cite:hmt:vaimg.VA128VN-0631@0.4935,0.3351,0.3994,0.0263"
urn:cts:greekLit:tlg0012.tlg001.msA:10.135,"urn:cite:hmt:vaimg.VA128VN-0631@0.4945,0.3922,0.4214,0.027"
urn:cts:greekLit:tlg0012.tlg001.msA:10.138,"urn:cite:hmt:vaimg.VA128VN-0631@0.4855,0.4485,0.3874,0.0293"
urn:cts:greekLit:tlg0012.tlg001.msA:10.139,"urn:cite:hmt:vaimg.VA128VN-0631@0.486,0.4647,0.4138,0.0323"
urn:cts:greekLit:tlg0012.tlg001.msA:10.111,"urn:cite:hmt:vaimg.VA128RN-0300@0.1562,0.3967,0.4104,0.027"
urn:cts:greekLit:tlg0012.tlg001.msA:10.118,"urn:cite:hmt:vaimg.VA128RN-0300@0.1421,0.5342,0.4575,0.021"
urn:cts:greekLit:tlg0012.tlg001.msA:10.125,"urn:cite:hmt:vaimg.VA128RN-0300@0.1602,0.6649,0.4525,0.0263"
urn:cts:greekLit:tlg0012.tlg001.msA:10.128,"urn:cite:hmt:vaimg.VA128VN-0631@0.4845,0.263,0.4084,0.024"
urn:cts:greekLit:tlg0012.tlg001.msA:10.131,"urn:cite:hmt:vaimg.VA128VN-0631@0.4875,0.3186,0.3784,0.0225"
urn:cts:greekLit:tlg0012.tlg001.msA:10.134,"urn:cite:hmt:vaimg.VA128VN-0631@0.4925,0.3734,0.3904,0.027"
urn:cts:greekLit:tlg0012.tlg001.msA:10.137,"urn:cite:hmt:vaimg.VA128VN-0631@0.4865,0.4282,0.3874,0.0293"
urn:cts:greekLit:tlg0012.tlg001.msA:10.145,"urn:cite:hmt:vaimg.VA128VN-0631@0.503,0.577,0.3948,0.0278"
urn:cts:greekLit:tlg0012.tlg001.msA:10.112,"urn:cite:hmt:vaimg.VA128RN-0300@0.1572,0.417,0.4104,0.0248"
urn:cts:greekLit:tlg0012.tlg001.msA:10.126,"urn:cite:hmt:vaimg.VA128VN-0631@0.4845,0.2224,0.4084,0.0233"
urn:cts:greekLit:tlg0012.tlg001.msA:10.147,"urn:cite:hmt:vaimg.VA128VN-0631@0.493,0.6168,0.3988,0.0255"
urn:cts:greekLit:tlg0012.tlg001.msA:10.113,"urn:cite:hmt:vaimg.VA128RN-0300@0.1562,0.4365,0.4304,0.0248"
urn:cts:greekLit:tlg0012.tlg001.msA:10.127,"urn:cite:hmt:vaimg.VA128VN-0631@0.4845,0.2449,0.4084,0.0233"
urn:cts:greekLit:tlg0012.tlg001.msA:10.130,"urn:cite:hmt:vaimg.VA128VN-0631@0.4915,0.3005,0.3694,0.0225"
urn:cts:greekLit:tlg0012.tlg001.msA:10.133,"urn:cite:hmt:vaimg.VA128VN-0631@0.4925,0.3561,0.4044,0.0248"
urn:cts:greekLit:tlg0012.tlg001.msA:10.136,"urn:cite:hmt:vaimg.VA128VN-0631@0.4925,0.414,0.4214,0.0233"
urn:cts:greekLit:tlg0012.tlg001.msA:10.141,"urn:cite:hmt:vaimg.VA128VN-0631@0.483,0.5053,0.3918,0.0278"
urn:cts:greekLit:tlg0012.tlg001.msA:10.149,"urn:cite:hmt:vaimg.VA128VN-0631@0.496,0.6544,0.4158,0.0263"
urn:cts:greekLit:tlg0012.tlg001.msA:10.140,"urn:cite:hmt:vaimg.VA128VN-0631@0.4749,0.485,0.4379,0.0256"
urn:cts:greekLit:tlg0012.tlg001.msA:10.148,"urn:cite:hmt:vaimg.VA128VN-0631@0.493,0.6341,0.4299,0.0301"
urn:cts:greekLit:tlg0012.tlg001.msA:10.144,"urn:cite:hmt:vaimg.VA128VN-0631@0.489,0.5594,0.3948,0.0278"
urn:cts:greekLit:tlg0012.tlg001.msA:10.403,"urn:cite:hmt:vaimg.VA134RN-0306@0.1752,0.2269,0.3874,0.0285"
urn:cts:greekLit:tlg0012.tlg001.msA:10.407,"urn:cite:hmt:vaimg.VA134RN-0306@0.1772,0.3013,0.4244,0.0263"
urn:cts:greekLit:tlg0012.tlg001.msA:10.418,"urn:cite:hmt:vaimg.VA134RN-0306@0.1682,0.5101,0.3954,0.0323"
urn:cts:greekLit:tlg0012.tlg001.msA:10.435,"urn:cite:hmt:vaimg.VA134VN-0636@0.5005,0.3839,0.3544,0.0263"
urn:cts:greekLit:tlg0012.tlg001.msA:10.444,"urn:cite:hmt:vaimg.VA134VN-0636@0.5045,0.5537,0.3664,0.0255"
urn:cts:greekLit:tlg0012.tlg001.msA:10.448,"urn:cite:hmt:vaimg.VA134VN-0636@0.5075,0.6289,0.3774,0.0255"
urn:cts:greekLit:tlg0012.tlg001.msA:10.402,"urn:cite:hmt:vaimg.VA134RN-0306@0.1812,0.2029,0.3624,0.0316"
urn:cts:greekLit:tlg0012.tlg001.msA:10.416,"urn:cite:hmt:vaimg.VA134RN-0306@0.1752,0.4726,0.4314,0.0308"
urn:cts:greekLit:tlg0012.tlg001.msA:10.417,"urn:cite:hmt:vaimg.VA134RN-0306@0.1712,0.4914,0.4204,0.0308"
urn:cts:greekLit:tlg0012.tlg001.msA:10.413,"urn:cite:hmt:vaimg.VA134RN-0306@0.1702,0.4185,0.4374,0.0308"
urn:cts:greekLit:tlg0012.tlg001.msA:10.429,"urn:cite:hmt:vaimg.VA134VN-0636@0.5025,0.2712,0.3664,0.0255"
urn:cts:greekLit:tlg0012.tlg001.msA:10.433,"urn:cite:hmt:vaimg.VA134VN-0636@0.5055,0.3479,0.3704,0.0263"
urn:cts:greekLit:tlg0012.tlg001.msA:10.449,"urn:cite:hmt:vaimg.VA134VN-0636@0.5065,0.6484,0.3794,0.0255"
urn:cts:greekLit:tlg0012.tlg001.msA:10.404,"urn:cite:hmt:vaimg.VA134RN-0306@0.1842,0.2464,0.3844,0.0263"
urn:cts:greekLit:tlg0012.tlg001.msA:10.405,"urn:cite:hmt:vaimg.VA134RN-0306@0.1832,0.263,0.3874,0.0301"
urn:cts:greekLit:tlg0012.tlg001.msA:10.422,"urn:cite:hmt:vaimg.VA134RN-0306@0.1672,0.5868,0.4154,0.0308"
urn:cts:greekLit:tlg0012.tlg001.msA:10.424,"urn:cite:hmt:vaimg.VA134RN-0306@0.1592,0.6243,0.4244,0.0285"
urn:cts:greekLit:tlg0012.tlg001.msA:10.409,"urn:cite:hmt:vaimg.VA134RN-0306@0.1552,0.3418,0.4324,0.0255"
urn:cts:greekLit:tlg0012.tlg001.msA:10.414,"urn:cite:hmt:vaimg.VA134RN-0306@0.1722,0.4358,0.3984,0.027"
urn:cts:greekLit:tlg0012.tlg001.msA:10.428,"urn:cite:hmt:vaimg.VA134VN-0636@0.4835,0.2539,0.3904,0.0233"
urn:cts:greekLit:tlg0012.tlg001.msA:10.443,"urn:cite:hmt:vaimg.VA134VN-0636@0.5025,0.5349,0.3734,0.0255"
urn:cts:greekLit:tlg0012.tlg001.msA:10.406,"urn:cite:hmt:vaimg.VA134RN-0306@0.1782,0.2847,0.4244,0.024"
urn:cts:greekLit:tlg0012.tlg001.msA:10.431,"urn:cite:hmt:vaimg.VA134VN-0636@0.5025,0.3095,0.3924,0.0233"
urn:cts:greekLit:tlg0012.tlg001.msA:10.407,"urn:cite:hmt:vaimg.VA134RN-0306@0.1772,0.3013,0.4244,0.0263"
urn:cts:greekLit:tlg0012.tlg001.msA:10.419,"urn:cite:hmt:vaimg.VA134RN-0306@0.1722,0.5327,0.3904,0.027"
urn:cts:greekLit:tlg0012.tlg001.msA:10.423,"urn:cite:hmt:vaimg.VA134RN-0306@0.1632,0.6078,0.4374,0.027"
urn:cts:greekLit:tlg0012.tlg001.msA:10.434,"urn:cite:hmt:vaimg.VA134VN-0636@0.4995,0.3674,0.3944,0.0263"
urn:cts:greekLit:tlg0012.tlg001.msA:10.441,"urn:cite:hmt:vaimg.VA134VN-0636@0.4995,0.4974,0.3724,0.0263"
urn:cts:greekLit:tlg0012.tlg001.msA:10.408,"urn:cite:hmt:vaimg.VA134RN-0306@0.1602,0.3223,0.4324,0.0293"
urn:cts:greekLit:tlg0012.tlg001.msA:10.410,"urn:cite:hmt:vaimg.VA134RN-0306@0.1562,0.3599,0.4494,0.0255"
urn:cts:greekLit:tlg0012.tlg001.msA:10.412,"urn:cite:hmt:vaimg.VA134RN-0306@0.1772,0.4005,0.4124,0.0233"
urn:cts:greekLit:tlg0012.tlg001.msA:10.415,"urn:cite:hmt:vaimg.VA134RN-0306@0.1722,0.4576,0.3984,0.0233"
urn:cts:greekLit:tlg0012.tlg001.msA:10.421,"urn:cite:hmt:vaimg.VA134RN-0306@0.1672,0.568,0.4104,0.0308"
urn:cts:greekLit:tlg0012.tlg001.msA:10.438,"urn:cite:hmt:vaimg.VA134VN-0636@0.5015,0.4425,0.3834,0.0263"
urn:cts:greekLit:tlg0012.tlg001.msA:10.440,"urn:cite:hmt:vaimg.VA134VN-0636@0.5015,0.4786,0.3974,0.0248"
urn:cts:greekLit:tlg0012.tlg001.msA:10.442,"urn:cite:hmt:vaimg.VA134VN-0636@0.5015,0.5162,0.3994,0.0255"
urn:cts:greekLit:tlg0012.tlg001.msA:10.446,"urn:cite:hmt:vaimg.VA134VN-0636@0.5055,0.592,0.4164,0.0248"
urn:cts:greekLit:tlg0012.tlg001.msA:10.411,"urn:cite:hmt:vaimg.VA134RN-0306@0.1532,0.3809,0.4244,0.024"
urn:cts:greekLit:tlg0012.tlg001.msA:10.426,"urn:cite:hmt:vaimg.VA134RN-0306@0.1572,0.6642,0.4114,0.027"
urn:cts:greekLit:tlg0012.tlg001.msA:10.430,"urn:cite:hmt:vaimg.VA134VN-0636@0.4815,0.29,0.4054,0.0255"
urn:cts:greekLit:tlg0012.tlg001.msA:10.439,"urn:cite:hmt:vaimg.VA134VN-0636@0.5005,0.4621,0.3914,0.0248"
urn:cts:greekLit:tlg0012.tlg001.msA:10.420,"urn:cite:hmt:vaimg.VA134RN-0306@0.1662,0.5507,0.4044,0.0285"
urn:cts:greekLit:tlg0012.tlg001.msA:10.425,"urn:cite:hmt:vaimg.VA134RN-0306@0.1632,0.6446,0.4004,0.0278"
urn:cts:greekLit:tlg0012.tlg001.msA:10.427,"urn:cite:hmt:vaimg.VA134VN-0636@0.4975,0.2299,0.4044,0.0285"
urn:cts:greekLit:tlg0012.tlg001.msA:10.432,"urn:cite:hmt:vaimg.VA134VN-0636@0.5045,0.3276,0.3614,0.0263"
urn:cts:greekLit:tlg0012.tlg001.msA:10.436,"urn:cite:hmt:vaimg.VA134VN-0636@0.4995,0.4035,0.3834,0.0263"
urn:cts:greekLit:tlg0012.tlg001.msA:10.437,"urn:cite:hmt:vaimg.VA134VN-0636@0.4995,0.4222,0.3834,0.0263"
urn:cts:greekLit:tlg0012.tlg001.msA:10.451,"urn:cite:hmt:vaimg.VA134VN-0636@0.5105,0.6844,0.3854,0.0255"
urn:cts:greekLit:tlg0012.tlg001.msA:10.445,"urn:cite:hmt:vaimg.VA134VN-0636@0.4955,0.574,0.3894,0.0248"
urn:cts:greekLit:tlg0012.tlg001.msA:10.447,"urn:cite:hmt:vaimg.VA134VN-0636@0.4865,0.6116,0.3724,0.0248"
urn:cts:greekLit:tlg0012.tlg001.msA:10.450,"urn:cite:hmt:vaimg.VA134VN-0636@0.5095,0.6649,0.3854,0.0255"
urn:cts:greekLit:tlg0012.tlg001.msA:10.1,"urn:cite:hmt:vaimg.VA126RN-0298@0.1451,0.1833,0.4474,0.0654"
urn:cts:greekLit:tlg0012.tlg001.msA:10.12,"urn:cite:hmt:vaimg.VA126RN-0298@0.165,0.4171,0.446,0.0255"
urn:cts:greekLit:tlg0012.tlg001.msA:10.19,"urn:cite:hmt:vaimg.VA126RN-0298@0.1672,0.55,0.4134,0.027"
urn:cts:greekLit:tlg0012.tlg001.msA:10.2,"urn:cite:hmt:vaimg.VA126RN-0298@0.19,0.2206,0.435,0.0315"
urn:cts:greekLit:tlg0012.tlg001.msA:10.5,"urn:cite:hmt:vaimg.VA126RN-0298@0.1642,0.284,0.4404,0.0225"
urn:cts:greekLit:tlg0012.tlg001.msA:10.21,"urn:cite:hmt:vaimg.VA126RN-0298@0.1732,0.5875,0.4074,0.027"
urn:cts:greekLit:tlg0012.tlg001.msA:10.3,"urn:cite:hmt:vaimg.VA126RN-0298@0.1802,0.2464,0.4114,0.0188"
urn:cts:greekLit:tlg0012.tlg001.msA:10.10,"urn:cite:hmt:vaimg.VA126RN-0298@0.1592,0.3779,0.4675,0.0285"
urn:cts:greekLit:tlg0012.tlg001.msA:10.4,"urn:cite:hmt:vaimg.VA126RN-0298@0.183,0.2618,0.435,0.0285"
urn:cts:greekLit:tlg0012.tlg001.msA:10.15,"urn:cite:hmt:vaimg.VA126RN-0298@0.1632,0.4726,0.4595,0.0255"
urn:cts:greekLit:tlg0012.tlg001.msA:10.6,"urn:cite:hmt:vaimg.VA126RN-0298@0.1822,0.3043,0.4434,0.0285"
urn:cts:greekLit:tlg0012.tlg001.msA:10.20,"urn:cite:hmt:vaimg.VA126RN-0298@0.16,0.5694,0.446,0.0255"
urn:cts:greekLit:tlg0012.tlg001.msA:10.24,"urn:cite:hmt:vaimg.VA126RN-0298@0.157,0.6452,0.446,0.0255"
urn:cts:greekLit:tlg0012.tlg001.msA:10.8,"urn:cite:hmt:vaimg.VA126RN-0298@0.1732,0.3403,0.4264,0.0263"
urn:cts:greekLit:tlg0012.tlg001.msA:10.7,"urn:cite:hmt:vaimg.VA126RN-0298@0.162,0.3203,0.455,0.0285"
urn:cts:greekLit:tlg0012.tlg001.msA:10.11,"urn:cite:hmt:vaimg.VA126RN-0298@0.1622,0.3967,0.4194,0.0278"
urn:cts:greekLit:tlg0012.tlg001.msA:10.18,"urn:cite:hmt:vaimg.VA126RN-0298@0.166,0.5319,0.446,0.0255"
urn:cts:greekLit:tlg0012.tlg001.msA:10.9,"urn:cite:hmt:vaimg.VA126RN-0298@0.1762,0.3554,0.4505,0.0338"
urn:cts:greekLit:tlg0012.tlg001.msA:10.13,"urn:cite:hmt:vaimg.VA126RN-0298@0.1752,0.4328,0.4484,0.0278"
urn:cts:greekLit:tlg0012.tlg001.msA:10.14,"urn:cite:hmt:vaimg.VA126RN-0298@0.167,0.4531,0.446,0.0255"
urn:cts:greekLit:tlg0012.tlg001.msA:10.22,"urn:cite:hmt:vaimg.VA126RN-0298@0.157,0.6077,0.446,0.0255"
urn:cts:greekLit:tlg0012.tlg001.msA:10.16,"urn:cite:hmt:vaimg.VA126RN-0298@0.164,0.4921,0.446,0.0255"
urn:cts:greekLit:tlg0012.tlg001.msA:10.23,"urn:cite:hmt:vaimg.VA126RN-0298@0.1642,0.6251,0.4434,0.0255"
urn:cts:greekLit:tlg0012.tlg001.msA:10.25,"urn:cite:hmt:vaimg.VA126RN-0298@0.1642,0.6627,0.4444,0.0301"
urn:cts:greekLit:tlg0012.tlg001.msA:10.17,"urn:cite:hmt:vaimg.VA126RN-0298@0.176,0.5105,0.396,0.027"
urn:cts:greekLit:tlg0012.tlg001.msA:10.26,"urn:cite:hmt:vaimg.VA126VN-0629@0.484,0.2179,0.409,0.0263"
urn:cts:greekLit:tlg0012.tlg001.msA:10.27,"urn:cite:hmt:vaimg.VA126VN-0629@0.484,0.2359,0.395,0.0263"
urn:cts:greekLit:tlg0012.tlg001.msA:10.28,"urn:cite:hmt:vaimg.VA126VN-0629@0.487,0.2577,0.416,0.0263"
urn:cts:greekLit:tlg0012.tlg001.msA:10.29,"urn:cite:hmt:vaimg.VA126VN-0629@0.487,0.275,0.416,0.0263"
urn:cts:greekLit:tlg0012.tlg001.msA:10.30,"urn:cite:hmt:vaimg.VA126VN-0629@0.483,0.2953,0.436,0.0263"
urn:cts:greekLit:tlg0012.tlg001.msA:10.31,"urn:cite:hmt:vaimg.VA126VN-0629@0.482,0.3125,0.402,0.0263"
urn:cts:greekLit:tlg0012.tlg001.msA:10.32,"urn:cite:hmt:vaimg.VA126VN-0629@0.489,0.3313,0.408,0.0263"
urn:cts:greekLit:tlg0012.tlg001.msA:10.33,"urn:cite:hmt:vaimg.VA126VN-0629@0.481,0.3516,0.351,0.0263"
urn:cts:greekLit:tlg0012.tlg001.msA:10.34,"urn:cite:hmt:vaimg.VA126VN-0629@0.482,0.3696,0.393,0.0248"
urn:cts:greekLit:tlg0012.tlg001.msA:10.35,"urn:cite:hmt:vaimg.VA126VN-0629@0.489,0.3892,0.409,0.0278"
urn:cts:greekLit:tlg0012.tlg001.msA:10.36,"urn:cite:hmt:vaimg.VA126VN-0629@0.485,0.4065,0.398,0.0278"
urn:cts:greekLit:tlg0012.tlg001.msA:10.37,"urn:cite:hmt:vaimg.VA126VN-0629@0.485,0.4275,0.398,0.0225"
urn:cts:greekLit:tlg0012.tlg001.msA:10.38,"urn:cite:hmt:vaimg.VA126VN-0629@0.481,0.447,0.414,0.0225"
urn:cts:greekLit:tlg0012.tlg001.msA:10.39,"urn:cite:hmt:vaimg.VA126VN-0629@0.485,0.4666,0.361,0.0225"
urn:cts:greekLit:tlg0012.tlg001.msA:10.40,"urn:cite:hmt:vaimg.VA126VN-0629@0.492,0.4801,0.404,0.0248"
urn:cts:greekLit:tlg0012.tlg001.msA:10.41,"urn:cite:hmt:vaimg.VA126VN-0629@0.491,0.5026,0.419,0.0248"
urn:cts:greekLit:tlg0012.tlg001.msA:10.42,"urn:cite:hmt:vaimg.VA126VN-0629@0.49,0.5229,0.419,0.0248"
urn:cts:greekLit:tlg0012.tlg001.msA:10.43,"urn:cite:hmt:vaimg.VA126VN-0629@0.488,0.5402,0.425,0.0248"
urn:cts:greekLit:tlg0012.tlg001.msA:10.44,"urn:cite:hmt:vaimg.VA126VN-0629@0.483,0.5605,0.388,0.0248"
urn:cts:greekLit:tlg0012.tlg001.msA:10.45,"urn:cite:hmt:vaimg.VA126VN-0629@0.492,0.5793,0.388,0.0248"
urn:cts:greekLit:tlg0012.tlg001.msA:10.46,"urn:cite:hmt:vaimg.VA126VN-0629@0.491,0.5958,0.406,0.0248"
urn:cts:greekLit:tlg0012.tlg001.msA:10.47,"urn:cite:hmt:vaimg.VA126VN-0629@0.493,0.6153,0.383,0.0248"
urn:cts:greekLit:tlg0012.tlg001.msA:10.48,"urn:cite:hmt:vaimg.VA126VN-0629@0.492,0.6334,0.394,0.0248"
urn:cts:greekLit:tlg0012.tlg001.msA:10.49,"urn:cite:hmt:vaimg.VA126VN-0629@0.495,0.6566,0.375,0.0248"
urn:cts:greekLit:tlg0012.tlg001.msA:10.50,"urn:cite:hmt:vaimg.VA126VN-0629@0.491,0.6717,0.356,0.0248"
urn:cts:greekLit:tlg0012.tlg001.msA:10.51,"urn:cite:hmt:vaimg.VA127RN-0299@0.1712,0.2104,0.3614,0.0263"
urn:cts:greekLit:tlg0012.tlg001.msA:10.52,"urn:cite:hmt:vaimg.VA127RN-0299@0.1722,0.2314,0.4194,0.0233"
urn:cts:greekLit:tlg0012.tlg001.msA:10.53,"urn:cite:hmt:vaimg.VA127RN-0299@0.1672,0.2479,0.3534,0.0233"
urn:cts:greekLit:tlg0012.tlg001.msA:10.54,"urn:cite:hmt:vaimg.VA127RN-0299@0.1672,0.266,0.3744,0.0263"
urn:cts:greekLit:tlg0012.tlg001.msA:10.55,"urn:cite:hmt:vaimg.VA127RN-0299@0.1632,0.284,0.3944,0.0263"
urn:cts:greekLit:tlg0012.tlg001.msA:10.56,"urn:cite:hmt:vaimg.VA127RN-0299@0.1642,0.3043,0.3994,0.0263"
urn:cts:greekLit:tlg0012.tlg001.msA:10.57,"urn:cite:hmt:vaimg.VA127RN-0299@0.1612,0.3246,0.3994,0.0263"
urn:cts:greekLit:tlg0012.tlg001.msA:10.58,"urn:cite:hmt:vaimg.VA127RN-0299@0.1602,0.3449,0.4074,0.0263"
urn:cts:greekLit:tlg0012.tlg001.msA:10.59,"urn:cite:hmt:vaimg.VA127RN-0299@0.1592,0.3621,0.4074,0.0263"
urn:cts:greekLit:tlg0012.tlg001.msA:10.60,"urn:cite:hmt:vaimg.VA127RN-0299@0.1622,0.3824,0.4134,0.0263"
urn:cts:greekLit:tlg0012.tlg001.msA:10.61,"urn:cite:hmt:vaimg.VA127RN-0299@0.1642,0.405,0.3964,0.0203"
urn:cts:greekLit:tlg0012.tlg001.msA:10.62,"urn:cite:hmt:vaimg.VA127RN-0299@0.1662,0.4207,0.4274,0.0263"
urn:cts:greekLit:tlg0012.tlg001.msA:10.63,"urn:cite:hmt:vaimg.VA127RN-0299@0.1622,0.4373,0.4154,0.0263"
urn:cts:greekLit:tlg0012.tlg001.msA:10.64,"urn:cite:hmt:vaimg.VA127RN-0299@0.1622,0.4613,0.4214,0.0248"
urn:cts:greekLit:tlg0012.tlg001.msA:10.65,"urn:cite:hmt:vaimg.VA127RN-0299@0.1622,0.4801,0.4214,0.0248"
urn:cts:greekLit:tlg0012.tlg001.msA:10.66,"urn:cite:hmt:vaimg.VA127RN-0299@0.1602,0.4966,0.4344,0.0248"
urn:cts:greekLit:tlg0012.tlg001.msA:10.67,"urn:cite:hmt:vaimg.VA127RN-0299@0.1592,0.5154,0.4374,0.0293"
urn:cts:greekLit:tlg0012.tlg001.msA:10.68,"urn:cite:hmt:vaimg.VA127RN-0299@0.1582,0.5357,0.4394,0.0255"
urn:cts:greekLit:tlg0012.tlg001.msA:10.69,"urn:cite:hmt:vaimg.VA127RN-0299@0.1552,0.5552,0.4044,0.021"
urn:cts:greekLit:tlg0012.tlg001.msA:10.70,"urn:cite:hmt:vaimg.VA127RN-0299@0.1522,0.5748,0.4214,0.027"
urn:cts:greekLit:tlg0012.tlg001.msA:10.71,"urn:cite:hmt:vaimg.VA127RN-0299@0.1572,0.592,0.4214,0.0278"
urn:cts:greekLit:tlg0012.tlg001.msA:10.72,"urn:cite:hmt:vaimg.VA127RN-0299@0.1532,0.6131,0.4364,0.0248"
urn:cts:greekLit:tlg0012.tlg001.msA:10.73,"urn:cite:hmt:vaimg.VA127RN-0299@0.1522,0.6296,0.4204,0.027"
urn:cts:greekLit:tlg0012.tlg001.msA:10.74,"urn:cite:hmt:vaimg.VA127RN-0299@0.1522,0.6491,0.4424,0.024"
urn:cts:greekLit:tlg0012.tlg001.msA:10.75,"urn:cite:hmt:vaimg.VA127RN-0299@0.1542,0.6694,0.4434,0.0263"
urn:cts:greekLit:tlg0012.tlg001.msA:10.76,"urn:cite:hmt:vaimg.VA127VN-0630@0.4855,0.2276,0.3674,0.0218"
urn:cts:greekLit:tlg0012.tlg001.msA:10.77,"urn:cite:hmt:vaimg.VA127VN-0630@0.4885,0.2472,0.3874,0.0248"
urn:cts:greekLit:tlg0012.tlg001.msA:10.78,"urn:cite:hmt:vaimg.VA127VN-0630@0.4845,0.2637,0.3944,0.0248"
urn:cts:greekLit:tlg0012.tlg001.msA:10.79,"urn:cite:hmt:vaimg.VA127VN-0630@0.4845,0.2832,0.3864,0.021"
urn:cts:greekLit:tlg0012.tlg001.msA:10.80,"urn:cite:hmt:vaimg.VA127VN-0630@0.4875,0.2998,0.4034,0.0255"
urn:cts:greekLit:tlg0012.tlg001.msA:10.81,"urn:cite:hmt:vaimg.VA127VN-0630@0.4875,0.3201,0.3784,0.0225"
urn:cts:greekLit:tlg0012.tlg001.msA:10.82,"urn:cite:hmt:vaimg.VA127VN-0630@0.4865,0.3351,0.3944,0.0285"
urn:cts:greekLit:tlg0012.tlg001.msA:10.83,"urn:cite:hmt:vaimg.VA127VN-0630@0.4865,0.3546,0.3974,0.0278"
urn:cts:greekLit:tlg0012.tlg001.msA:10.84,"urn:cite:hmt:vaimg.VA127VN-0630@0.4865,0.3742,0.3403,0.0255"
urn:cts:greekLit:tlg0012.tlg001.msA:10.85,"urn:cite:hmt:vaimg.VA127VN-0630@0.4855,0.3922,0.4134,0.0293"
urn:cts:greekLit:tlg0012.tlg001.msA:10.86,"urn:cite:hmt:vaimg.VA127VN-0630@0.4785,0.4117,0.4304,0.0301"
urn:cts:greekLit:tlg0012.tlg001.msA:10.87,"urn:cite:hmt:vaimg.VA127VN-0630@0.4785,0.4335,0.3694,0.0218"
urn:cts:greekLit:tlg0012.tlg001.msA:10.88,"urn:cite:hmt:vaimg.VA127VN-0630@0.4865,0.4493,0.4064,0.0248"
urn:cts:greekLit:tlg0012.tlg001.msA:10.89,"urn:cite:hmt:vaimg.VA127VN-0630@0.4855,0.4696,0.4084,0.0285"
urn:cts:greekLit:tlg0012.tlg001.msA:10.90,"urn:cite:hmt:vaimg.VA127VN-0630@0.4835,0.4876,0.4094,0.0225"
urn:cts:greekLit:tlg0012.tlg001.msA:10.91,"urn:cite:hmt:vaimg.VA127VN-0630@0.4835,0.5041,0.4144,0.027"
urn:cts:greekLit:tlg0012.tlg001.msA:10.92,"urn:cite:hmt:vaimg.VA127VN-0630@0.4845,0.5237,0.4144,0.027"
urn:cts:greekLit:tlg0012.tlg001.msA:10.93,"urn:cite:hmt:vaimg.VA127VN-0630@0.4845,0.5402,0.4144,0.0285"
urn:cts:greekLit:tlg0012.tlg001.msA:10.94,"urn:cite:hmt:vaimg.VA127VN-0630@0.4845,0.5582,0.4144,0.0293"
urn:cts:greekLit:tlg0012.tlg001.msA:10.95,"urn:cite:hmt:vaimg.VA127VN-0630@0.4865,0.5785,0.4304,0.0293"
urn:cts:greekLit:tlg0012.tlg001.msA:10.96,"urn:cite:hmt:vaimg.VA127VN-0630@0.4855,0.598,0.4154,0.0293"
urn:cts:greekLit:tlg0012.tlg001.msA:10.97,"urn:cite:hmt:vaimg.VA127VN-0630@0.4865,0.6138,0.4314,0.0308"
urn:cts:greekLit:tlg0012.tlg001.msA:10.98,"urn:cite:hmt:vaimg.VA127VN-0630@0.4835,0.6364,0.4024,0.0301"
urn:cts:greekLit:tlg0012.tlg001.msA:10.99,"urn:cite:hmt:vaimg.VA127VN-0630@0.4935,0.6536,0.4214,0.0293"
urn:cts:greekLit:tlg0012.tlg001.msA:10.100,"urn:cite:hmt:vaimg.VA127VN-0630@0.4885,0.6709,0.4274,0.0331"
urn:cts:greekLit:tlg0012.tlg001.msA:10.151,"urn:cite:hmt:vaimg.VA129RN-0301@0.1692,0.2029,0.4394,0.0308"
urn:cts:greekLit:tlg0012.tlg001.msA:10.152,"urn:cite:hmt:vaimg.VA129RN-0301@0.1662,0.2239,0.4354,0.0285"
urn:cts:greekLit:tlg0012.tlg001.msA:10.153,"urn:cite:hmt:vaimg.VA129RN-0301@0.1622,0.2434,0.4374,0.0255"
urn:cts:greekLit:tlg0012.tlg001.msA:10.154,"urn:cite:hmt:vaimg.VA129RN-0301@0.1662,0.263,0.4404,0.0278"
urn:cts:greekLit:tlg0012.tlg001.msA:10.155,"urn:cite:hmt:vaimg.VA129RN-0301@0.1642,0.2825,0.3774,0.0248"
urn:cts:greekLit:tlg0012.tlg001.msA:10.156,"urn:cite:hmt:vaimg.VA129RN-0301@0.1632,0.3005,0.4294,0.0293"
urn:cts:greekLit:tlg0012.tlg001.msA:10.157,"urn:cite:hmt:vaimg.VA129RN-0301@0.1592,0.3223,0.4244,0.0248"
urn:cts:greekLit:tlg0012.tlg001.msA:10.158,"urn:cite:hmt:vaimg.VA129RN-0301@0.1582,0.3434,0.4234,0.0233"
urn:cts:greekLit:tlg0012.tlg001.msA:10.159,"urn:cite:hmt:vaimg.VA129RN-0301@0.1672,0.3591,0.4234,0.0255"
urn:cts:greekLit:tlg0012.tlg001.msA:10.160,"urn:cite:hmt:vaimg.VA129RN-0301@0.1652,0.3779,0.3944,0.0255"
urn:cts:greekLit:tlg0012.tlg001.msA:10.161,"urn:cite:hmt:vaimg.VA129RN-0301@0.1632,0.3989,0.4094,0.024"
urn:cts:greekLit:tlg0012.tlg001.msA:10.162,"urn:cite:hmt:vaimg.VA129RN-0301@0.1612,0.4185,0.4384,0.027"
urn:cts:greekLit:tlg0012.tlg001.msA:10.163,"urn:cite:hmt:vaimg.VA129RN-0301@0.1612,0.4395,0.4334,0.0195"
urn:cts:greekLit:tlg0012.tlg001.msA:10.164,"urn:cite:hmt:vaimg.VA129RN-0301@0.1592,0.453,0.4484,0.0293"
urn:cts:greekLit:tlg0012.tlg001.msA:10.165,"urn:cite:hmt:vaimg.VA129RN-0301@0.1532,0.4733,0.4244,0.0308"
urn:cts:greekLit:tlg0012.tlg001.msA:10.166,"urn:cite:hmt:vaimg.VA129RN-0301@0.1542,0.4944,0.4214,0.0248"
urn:cts:greekLit:tlg0012.tlg001.msA:10.167,"urn:cite:hmt:vaimg.VA129RN-0301@0.1592,0.5116,0.4344,0.0301"
urn:cts:greekLit:tlg0012.tlg001.msA:10.168,"urn:cite:hmt:vaimg.VA129RN-0301@0.1542,0.5327,0.4374,0.0278"
urn:cts:greekLit:tlg0012.tlg001.msA:10.169,"urn:cite:hmt:vaimg.VA129RN-0301@0.1562,0.5522,0.4505,0.0278"
urn:cts:greekLit:tlg0012.tlg001.msA:10.170,"urn:cite:hmt:vaimg.VA129RN-0301@0.1522,0.5695,0.4314,0.0278"
urn:cts:greekLit:tlg0012.tlg001.msA:10.171,"urn:cite:hmt:vaimg.VA129RN-0301@0.1572,0.5875,0.4224,0.0278"
urn:cts:greekLit:tlg0012.tlg001.msA:10.172,"urn:cite:hmt:vaimg.VA129RN-0301@0.1532,0.6093,0.4234,0.0233"
urn:cts:greekLit:tlg0012.tlg001.msA:10.173,"urn:cite:hmt:vaimg.VA129RN-0301@0.1512,0.6281,0.4234,0.0233"
urn:cts:greekLit:tlg0012.tlg001.msA:10.174,"urn:cite:hmt:vaimg.VA129RN-0301@0.1502,0.6469,0.4234,0.0233"
urn:cts:greekLit:tlg0012.tlg001.msA:10.175,"urn:cite:hmt:vaimg.VA129RN-0301@0.1471,0.6649,0.4274,0.0278"
urn:cts:greekLit:tlg0012.tlg001.msA:10.176,"urn:cite:hmt:vaimg.VA129VN-0632@0.4795,0.2337,0.3964,0.0255"
urn:cts:greekLit:tlg0012.tlg001.msA:10.177,"urn:cite:hmt:vaimg.VA129VN-0632@0.4805,0.2502,0.4224,0.0255"
urn:cts:greekLit:tlg0012.tlg001.msA:10.178,"urn:cite:hmt:vaimg.VA129VN-0632@0.4805,0.2502,0.4224,0.0255"
urn:cts:greekLit:tlg0012.tlg001.msA:10.179,"urn:cite:hmt:vaimg.VA129VN-0632@0.4815,0.2878,0.4224,0.0278"
urn:cts:greekLit:tlg0012.tlg001.msA:10.180,"urn:cite:hmt:vaimg.VA129VN-0632@0.4795,0.3073,0.4224,0.0248"
urn:cts:greekLit:tlg0012.tlg001.msA:10.181,"urn:cite:hmt:vaimg.VA129VN-0632@0.4805,0.3261,0.4004,0.0248"
urn:cts:greekLit:tlg0012.tlg001.msA:10.182,"urn:cite:hmt:vaimg.VA129VN-0632@0.4805,0.3479,0.3504,0.0248"
urn:cts:greekLit:tlg0012.tlg001.msA:10.183,"urn:cite:hmt:vaimg.VA129VN-0632@0.4795,0.3659,0.4164,0.0248"
urn:cts:greekLit:tlg0012.tlg001.msA:10.184,"urn:cite:hmt:vaimg.VA129VN-0632@0.4785,0.3817,0.4194,0.0255"
urn:cts:greekLit:tlg0012.tlg001.msA:10.185,"urn:cite:hmt:vaimg.VA129VN-0632@0.4775,0.4035,0.4184,0.0218"
urn:cts:greekLit:tlg0012.tlg001.msA:10.186,"urn:cite:hmt:vaimg.VA129VN-0632@0.4795,0.423,0.4274,0.0218"
urn:cts:greekLit:tlg0012.tlg001.msA:10.187,"urn:cite:hmt:vaimg.VA129VN-0632@0.4765,0.4425,0.4284,0.0218"
urn:cts:greekLit:tlg0012.tlg001.msA:10.188,"urn:cite:hmt:vaimg.VA129VN-0632@0.4815,0.4598,0.4284,0.0218"
urn:cts:greekLit:tlg0012.tlg001.msA:10.189,"urn:cite:hmt:vaimg.VA129VN-0632@0.4785,0.4816,0.4154,0.0173"
urn:cts:greekLit:tlg0012.tlg001.msA:10.190,"urn:cite:hmt:vaimg.VA129VN-0632@0.4785,0.5004,0.4344,0.0188"
urn:cts:greekLit:tlg0012.tlg001.msA:10.192,"urn:cite:hmt:vaimg.VA129VN-0632@0.4815,0.5154,0.4404,0.0255"
urn:cts:greekLit:tlg0012.tlg001.msA:10.193,"urn:cite:hmt:vaimg.VA129VN-0632@0.4805,0.5372,0.4104,0.0225"
urn:cts:greekLit:tlg0012.tlg001.msA:10.194,"urn:cite:hmt:vaimg.VA129VN-0632@0.4785,0.5522,0.3994,0.0293"
urn:cts:greekLit:tlg0012.tlg001.msA:10.195,"urn:cite:hmt:vaimg.VA129VN-0632@0.4835,0.5695,0.3994,0.0293"
urn:cts:greekLit:tlg0012.tlg001.msA:10.196,"urn:cite:hmt:vaimg.VA129VN-0632@0.4815,0.5928,0.4164,0.0263"
urn:cts:greekLit:tlg0012.tlg001.msA:10.197,"urn:cite:hmt:vaimg.VA129VN-0632@0.4775,0.6101,0.4164,0.0263"
urn:cts:greekLit:tlg0012.tlg001.msA:10.198,"urn:cite:hmt:vaimg.VA129VN-0632@0.4805,0.6281,0.4164,0.0263"
urn:cts:greekLit:tlg0012.tlg001.msA:10.199,"urn:cite:hmt:vaimg.VA129VN-0632@0.4835,0.6431,0.4264,0.0263"
urn:cts:greekLit:tlg0012.tlg001.msA:10.200,"urn:cite:hmt:vaimg.VA129VN-0632@0.4845,0.6657,0.4394,0.0263"
urn:cts:greekLit:tlg0012.tlg001.msA:10.201,"urn:cite:hmt:vaimg.VA129VN-0632@0.4835,0.6867,0.3884,0.0263"
urn:cts:greekLit:tlg0012.tlg001.msA:10.202,"urn:cite:hmt:vaimg.VA130RN-0302@0.1692,0.2006,0.4254,0.0323"
urn:cts:greekLit:tlg0012.tlg001.msA:10.203,"urn:cite:hmt:vaimg.VA130RN-0302@0.1642,0.2276,0.4254,0.0248"
urn:cts:greekLit:tlg0012.tlg001.msA:10.204,"urn:cite:hmt:vaimg.VA130RN-0302@0.1612,0.2434,0.4294,0.027"
urn:cts:greekLit:tlg0012.tlg001.msA:10.205,"urn:cite:hmt:vaimg.VA130RN-0302@0.1622,0.2637,0.4084,0.027"
urn:cts:greekLit:tlg0012.tlg001.msA:10.206,"urn:cite:hmt:vaimg.VA130RN-0302@0.1602,0.281,0.4224,0.0308"
urn:cts:greekLit:tlg0012.tlg001.msA:10.207,"urn:cite:hmt:vaimg.VA130RN-0302@0.1572,0.305,0.4084,0.0218"
urn:cts:greekLit:tlg0012.tlg001.msA:10.208,"urn:cite:hmt:vaimg.VA130RN-0302@0.1572,0.3231,0.4084,0.024"
urn:cts:greekLit:tlg0012.tlg001.msA:10.209,"urn:cite:hmt:vaimg.VA130RN-0302@0.1612,0.3411,0.4424,0.024"
urn:cts:greekLit:tlg0012.tlg001.msA:10.210,"urn:cite:hmt:vaimg.VA130RN-0302@0.1602,0.3584,0.4284,0.0293"
urn:cts:greekLit:tlg0012.tlg001.msA:10.211,"urn:cite:hmt:vaimg.VA130RN-0302@0.1572,0.3832,0.4384,0.024"
urn:cts:greekLit:tlg0012.tlg001.msA:10.212,"urn:cite:hmt:vaimg.VA130RN-0302@0.1552,0.4035,0.4244,0.024"
urn:cts:greekLit:tlg0012.tlg001.msA:10.213,"urn:cite:hmt:vaimg.VA130RN-0302@0.1552,0.4177,0.4444,0.024"
urn:cts:greekLit:tlg0012.tlg001.msA:10.214,"urn:cite:hmt:vaimg.VA130RN-0302@0.1542,0.4403,0.3674,0.024"
urn:cts:greekLit:tlg0012.tlg001.msA:10.215,"urn:cite:hmt:vaimg.VA130RN-0302@0.1532,0.4591,0.4404,0.0255"
urn:cts:greekLit:tlg0012.tlg001.msA:10.216,"urn:cite:hmt:vaimg.VA130RN-0302@0.1532,0.4778,0.4484,0.0225"
urn:cts:greekLit:tlg0012.tlg001.msA:10.217,"urn:cite:hmt:vaimg.VA130RN-0302@0.1481,0.4966,0.4164,0.0225"
urn:cts:greekLit:tlg0012.tlg001.msA:10.218,"urn:cite:hmt:vaimg.VA130RN-0302@0.1512,0.5154,0.4595,0.0225"
urn:cts:greekLit:tlg0012.tlg001.msA:10.219,"urn:cite:hmt:vaimg.VA130RN-0302@0.1542,0.5364,0.4344,0.0225"
urn:cts:greekLit:tlg0012.tlg001.msA:10.220,"urn:cite:hmt:vaimg.VA130RN-0302@0.1532,0.5545,0.4344,0.0225"
urn:cts:greekLit:tlg0012.tlg001.msA:10.221,"urn:cite:hmt:vaimg.VA130RN-0302@0.1542,0.5725,0.4575,0.0263"
urn:cts:greekLit:tlg0012.tlg001.msA:10.222,"urn:cite:hmt:vaimg.VA130RN-0302@0.1522,0.5913,0.4575,0.0263"
urn:cts:greekLit:tlg0012.tlg001.msA:10.223,"urn:cite:hmt:vaimg.VA130RN-0302@0.1532,0.6116,0.4134,0.027"
urn:cts:greekLit:tlg0012.tlg001.msA:10.224,"urn:cite:hmt:vaimg.VA130RN-0302@0.1552,0.6304,0.4184,0.027"
urn:cts:greekLit:tlg0012.tlg001.msA:10.225,"urn:cite:hmt:vaimg.VA130RN-0302@0.1552,0.6521,0.4234,0.0233"
urn:cts:greekLit:tlg0012.tlg001.msA:10.226,"urn:cite:hmt:vaimg.VA130RN-0302@0.1552,0.6679,0.4124,0.0255"
urn:cts:greekLit:tlg0012.tlg001.msA:10.227,"urn:cite:hmt:vaimg.VA130VN-0633@0.4695,0.2254,0.4004,0.0376"
urn:cts:greekLit:tlg0012.tlg001.msA:10.228,"urn:cite:hmt:vaimg.VA130VN-0633@0.4695,0.2502,0.3594,0.0323"
urn:cts:greekLit:tlg0012.tlg001.msA:10.229,"urn:cite:hmt:vaimg.VA130VN-0633@0.4755,0.2697,0.4084,0.0293"
urn:cts:greekLit:tlg0012.tlg001.msA:10.230,"urn:cite:hmt:vaimg.VA130VN-0633@0.4745,0.2893,0.4044,0.0293"
urn:cts:greekLit:tlg0012.tlg001.msA:10.231,"urn:cite:hmt:vaimg.VA130VN-0633@0.4785,0.3095,0.4214,0.0255"
urn:cts:greekLit:tlg0012.tlg001.msA:10.232,"urn:cite:hmt:vaimg.VA130VN-0633@0.4755,0.3283,0.3994,0.0255"
urn:cts:greekLit:tlg0012.tlg001.msA:10.233,"urn:cite:hmt:vaimg.VA130VN-0633@0.4765,0.3479,0.4254,0.0255"
urn:cts:greekLit:tlg0012.tlg001.msA:10.234,"urn:cite:hmt:vaimg.VA130VN-0633@0.4725,0.3711,0.4104,0.024"
urn:cts:greekLit:tlg0012.tlg001.msA:10.235,"urn:cite:hmt:vaimg.VA130VN-0633@0.4735,0.3892,0.4194,0.024"
urn:cts:greekLit:tlg0012.tlg001.msA:10.236,"urn:cite:hmt:vaimg.VA130VN-0633@0.4725,0.4057,0.4364,0.024"
urn:cts:greekLit:tlg0012.tlg001.msA:10.237,"urn:cite:hmt:vaimg.VA130VN-0633@0.4775,0.4237,0.4364,0.024"
urn:cts:greekLit:tlg0012.tlg001.msA:10.238,"urn:cite:hmt:vaimg.VA130VN-0633@0.4805,0.4418,0.4364,0.024"
urn:cts:greekLit:tlg0012.tlg001.msA:10.239,"urn:cite:hmt:vaimg.VA130VN-0633@0.4785,0.4621,0.4194,0.024"
urn:cts:greekLit:tlg0012.tlg001.msA:10.240,"urn:cite:hmt:vaimg.VA130VN-0633@0.4775,0.4808,0.4394,0.024"
urn:cts:greekLit:tlg0012.tlg001.msA:10.241,"urn:cite:hmt:vaimg.VA130VN-0633@0.4765,0.5004,0.4294,0.024"
urn:cts:greekLit:tlg0012.tlg001.msA:10.242,"urn:cite:hmt:vaimg.VA130VN-0633@0.4765,0.5184,0.4294,0.024"
urn:cts:greekLit:tlg0012.tlg001.msA:10.243,"urn:cite:hmt:vaimg.VA130VN-0633@0.4755,0.5379,0.4294,0.024"
urn:cts:greekLit:tlg0012.tlg001.msA:10.244,"urn:cite:hmt:vaimg.VA130VN-0633@0.4785,0.5582,0.4424,0.024"
urn:cts:greekLit:tlg0012.tlg001.msA:10.245,"urn:cite:hmt:vaimg.VA130VN-0633@0.4805,0.577,0.4184,0.024"
urn:cts:greekLit:tlg0012.tlg001.msA:10.246,"urn:cite:hmt:vaimg.VA130VN-0633@0.4825,0.5928,0.4284,0.0293"
urn:cts:greekLit:tlg0012.tlg001.msA:10.247,"urn:cite:hmt:vaimg.VA130VN-0633@0.4825,0.6123,0.4234,0.0248"
urn:cts:greekLit:tlg0012.tlg001.msA:10.248,"urn:cite:hmt:vaimg.VA130VN-0633@0.4805,0.6296,0.4324,0.027"
urn:cts:greekLit:tlg0012.tlg001.msA:10.249,"urn:cite:hmt:vaimg.VA130VN-0633@0.4805,0.6506,0.4324,0.0255"
urn:cts:greekLit:tlg0012.tlg001.msA:10.250,"urn:cite:hmt:vaimg.VA130VN-0633@0.4775,0.6694,0.4324,0.0255"
urn:cts:greekLit:tlg0012.tlg001.msA:10.251,"urn:cite:hmt:vaimg.VA130VN-0633@0.4835,0.6882,0.4384,0.0255"
urn:cts:greekLit:tlg0012.tlg001.msA:10.252,"urn:cite:hmt:vaimg.VA131RN-0303@0.1722,0.1961,0.4575,0.0338"
urn:cts:greekLit:tlg0012.tlg001.msA:10.253,"urn:cite:hmt:vaimg.VA131RN-0303@0.1712,0.2239,0.4615,0.0285"
urn:cts:greekLit:tlg0012.tlg001.msA:10.254,"urn:cite:hmt:vaimg.VA131RN-0303@0.1672,0.2404,0.4264,0.0285"
urn:cts:greekLit:tlg0012.tlg001.msA:10.255,"urn:cite:hmt:vaimg.VA131RN-0303@0.1662,0.2615,0.4645,0.0293"
urn:cts:greekLit:tlg0012.tlg001.msA:10.256,"urn:cite:hmt:vaimg.VA131RN-0303@0.1672,0.2802,0.4535,0.0255"
urn:cts:greekLit:tlg0012.tlg001.msA:10.257,"urn:cite:hmt:vaimg.VA131RN-0303@0.1672,0.2983,0.4535,0.0255"
urn:cts:greekLit:tlg0012.tlg001.msA:10.258,"urn:cite:hmt:vaimg.VA131RN-0303@0.1712,0.3216,0.4535,0.0255"
urn:cts:greekLit:tlg0012.tlg001.msA:10.259,"urn:cite:hmt:vaimg.VA131RN-0303@0.1702,0.3388,0.4254,0.0255"
urn:cts:greekLit:tlg0012.tlg001.msA:10.260,"urn:cite:hmt:vaimg.VA131RN-0303@0.1702,0.3569,0.4254,0.0255"
urn:cts:greekLit:tlg0012.tlg001.msA:10.261,"urn:cite:hmt:vaimg.VA131RN-0303@0.1702,0.3742,0.4464,0.0255"
urn:cts:greekLit:tlg0012.tlg001.msA:10.262,"urn:cite:hmt:vaimg.VA131RN-0303@0.1692,0.3959,0.4094,0.0255"
urn:cts:greekLit:tlg0012.tlg001.msA:10.263,"urn:cite:hmt:vaimg.VA131RN-0303@0.1702,0.414,0.4234,0.0255"
urn:cts:greekLit:tlg0012.tlg001.msA:10.264,"urn:cite:hmt:vaimg.VA131RN-0303@0.1662,0.4335,0.4334,0.0263"
urn:cts:greekLit:tlg0012.tlg001.msA:10.265,"urn:cite:hmt:vaimg.VA131RN-0303@0.1662,0.4508,0.4414,0.0263"
urn:cts:greekLit:tlg0012.tlg001.msA:10.266,"urn:cite:hmt:vaimg.VA131RN-0303@0.1652,0.4718,0.4535,0.0263"
urn:cts:greekLit:tlg0012.tlg001.msA:10.267,"urn:cite:hmt:vaimg.VA131RN-0303@0.1652,0.4869,0.4575,0.0308"
urn:cts:greekLit:tlg0012.tlg001.msA:10.268,"urn:cite:hmt:vaimg.VA131RN-0303@0.1652,0.5056,0.4575,0.0293"
urn:cts:greekLit:tlg0012.tlg001.msA:10.269,"urn:cite:hmt:vaimg.VA131RN-0303@0.1652,0.5229,0.4054,0.0293"
urn:cts:greekLit:tlg0012.tlg001.msA:10.270,"urn:cite:hmt:vaimg.VA131RN-0303@0.1702,0.5432,0.4264,0.0293"
urn:cts:greekLit:tlg0012.tlg001.msA:10.271,"urn:cite:hmt:vaimg.VA131RN-0303@0.1632,0.562,0.4625,0.0293"
urn:cts:greekLit:tlg0012.tlg001.msA:10.272,"urn:cite:hmt:vaimg.VA131RN-0303@0.1632,0.5853,0.4444,0.0263"
urn:cts:greekLit:tlg0012.tlg001.msA:10.273,"urn:cite:hmt:vaimg.VA131RN-0303@0.1662,0.6086,0.4795,0.0263"
urn:cts:greekLit:tlg0012.tlg001.msA:10.274,"urn:cite:hmt:vaimg.VA131RN-0303@0.1652,0.6228,0.4244,0.0263"
urn:cts:greekLit:tlg0012.tlg001.msA:10.275,"urn:cite:hmt:vaimg.VA131RN-0303@0.1662,0.6401,0.4404,0.0263"
urn:cts:greekLit:tlg0012.tlg001.msA:10.276,"urn:cite:hmt:vaimg.VA131RN-0303@0.1652,0.6566,0.4625,0.0338"
urn:cts:greekLit:tlg0012.tlg001.msA:10.277,"urn:cite:hmt:vaimg.VA131VN-0634@0.4775,0.2299,0.4214,0.0263"
urn:cts:greekLit:tlg0012.tlg001.msA:10.278,"urn:cite:hmt:vaimg.VA131VN-0634@0.4765,0.2479,0.4214,0.0263"
urn:cts:greekLit:tlg0012.tlg001.msA:10.279,"urn:cite:hmt:vaimg.VA131VN-0634@0.4725,0.269,0.4054,0.0263"
urn:cts:greekLit:tlg0012.tlg001.msA:10.280,"urn:cite:hmt:vaimg.VA131VN-0634@0.4825,0.2855,0.4164,0.0263"
urn:cts:greekLit:tlg0012.tlg001.msA:10.281,"urn:cite:hmt:vaimg.VA131VN-0634@0.4805,0.3043,0.4254,0.0263"
urn:cts:greekLit:tlg0012.tlg001.msA:10.282,"urn:cite:hmt:vaimg.VA131VN-0634@0.4805,0.3283,0.4254,0.0218"
urn:cts:greekLit:tlg0012.tlg001.msA:10.283,"urn:cite:hmt:vaimg.VA131VN-0634@0.4835,0.3464,0.4254,0.024"
urn:cts:greekLit:tlg0012.tlg001.msA:10.284,"urn:cite:hmt:vaimg.VA131VN-0634@0.4815,0.3651,0.4254,0.024"
urn:cts:greekLit:tlg0012.tlg001.msA:10.285,"urn:cite:hmt:vaimg.VA131VN-0634@0.4815,0.3832,0.4254,0.024"
urn:cts:greekLit:tlg0012.tlg001.msA:10.286,"urn:cite:hmt:vaimg.VA131VN-0634@0.4785,0.4027,0.3824,0.024"
urn:cts:greekLit:tlg0012.tlg001.msA:10.287,"urn:cite:hmt:vaimg.VA131VN-0634@0.4775,0.4215,0.4364,0.024"
urn:cts:greekLit:tlg0012.tlg001.msA:10.288,"urn:cite:hmt:vaimg.VA131VN-0634@0.4745,0.4403,0.3964,0.024"
urn:cts:greekLit:tlg0012.tlg001.msA:10.289,"urn:cite:hmt:vaimg.VA131VN-0634@0.4815,0.4583,0.4505,0.024"
urn:cts:greekLit:tlg0012.tlg001.msA:10.290,"urn:cite:hmt:vaimg.VA131VN-0634@0.4805,0.4763,0.4204,0.024"
urn:cts:greekLit:tlg0012.tlg001.msA:10.291,"urn:cite:hmt:vaimg.VA131VN-0634@0.4815,0.4914,0.4364,0.0293"
urn:cts:greekLit:tlg0012.tlg001.msA:10.292,"urn:cite:hmt:vaimg.VA131VN-0634@0.4825,0.5094,0.4074,0.0285"
urn:cts:greekLit:tlg0012.tlg001.msA:10.293,"urn:cite:hmt:vaimg.VA131VN-0634@0.4845,0.5297,0.4074,0.0285"
urn:cts:greekLit:tlg0012.tlg001.msA:10.294,"urn:cite:hmt:vaimg.VA131VN-0634@0.4805,0.5485,0.4384,0.0285"
urn:cts:greekLit:tlg0012.tlg001.msA:10.295,"urn:cite:hmt:vaimg.VA131VN-0634@0.4865,0.5665,0.4384,0.0285"
urn:cts:greekLit:tlg0012.tlg001.msA:10.296,"urn:cite:hmt:vaimg.VA131VN-0634@0.4805,0.5875,0.4064,0.0285"
urn:cts:greekLit:tlg0012.tlg001.msA:10.297,"urn:cite:hmt:vaimg.VA131VN-0634@0.4815,0.6056,0.4494,0.0263"
urn:cts:greekLit:tlg0012.tlg001.msA:10.298,"urn:cite:hmt:vaimg.VA131VN-0634@0.4825,0.6243,0.4494,0.0263"
urn:cts:greekLit:tlg0012.tlg001.msA:10.299,"urn:cite:hmt:vaimg.VA131VN-0634@0.4815,0.6431,0.4254,0.0263"
urn:cts:greekLit:tlg0012.tlg001.msA:10.300,"urn:cite:hmt:vaimg.VA131VN-0634@0.4795,0.6597,0.4384,0.0285"
urn:cts:greekLit:tlg0012.tlg001.msA:10.301,"urn:cite:hmt:vaimg.VA131VN-0634@0.4805,0.6814,0.4074,0.0278"
urn:cts:greekLit:tlg0012.tlg001.msA:10.302,"urn:cite:hmt:vaimg.VA132RN-0304@0.1772,0.2179,0.4124,0.0285"
urn:cts:greekLit:tlg0012.tlg001.msA:10.303,"urn:cite:hmt:vaimg.VA132RN-0304@0.1752,0.2434,0.4124,0.0233"
urn:cts:greekLit:tlg0012.tlg001.msA:10.304,"urn:cite:hmt:vaimg.VA132RN-0304@0.1752,0.2585,0.3764,0.0263"
urn:cts:greekLit:tlg0012.tlg001.msA:10.305,"urn:cite:hmt:vaimg.VA132RN-0304@0.1752,0.2787,0.3994,0.024"
urn:cts:greekLit:tlg0012.tlg001.msA:10.306,"urn:cite:hmt:vaimg.VA132RN-0304@0.1752,0.2983,0.3994,0.024"
urn:cts:greekLit:tlg0012.tlg001.msA:10.307,"urn:cite:hmt:vaimg.VA132RN-0304@0.1772,0.3178,0.3704,0.024"
urn:cts:greekLit:tlg0012.tlg001.msA:10.308,"urn:cite:hmt:vaimg.VA132RN-0304@0.1732,0.3328,0.4134,0.0316"
urn:cts:greekLit:tlg0012.tlg001.msA:10.309,"urn:cite:hmt:vaimg.VA132RN-0304@0.1682,0.3539,0.3754,0.027"
urn:cts:greekLit:tlg0012.tlg001.msA:10.310,"urn:cite:hmt:vaimg.VA132RN-0304@0.1732,0.3719,0.3594,0.027"
urn:cts:greekLit:tlg0012.tlg001.msA:10.311,"urn:cite:hmt:vaimg.VA132RN-0304@0.1722,0.3937,0.3744,0.0233"
urn:cts:greekLit:tlg0012.tlg001.msA:10.312,"urn:cite:hmt:vaimg.VA132RN-0304@0.1722,0.4095,0.4124,0.0263"
urn:cts:greekLit:tlg0012.tlg001.msA:10.313,"urn:cite:hmt:vaimg.VA132RN-0304@0.1692,0.432,0.4164,0.0195"
urn:cts:greekLit:tlg0012.tlg001.msA:10.314,"urn:cite:hmt:vaimg.VA132RN-0304@0.1692,0.4478,0.3764,0.0233"
urn:cts:greekLit:tlg0012.tlg001.msA:10.315,"urn:cite:hmt:vaimg.VA132RN-0304@0.1652,0.4651,0.3704,0.0285"
urn:cts:greekLit:tlg0012.tlg001.msA:10.316,"urn:cite:hmt:vaimg.VA132RN-0304@0.1712,0.4838,0.4094,0.027"
urn:cts:greekLit:tlg0012.tlg001.msA:10.317,"urn:cite:hmt:vaimg.VA132RN-0304@0.1702,0.5041,0.4094,0.0248"
urn:cts:greekLit:tlg0012.tlg001.msA:10.318,"urn:cite:hmt:vaimg.VA132RN-0304@0.1652,0.5237,0.4094,0.0255"
urn:cts:greekLit:tlg0012.tlg001.msA:10.319,"urn:cite:hmt:vaimg.VA132RN-0304@0.1632,0.544,0.4134,0.0263"
urn:cts:greekLit:tlg0012.tlg001.msA:10.320,"urn:cite:hmt:vaimg.VA132RN-0304@0.1662,0.562,0.4234,0.0323"
urn:cts:greekLit:tlg0012.tlg001.msA:10.321,"urn:cite:hmt:vaimg.VA132RN-0304@0.1652,0.5808,0.4234,0.027"
urn:cts:greekLit:tlg0012.tlg001.msA:10.322,"urn:cite:hmt:vaimg.VA132RN-0304@0.1652,0.5988,0.4394,0.0316"
urn:cts:greekLit:tlg0012.tlg001.msA:10.323,"urn:cite:hmt:vaimg.VA132RN-0304@0.1632,0.6213,0.3964,0.024"
urn:cts:greekLit:tlg0012.tlg001.msA:10.324,"urn:cite:hmt:vaimg.VA132RN-0304@0.1632,0.6379,0.4264,0.0278"
urn:cts:greekLit:tlg0012.tlg001.msA:10.325,"urn:cite:hmt:vaimg.VA132RN-0304@0.1652,0.6559,0.4354,0.0278"
urn:cts:greekLit:tlg0012.tlg001.msA:10.326,"urn:cite:hmt:vaimg.VA132RN-0304@0.1652,0.6799,0.3904,0.021"
urn:cts:greekLit:tlg0012.tlg001.msA:10.327,"urn:cite:hmt:vaimg.VA132VN-0635@0.482,0.2412,0.381,0.0323"
urn:cts:greekLit:tlg0012.tlg001.msA:10.328,"urn:cite:hmt:vaimg.VA132VN-0635@0.486,0.2622,0.435,0.0285"
urn:cts:greekLit:tlg0012.tlg001.msA:10.329,"urn:cite:hmt:vaimg.VA132VN-0635@0.488,0.2855,0.37,0.0285"
urn:cts:greekLit:tlg0012.tlg001.msA:10.330,"urn:cite:hmt:vaimg.VA132VN-0635@0.485,0.3035,0.379,0.0248"
urn:cts:greekLit:tlg0012.tlg001.msA:10.331,"urn:cite:hmt:vaimg.VA132VN-0635@0.486,0.3238,0.385,0.0248"
urn:cts:greekLit:tlg0012.tlg001.msA:10.332,"urn:cite:hmt:vaimg.VA132VN-0635@0.485,0.3418,0.415,0.0278"
urn:cts:greekLit:tlg0012.tlg001.msA:10.333,"urn:cite:hmt:vaimg.VA132VN-0635@0.484,0.3606,0.407,0.0233"
urn:cts:greekLit:tlg0012.tlg001.msA:10.334,"urn:cite:hmt:vaimg.VA132VN-0635@0.484,0.3794,0.37,0.0225"
urn:cts:greekLit:tlg0012.tlg001.msA:10.335,"urn:cite:hmt:vaimg.VA132VN-0635@0.484,0.3952,0.426,0.0263"
urn:cts:greekLit:tlg0012.tlg001.msA:10.336,"urn:cite:hmt:vaimg.VA132VN-0635@0.483,0.414,0.433,0.0278"
urn:cts:greekLit:tlg0012.tlg001.msA:10.337,"urn:cite:hmt:vaimg.VA132VN-0635@0.485,0.4313,0.388,0.0278"
urn:cts:greekLit:tlg0012.tlg001.msA:10.338,"urn:cite:hmt:vaimg.VA132VN-0635@0.484,0.4538,0.432,0.0233"
urn:cts:greekLit:tlg0012.tlg001.msA:10.339,"urn:cite:hmt:vaimg.VA132VN-0635@0.48,0.4711,0.432,0.0233"
urn:cts:greekLit:tlg0012.tlg001.msA:10.340,"urn:cite:hmt:vaimg.VA132VN-0635@0.477,0.4899,0.432,0.0233"
urn:cts:greekLit:tlg0012.tlg001.msA:10.341,"urn:cite:hmt:vaimg.VA132VN-0635@0.482,0.5094,0.391,0.0255"
urn:cts:greekLit:tlg0012.tlg001.msA:10.342,"urn:cite:hmt:vaimg.VA132VN-0635@0.484,0.5274,0.391,0.0255"
urn:cts:greekLit:tlg0012.tlg001.msA:10.343,"urn:cite:hmt:vaimg.VA132VN-0635@0.485,0.5462,0.398,0.0255"
urn:cts:greekLit:tlg0012.tlg001.msA:10.344,"urn:cite:hmt:vaimg.VA132VN-0635@0.478,0.5672,0.41,0.0255"
urn:cts:greekLit:tlg0012.tlg001.msA:10.345,"urn:cite:hmt:vaimg.VA132VN-0635@0.479,0.586,0.424,0.0278"
urn:cts:greekLit:tlg0012.tlg001.msA:10.346,"urn:cite:hmt:vaimg.VA132VN-0635@0.486,0.6048,0.424,0.0278"
urn:cts:greekLit:tlg0012.tlg001.msA:10.347,"urn:cite:hmt:vaimg.VA132VN-0635@0.485,0.6236,0.425,0.0263"
urn:cts:greekLit:tlg0012.tlg001.msA:10.348,"urn:cite:hmt:vaimg.VA132VN-0635@0.485,0.6424,0.395,0.0263"
urn:cts:greekLit:tlg0012.tlg001.msA:10.349,"urn:cite:hmt:vaimg.VA132VN-0635@0.484,0.6612,0.419,0.024"
urn:cts:greekLit:tlg0012.tlg001.msA:10.350,"urn:cite:hmt:vaimg.VA132VN-0635@0.483,0.6784,0.443,0.0263"
urn:cts:greekLit:tlg0012.tlg001.msA:10.351,"urn:cite:hmt:vaimg.VA132VN-0635@0.483,0.6972,0.412,0.0285"
urn:cts:greekLit:tlg0012.tlg001.msA:10.352,"urn:cite:hmt:vaimg.VA133RN-0305@0.18,0.2156,0.4,0.0301"
urn:cts:greekLit:tlg0012.tlg001.msA:10.353,"urn:cite:hmt:vaimg.VA133RN-0305@0.18,0.2412,0.414,0.021"
urn:cts:greekLit:tlg0012.tlg001.msA:10.354,"urn:cite:hmt:vaimg.VA133RN-0305@0.175,0.2577,0.436,0.024"
urn:cts:greekLit:tlg0012.tlg001.msA:10.355,"urn:cite:hmt:vaimg.VA133RN-0305@0.177,0.2757,0.445,0.0278"
urn:cts:greekLit:tlg0012.tlg001.msA:10.356,"urn:cite:hmt:vaimg.VA133RN-0305@0.173,0.296,0.435,0.027"
urn:cts:greekLit:tlg0012.tlg001.msA:10.357,"urn:cite:hmt:vaimg.VA133RN-0305@0.173,0.3133,0.439,0.0293"
urn:cts:greekLit:tlg0012.tlg001.msA:10.358,"urn:cite:hmt:vaimg.VA133RN-0305@0.172,0.3343,0.443,0.027"
urn:cts:greekLit:tlg0012.tlg001.msA:10.359,"urn:cite:hmt:vaimg.VA133RN-0305@0.169,0.3516,0.417,0.027"
urn:cts:greekLit:tlg0012.tlg001.msA:10.360,"urn:cite:hmt:vaimg.VA133RN-0305@0.169,0.3711,0.429,0.027"
urn:cts:greekLit:tlg0012.tlg001.msA:10.361,"urn:cite:hmt:vaimg.VA133RN-0305@0.171,0.3922,0.421,0.0278"
urn:cts:greekLit:tlg0012.tlg001.msA:10.362,"urn:cite:hmt:vaimg.VA133RN-0305@0.168,0.4125,0.428,0.024"
urn:cts:greekLit:tlg0012.tlg001.msA:10.363,"urn:cite:hmt:vaimg.VA133RN-0305@0.172,0.4305,0.428,0.024"
urn:cts:greekLit:tlg0012.tlg001.msA:10.364,"urn:cite:hmt:vaimg.VA133RN-0305@0.168,0.4478,0.406,0.024"
urn:cts:greekLit:tlg0012.tlg001.msA:10.365,"urn:cite:hmt:vaimg.VA133RN-0305@0.167,0.4696,0.412,0.024"
urn:cts:greekLit:tlg0012.tlg001.msA:10.366,"urn:cite:hmt:vaimg.VA133RN-0305@0.167,0.4884,0.412,0.024"
urn:cts:greekLit:tlg0012.tlg001.msA:10.367,"urn:cite:hmt:vaimg.VA133RN-0305@0.162,0.5086,0.427,0.024"
urn:cts:greekLit:tlg0012.tlg001.msA:10.368,"urn:cite:hmt:vaimg.VA133RN-0305@0.157,0.5252,0.46,0.0248"
urn:cts:greekLit:tlg0012.tlg001.msA:10.369,"urn:cite:hmt:vaimg.VA133RN-0305@0.153,0.5447,0.445,0.0233"
urn:cts:greekLit:tlg0012.tlg001.msA:10.370,"urn:cite:hmt:vaimg.VA133RN-0305@0.167,0.562,0.421,0.0233"
urn:cts:greekLit:tlg0012.tlg001.msA:10.371,"urn:cite:hmt:vaimg.VA133RN-0305@0.162,0.5815,0.434,0.024"
urn:cts:greekLit:tlg0012.tlg001.msA:10.372,"urn:cite:hmt:vaimg.VA133RN-0305@0.16,0.5965,0.456,0.0278"
urn:cts:greekLit:tlg0012.tlg001.msA:10.373,"urn:cite:hmt:vaimg.VA133RN-0305@0.16,0.6176,0.429,0.0233"
urn:cts:greekLit:tlg0012.tlg001.msA:10.374,"urn:cite:hmt:vaimg.VA133RN-0305@0.166,0.6349,0.35,0.0255"
urn:cts:greekLit:tlg0012.tlg001.msA:10.375,"urn:cite:hmt:vaimg.VA133RN-0305@0.164,0.6544,0.428,0.0218"
urn:cts:greekLit:tlg0012.tlg001.msA:10.376,"urn:cite:hmt:vaimg.VA133RN-0305@0.156,0.6747,0.441,0.024"
urn:cts:greekLit:tlg0012.tlg001.msA:10.377,"urn:cite:hmt:vaimg.VA133VN-0635@0.471,0.2449,0.407,0.0255"
urn:cts:greekLit:tlg0012.tlg001.msA:10.378,"urn:cite:hmt:vaimg.VA133VN-0635@0.482,0.2667,0.406,0.0233"
urn:cts:greekLit:tlg0012.tlg001.msA:10.379,"urn:cite:hmt:vaimg.VA133VN-0635@0.476,0.287,0.395,0.0233"
urn:cts:greekLit:tlg0012.tlg001.msA:10.380,"urn:cite:hmt:vaimg.VA133VN-0635@0.479,0.3058,0.422,0.0233"
urn:cts:greekLit:tlg0012.tlg001.msA:10.381,"urn:cite:hmt:vaimg.VA133VN-0635@0.48,0.3231,0.422,0.0233"
urn:cts:greekLit:tlg0012.tlg001.msA:10.382,"urn:cite:hmt:vaimg.VA133VN-0635@0.48,0.3418,0.449,0.024"
urn:cts:greekLit:tlg0012.tlg001.msA:10.383,"urn:cite:hmt:vaimg.VA133VN-0635@0.481,0.3606,0.406,0.024"
urn:cts:greekLit:tlg0012.tlg001.msA:10.384,"urn:cite:hmt:vaimg.VA133VN-0635@0.482,0.3764,0.436,0.027"
urn:cts:greekLit:tlg0012.tlg001.msA:10.385,"urn:cite:hmt:vaimg.VA133VN-0635@0.48,0.3974,0.423,0.027"
urn:cts:greekLit:tlg0012.tlg001.msA:10.386,"urn:cite:hmt:vaimg.VA133VN-0635@0.479,0.417,0.423,0.027"
urn:cts:greekLit:tlg0012.tlg001.msA:10.387,"urn:cite:hmt:vaimg.VA133VN-0635@0.48,0.4335,0.394,0.027"
urn:cts:greekLit:tlg0012.tlg001.msA:10.388,"urn:cite:hmt:vaimg.VA133VN-0635@0.484,0.4538,0.397,0.024"
urn:cts:greekLit:tlg0012.tlg001.msA:10.389,"urn:cite:hmt:vaimg.VA133VN-0635@0.488,0.4741,0.397,0.024"
urn:cts:greekLit:tlg0012.tlg001.msA:10.390,"urn:cite:hmt:vaimg.VA133VN-0635@0.483,0.4899,0.432,0.027"
urn:cts:greekLit:tlg0012.tlg001.msA:10.391,"urn:cite:hmt:vaimg.VA133VN-0635@0.481,0.5094,0.432,0.027"
urn:cts:greekLit:tlg0012.tlg001.msA:10.392,"urn:cite:hmt:vaimg.VA133VN-0635@0.484,0.5304,0.406,0.0233"
urn:cts:greekLit:tlg0012.tlg001.msA:10.393,"urn:cite:hmt:vaimg.VA133VN-0635@0.488,0.5447,0.442,0.0255"
urn:cts:greekLit:tlg0012.tlg001.msA:10.394,"urn:cite:hmt:vaimg.VA133VN-0635@0.488,0.5642,0.424,0.0255"
urn:cts:greekLit:tlg0012.tlg001.msA:10.395,"urn:cite:hmt:vaimg.VA133VN-0635@0.49,0.5823,0.429,0.0255"
urn:cts:greekLit:tlg0012.tlg001.msA:10.396,"urn:cite:hmt:vaimg.VA133VN-0635@0.487,0.6003,0.383,0.0255"
urn:cts:greekLit:tlg0012.tlg001.msA:10.397,"urn:cite:hmt:vaimg.VA133VN-0635@0.489,0.6168,0.383,0.0255"
urn:cts:greekLit:tlg0012.tlg001.msA:10.398,"urn:cite:hmt:vaimg.VA133VN-0635@0.489,0.6349,0.388,0.0285"
urn:cts:greekLit:tlg0012.tlg001.msA:10.399,"urn:cite:hmt:vaimg.VA133VN-0635@0.494,0.6574,0.414,0.0248"
urn:cts:greekLit:tlg0012.tlg001.msA:10.400,"urn:cite:hmt:vaimg.VA133VN-0635@0.493,0.6747,0.424,0.0218"
urn:cts:greekLit:tlg0012.tlg001.msA:10.401,"urn:cite:hmt:vaimg.VA133VN-0635@0.493,0.6942,0.39,0.0248"
urn:cts:greekLit:tlg0012.tlg001.msA:10.452,"urn:cite:hmt:vaimg.VA135RN-0307@0.1882,0.1953,0.4314,0.027"
urn:cts:greekLit:tlg0012.tlg001.msA:10.453,"urn:cite:hmt:vaimg.VA135RN-0307@0.1812,0.2179,0.4134,0.0255"
urn:cts:greekLit:tlg0012.tlg001.msA:10.454,"urn:cite:hmt:vaimg.VA135RN-0307@0.1802,0.2352,0.3984,0.0255"
urn:cts:greekLit:tlg0012.tlg001.msA:10.455,"urn:cite:hmt:vaimg.VA135RN-0307@0.1842,0.2539,0.4034,0.0255"
urn:cts:greekLit:tlg0012.tlg001.msA:10.456,"urn:cite:hmt:vaimg.VA135RN-0307@0.1872,0.2712,0.4104,0.0278"
urn:cts:greekLit:tlg0012.tlg001.msA:10.457,"urn:cite:hmt:vaimg.VA135RN-0307@0.1882,0.2923,0.4234,0.0278"
urn:cts:greekLit:tlg0012.tlg001.msA:10.458,"urn:cite:hmt:vaimg.VA135RN-0307@0.1852,0.3118,0.4454,0.0278"
urn:cts:greekLit:tlg0012.tlg001.msA:10.459,"urn:cite:hmt:vaimg.VA135RN-0307@0.1852,0.3306,0.4505,0.0255"
urn:cts:greekLit:tlg0012.tlg001.msA:10.460,"urn:cite:hmt:vaimg.VA135RN-0307@0.1832,0.3494,0.3804,0.0233"
urn:cts:greekLit:tlg0012.tlg001.msA:10.461,"urn:cite:hmt:vaimg.VA135RN-0307@0.1812,0.3681,0.4284,0.0233"
urn:cts:greekLit:tlg0012.tlg001.msA:10.462,"urn:cite:hmt:vaimg.VA135RN-0307@0.1792,0.3892,0.4384,0.027"
urn:cts:greekLit:tlg0012.tlg001.msA:10.463,"urn:cite:hmt:vaimg.VA135RN-0307@0.1782,0.4072,0.4404,0.0248"
urn:cts:greekLit:tlg0012.tlg001.msA:10.464,"urn:cite:hmt:vaimg.VA135RN-0307@0.1782,0.4252,0.4324,0.0248"
urn:cts:greekLit:tlg0012.tlg001.msA:10.465,"urn:cite:hmt:vaimg.VA135RN-0307@0.1792,0.4433,0.4134,0.0248"
urn:cts:greekLit:tlg0012.tlg001.msA:10.466,"urn:cite:hmt:vaimg.VA135RN-0307@0.1752,0.4621,0.4204,0.0248"
urn:cts:greekLit:tlg0012.tlg001.msA:10.467,"urn:cite:hmt:vaimg.VA135RN-0307@0.1772,0.4831,0.4334,0.0248"
urn:cts:greekLit:tlg0012.tlg001.msA:10.468,"urn:cite:hmt:vaimg.VA135RN-0307@0.1762,0.5004,0.4414,0.0248"
urn:cts:greekLit:tlg0012.tlg001.msA:10.469,"urn:cite:hmt:vaimg.VA135RN-0307@0.1762,0.5207,0.4484,0.0248"
urn:cts:greekLit:tlg0012.tlg001.msA:10.470,"urn:cite:hmt:vaimg.VA135RN-0307@0.1722,0.5394,0.4484,0.0285"
urn:cts:greekLit:tlg0012.tlg001.msA:10.471,"urn:cite:hmt:vaimg.VA135RN-0307@0.1712,0.5567,0.4124,0.0285"
urn:cts:greekLit:tlg0012.tlg001.msA:10.472,"urn:cite:hmt:vaimg.VA135RN-0307@0.1742,0.5755,0.4454,0.0285"
urn:cts:greekLit:tlg0012.tlg001.msA:10.473,"urn:cite:hmt:vaimg.VA135RN-0307@0.1732,0.5965,0.4214,0.027"
urn:cts:greekLit:tlg0012.tlg001.msA:10.474,"urn:cite:hmt:vaimg.VA135RN-0307@0.1722,0.6123,0.4384,0.027"
urn:cts:greekLit:tlg0012.tlg001.msA:10.475,"urn:cite:hmt:vaimg.VA135RN-0307@0.1672,0.6341,0.3984,0.0233"
urn:cts:greekLit:tlg0012.tlg001.msA:10.476,"urn:cite:hmt:vaimg.VA135RN-0307@0.1612,0.6514,0.4645,0.027"
urn:cts:greekLit:tlg0012.tlg001.msA:10.477,"urn:cite:hmt:vaimg.VA135RN-0307@0.1632,0.6717,0.3744,0.027"
urn:cts:greekLit:tlg0012.tlg001.msA:10.478,"urn:cite:hmt:vaimg.VA135VN-0637@0.4745,0.2239,0.4424,0.024"
urn:cts:greekLit:tlg0012.tlg001.msA:10.479,"urn:cite:hmt:vaimg.VA135VN-0637@0.4755,0.2404,0.4344,0.027"
urn:cts:greekLit:tlg0012.tlg001.msA:10.480,"urn:cite:hmt:vaimg.VA135VN-0637@0.4745,0.2592,0.4214,0.0263"
urn:cts:greekLit:tlg0012.tlg001.msA:10.481,"urn:cite:hmt:vaimg.VA135VN-0637@0.4765,0.2787,0.4214,0.0263"
urn:cts:greekLit:tlg0012.tlg001.msA:10.482,"urn:cite:hmt:vaimg.VA135VN-0637@0.4795,0.2968,0.4384,0.0263"
urn:cts:greekLit:tlg0012.tlg001.msA:10.483,"urn:cite:hmt:vaimg.VA135VN-0637@0.4775,0.3156,0.4384,0.0263"
urn:cts:greekLit:tlg0012.tlg001.msA:10.484,"urn:cite:hmt:vaimg.VA135VN-0637@0.4755,0.3343,0.4094,0.0263"
urn:cts:greekLit:tlg0012.tlg001.msA:10.485,"urn:cite:hmt:vaimg.VA135VN-0637@0.4735,0.3516,0.4114,0.0263"
urn:cts:greekLit:tlg0012.tlg001.msA:10.486,"urn:cite:hmt:vaimg.VA135VN-0637@0.4765,0.3711,0.3794,0.0263"
urn:cts:greekLit:tlg0012.tlg001.msA:10.487,"urn:cite:hmt:vaimg.VA135VN-0637@0.4795,0.3914,0.4114,0.0263"
urn:cts:greekLit:tlg0012.tlg001.msA:10.488,"urn:cite:hmt:vaimg.VA135VN-0637@0.4795,0.4095,0.4234,0.0263"
urn:cts:greekLit:tlg0012.tlg001.msA:10.489,"urn:cite:hmt:vaimg.VA135VN-0637@0.4795,0.432,0.3814,0.0195"
urn:cts:greekLit:tlg0012.tlg001.msA:10.490,"urn:cite:hmt:vaimg.VA135VN-0637@0.4775,0.4478,0.4334,0.0233"
urn:cts:greekLit:tlg0012.tlg001.msA:10.491,"urn:cite:hmt:vaimg.VA135VN-0637@0.4745,0.4666,0.4244,0.0233"
urn:cts:greekLit:tlg0012.tlg001.msA:10.492,"urn:cite:hmt:vaimg.VA135VN-0637@0.4755,0.4876,0.3714,0.0233"
urn:cts:greekLit:tlg0012.tlg001.msA:10.493,"urn:cite:hmt:vaimg.VA135VN-0637@0.4765,0.5049,0.4184,0.0233"
urn:cts:greekLit:tlg0012.tlg001.msA:10.494,"urn:cite:hmt:vaimg.VA135VN-0637@0.4705,0.5244,0.4184,0.0233"
urn:cts:greekLit:tlg0012.tlg001.msA:10.495,"urn:cite:hmt:vaimg.VA135VN-0637@0.4735,0.5424,0.4234,0.0233"
urn:cts:greekLit:tlg0012.tlg001.msA:10.496,"urn:cite:hmt:vaimg.VA135VN-0637@0.4755,0.5605,0.4334,0.0233"
urn:cts:greekLit:tlg0012.tlg001.msA:10.497,"urn:cite:hmt:vaimg.VA135VN-0637@0.4725,0.58,0.4094,0.0233"
urn:cts:greekLit:tlg0012.tlg001.msA:10.498,"urn:cite:hmt:vaimg.VA135VN-0637@0.4745,0.5988,0.4314,0.0233"
urn:cts:greekLit:tlg0012.tlg001.msA:10.499,"urn:cite:hmt:vaimg.VA135VN-0637@0.4755,0.6161,0.3974,0.0233"
urn:cts:greekLit:tlg0012.tlg001.msA:10.500,"urn:cite:hmt:vaimg.VA135VN-0637@0.4755,0.6364,0.4034,0.0233"
urn:cts:greekLit:tlg0012.tlg001.msA:10.501,"urn:cite:hmt:vaimg.VA135VN-0637@0.4765,0.6551,0.4034,0.0233"
urn:cts:greekLit:tlg0012.tlg001.msA:10.502,"urn:cite:hmt:vaimg.VA135VN-0637@0.4805,0.6747,0.4034,0.0233"
urn:cts:greekLit:tlg0012.tlg001.msA:10.503,"urn:cite:hmt:vaimg.VA136RN-0308@0.1802,0.1953,0.4144,0.0346"
urn:cts:greekLit:tlg0012.tlg001.msA:10.504,"urn:cite:hmt:vaimg.VA136RN-0308@0.1782,0.2194,0.3874,0.027"
urn:cts:greekLit:tlg0012.tlg001.msA:10.505,"urn:cite:hmt:vaimg.VA136RN-0308@0.1782,0.2367,0.3544,0.0285"
urn:cts:greekLit:tlg0012.tlg001.msA:10.506,"urn:cite:hmt:vaimg.VA136RN-0308@0.1792,0.2585,0.3954,0.0225"
urn:cts:greekLit:tlg0012.tlg001.msA:10.507,"urn:cite:hmt:vaimg.VA136RN-0308@0.1802,0.2742,0.4394,0.0285"
urn:cts:greekLit:tlg0012.tlg001.msA:10.508,"urn:cite:hmt:vaimg.VA136RN-0308@0.1752,0.2938,0.3984,0.0255"
urn:cts:greekLit:tlg0012.tlg001.msA:10.509,"urn:cite:hmt:vaimg.VA136RN-0308@0.1732,0.314,0.3814,0.0255"
urn:cts:greekLit:tlg0012.tlg001.msA:10.510,"urn:cite:hmt:vaimg.VA136RN-0308@0.1782,0.3328,0.4344,0.0255"
urn:cts:greekLit:tlg0012.tlg001.msA:10.511,"urn:cite:hmt:vaimg.VA136RN-0308@0.1782,0.3509,0.4064,0.0263"
urn:cts:greekLit:tlg0012.tlg001.msA:10.512,"urn:cite:hmt:vaimg.VA136RN-0308@0.1712,0.3704,0.4114,0.027"
urn:cts:greekLit:tlg0012.tlg001.msA:10.513,"urn:cite:hmt:vaimg.VA136RN-0308@0.1722,0.3929,0.4404,0.0218"
urn:cts:greekLit:tlg0012.tlg001.msA:10.514,"urn:cite:hmt:vaimg.VA136RN-0308@0.1682,0.408,0.4074,0.0278"
urn:cts:greekLit:tlg0012.tlg001.msA:10.515,"urn:cite:hmt:vaimg.VA136RN-0308@0.1692,0.4298,0.4114,0.0263"
urn:cts:greekLit:tlg0012.tlg001.msA:10.516,"urn:cite:hmt:vaimg.VA136RN-0308@0.1662,0.4478,0.4114,0.0218"
urn:cts:greekLit:tlg0012.tlg001.msA:10.517,"urn:cite:hmt:vaimg.VA136RN-0308@0.1662,0.4651,0.4144,0.0248"
urn:cts:greekLit:tlg0012.tlg001.msA:10.518,"urn:cite:hmt:vaimg.VA136RN-0308@0.1622,0.4838,0.4154,0.024"
urn:cts:greekLit:tlg0012.tlg001.msA:10.519,"urn:cite:hmt:vaimg.VA136RN-0308@0.1612,0.5026,0.4154,0.024"
urn:cts:greekLit:tlg0012.tlg001.msA:10.520,"urn:cite:hmt:vaimg.VA136RN-0308@0.1602,0.5222,0.4154,0.024"
urn:cts:greekLit:tlg0012.tlg001.msA:10.521,"urn:cite:hmt:vaimg.VA136RN-0308@0.1572,0.5424,0.4284,0.024"
urn:cts:greekLit:tlg0012.tlg001.msA:10.522,"urn:cite:hmt:vaimg.VA136RN-0308@0.1582,0.559,0.4344,0.0293"
urn:cts:greekLit:tlg0012.tlg001.msA:10.523,"urn:cite:hmt:vaimg.VA136RN-0308@0.1552,0.5778,0.4404,0.0323"
urn:cts:greekLit:tlg0012.tlg001.msA:10.524,"urn:cite:hmt:vaimg.VA136RN-0308@0.1542,0.6033,0.4214,0.0225"
urn:cts:greekLit:tlg0012.tlg001.msA:10.525,"urn:cite:hmt:vaimg.VA136RN-0308@0.1532,0.6198,0.4214,0.0225"
urn:cts:greekLit:tlg0012.tlg001.msA:10.526,"urn:cite:hmt:vaimg.VA136RN-0308@0.1471,0.6371,0.4525,0.0278"
urn:cts:greekLit:tlg0012.tlg001.msA:10.527,"urn:cite:hmt:vaimg.VA136RN-0308@0.1552,0.6559,0.4595,0.0361"
urn:cts:greekLit:tlg0012.tlg001.msA:10.528,"urn:cite:hmt:vaimg.VA136VN-0638@0.4845,0.2179,0.4154,0.0331"
urn:cts:greekLit:tlg0012.tlg001.msA:10.529,"urn:cite:hmt:vaimg.VA136VN-0638@0.4835,0.2434,0.3984,0.0285"
urn:cts:greekLit:tlg0012.tlg001.msA:10.530,"urn:cite:hmt:vaimg.VA136VN-0638@0.4855,0.2652,0.3824,0.024"
urn:cts:greekLit:tlg0012.tlg001.msA:10.532,"urn:cite:hmt:vaimg.VA136VN-0638@0.4835,0.2817,0.3854,0.024"
urn:cts:greekLit:tlg0012.tlg001.msA:10.533,"urn:cite:hmt:vaimg.VA136VN-0638@0.4795,0.3013,0.3744,0.024"
urn:cts:greekLit:tlg0012.tlg001.msA:10.534,"urn:cite:hmt:vaimg.VA136VN-0638@0.4815,0.3193,0.4464,0.0263"
urn:cts:greekLit:tlg0012.tlg001.msA:10.535,"urn:cite:hmt:vaimg.VA136VN-0638@0.4855,0.3403,0.4234,0.0263"
urn:cts:greekLit:tlg0012.tlg001.msA:10.536,"urn:cite:hmt:vaimg.VA136VN-0638@0.4855,0.3576,0.3984,0.0263"
urn:cts:greekLit:tlg0012.tlg001.msA:10.537,"urn:cite:hmt:vaimg.VA136VN-0638@0.4835,0.3779,0.4324,0.0263"
urn:cts:greekLit:tlg0012.tlg001.msA:10.538,"urn:cite:hmt:vaimg.VA136VN-0638@0.4865,0.3944,0.4264,0.0263"
urn:cts:greekLit:tlg0012.tlg001.msA:10.539,"urn:cite:hmt:vaimg.VA136VN-0638@0.4865,0.414,0.3544,0.0263"
urn:cts:greekLit:tlg0012.tlg001.msA:10.540,"urn:cite:hmt:vaimg.VA136VN-0638@0.4845,0.4328,0.3824,0.0233"
urn:cts:greekLit:tlg0012.tlg001.msA:10.541,"urn:cite:hmt:vaimg.VA136VN-0638@0.4865,0.4508,0.4364,0.0255"
urn:cts:greekLit:tlg0012.tlg001.msA:10.542,"urn:cite:hmt:vaimg.VA136VN-0638@0.4825,0.4718,0.3534,0.0285"
urn:cts:greekLit:tlg0012.tlg001.msA:10.543,"urn:cite:hmt:vaimg.VA136VN-0638@0.4795,0.4899,0.4244,0.0255"
urn:cts:greekLit:tlg0012.tlg001.msA:10.544,"urn:cite:hmt:vaimg.VA136VN-0638@0.4765,0.5094,0.4344,0.0255"
urn:cts:greekLit:tlg0012.tlg001.msA:10.545,"urn:cite:hmt:vaimg.VA136VN-0638@0.4775,0.5267,0.4464,0.0255"
urn:cts:greekLit:tlg0012.tlg001.msA:10.546,"urn:cite:hmt:vaimg.VA136VN-0638@0.4805,0.5462,0.4274,0.0255"
urn:cts:greekLit:tlg0012.tlg001.msA:10.547,"urn:cite:hmt:vaimg.VA136VN-0638@0.4835,0.5657,0.3413,0.0225"
urn:cts:greekLit:tlg0012.tlg001.msA:10.548,"urn:cite:hmt:vaimg.VA136VN-0638@0.4865,0.5823,0.3874,0.0255"
urn:cts:greekLit:tlg0012.tlg001.msA:10.549,"urn:cite:hmt:vaimg.VA136VN-0638@0.4875,0.6026,0.4314,0.0255"
urn:cts:greekLit:tlg0012.tlg001.msA:10.550,"urn:cite:hmt:vaimg.VA136VN-0638@0.4845,0.6206,0.4044,0.0233"
urn:cts:greekLit:tlg0012.tlg001.msA:10.551,"urn:cite:hmt:vaimg.VA136VN-0638@0.4835,0.6409,0.4184,0.0233"
urn:cts:greekLit:tlg0012.tlg001.msA:10.552,"urn:cite:hmt:vaimg.VA136VN-0638@0.4825,0.6551,0.4264,0.0278"
urn:cts:greekLit:tlg0012.tlg001.msA:10.553,"urn:cite:hmt:vaimg.VA136VN-0638@0.4805,0.6762,0.3894,0.0278"
urn:cts:greekLit:tlg0012.tlg001.msA:10.554,"urn:cite:hmt:vaimg.VA137RN-0309@0.1852,0.2171,0.4775,0.027"
urn:cts:greekLit:tlg0012.tlg001.msA:10.555,"urn:cite:hmt:vaimg.VA137RN-0309@0.1852,0.2374,0.3794,0.027"
urn:cts:greekLit:tlg0012.tlg001.msA:10.556,"urn:cite:hmt:vaimg.VA137RN-0309@0.1902,0.2554,0.4154,0.027"
urn:cts:greekLit:tlg0012.tlg001.msA:10.557,"urn:cite:hmt:vaimg.VA137RN-0309@0.1892,0.275,0.4154,0.0255"
urn:cts:greekLit:tlg0012.tlg001.msA:10.558,"urn:cite:hmt:vaimg.VA137RN-0309@0.1902,0.2945,0.4154,0.0248"
urn:cts:greekLit:tlg0012.tlg001.msA:10.559,"urn:cite:hmt:vaimg.VA137RN-0309@0.1822,0.314,0.4354,0.0285"
urn:cts:greekLit:tlg0012.tlg001.msA:10.560,"urn:cite:hmt:vaimg.VA137RN-0309@0.1872,0.3321,0.4745,0.0285"
urn:cts:greekLit:tlg0012.tlg001.msA:10.561,"urn:cite:hmt:vaimg.VA137RN-0309@0.1852,0.3516,0.4585,0.0285"
urn:cts:greekLit:tlg0012.tlg001.msA:10.562,"urn:cite:hmt:vaimg.VA137RN-0309@0.1902,0.3742,0.4154,0.0263"
urn:cts:greekLit:tlg0012.tlg001.msA:10.563,"urn:cite:hmt:vaimg.VA137RN-0309@0.1912,0.3937,0.3894,0.0248"
urn:cts:greekLit:tlg0012.tlg001.msA:10.564,"urn:cite:hmt:vaimg.VA137RN-0309@0.1892,0.411,0.4124,0.0248"
urn:cts:greekLit:tlg0012.tlg001.msA:10.565,"urn:cite:hmt:vaimg.VA137RN-0309@0.1922,0.4313,0.4194,0.0248"
urn:cts:greekLit:tlg0012.tlg001.msA:10.566,"urn:cite:hmt:vaimg.VA137RN-0309@0.1882,0.4485,0.4224,0.0248"
urn:cts:greekLit:tlg0012.tlg001.msA:10.567,"urn:cite:hmt:vaimg.VA137RN-0309@0.1912,0.4658,0.4044,0.0278"
urn:cts:greekLit:tlg0012.tlg001.msA:10.568,"urn:cite:hmt:vaimg.VA137RN-0309@0.1882,0.4838,0.4084,0.0278"
urn:cts:greekLit:tlg0012.tlg001.msA:10.569,"urn:cite:hmt:vaimg.VA137RN-0309@0.1892,0.5034,0.4174,0.0278"
urn:cts:greekLit:tlg0012.tlg001.msA:10.570,"urn:cite:hmt:vaimg.VA137RN-0309@0.1882,0.5237,0.4174,0.0278"
urn:cts:greekLit:tlg0012.tlg001.msA:10.571,"urn:cite:hmt:vaimg.VA137RN-0309@0.1862,0.5402,0.4224,0.0278"
urn:cts:greekLit:tlg0012.tlg001.msA:10.572,"urn:cite:hmt:vaimg.VA137RN-0309@0.1832,0.5605,0.4034,0.0278"
urn:cts:greekLit:tlg0012.tlg001.msA:10.573,"urn:cite:hmt:vaimg.VA137RN-0309@0.1812,0.5785,0.4314,0.0278"
urn:cts:greekLit:tlg0012.tlg001.msA:10.574,"urn:cite:hmt:vaimg.VA137RN-0309@0.1802,0.6003,0.4314,0.0225"
urn:cts:greekLit:tlg0012.tlg001.msA:10.575,"urn:cite:hmt:vaimg.VA137RN-0309@0.1782,0.6213,0.4314,0.0225"
urn:cts:greekLit:tlg0012.tlg001.msA:10.576,"urn:cite:hmt:vaimg.VA137RN-0309@0.1812,0.6386,0.4124,0.0225"
urn:cts:greekLit:tlg0012.tlg001.msA:10.577,"urn:cite:hmt:vaimg.VA137RN-0309@0.1832,0.6574,0.4344,0.0225"
urn:cts:greekLit:tlg0012.tlg001.msA:10.578,"urn:cite:hmt:vaimg.VA137RN-0309@0.1822,0.6747,0.4414,0.0255"
urn:cts:greekLit:tlg0012.tlg001.msA:10.579,"urn:cite:hmt:vaimg.VA137RN-0309@0.1722,0.6927,0.4575,0.0255"
