"urn:cite:hmt:msA.1r","urn:cite:hmt:vaimg.VA001RN-0002"
"urn:cite:hmt:msA.1v","urn:cite:hmt:vaimg.VA001VN-0503"
"urn:cite:hmt:msA.2r","urn:cite:hmt:vaimg.VA002RN-0003"
"urn:cite:hmt:msA.2v","urn:cite:hmt:vaimg.VA002VN-0504"
"urn:cite:hmt:msA.3r","urn:cite:hmt:vaimg.VA003RN-0004"
"urn:cite:hmt:msA.3v","urn:cite:hmt:vaimg.VA003VN-0505"
"urn:cite:hmt:msA.4r","urn:cite:hmt:vaimg.VA004RN-0005"
"urn:cite:hmt:msA.4v","urn:cite:hmt:vaimg.VA004VN-0506"
"urn:cite:hmt:msA.5r","urn:cite:hmt:vaimg.VA005RN-0006"
"urn:cite:hmt:msA.5v","urn:cite:hmt:vaimg.VA005VN-0507"
"urn:cite:hmt:msA.6r","urn:cite:hmt:vaimg.VA006RN-0007"
"urn:cite:hmt:msA.6v","urn:cite:hmt:vaimg.VA006VN-0508"
"urn:cite:hmt:msA.7r","urn:cite:hmt:vaimg.VA007RN-0008"
"urn:cite:hmt:msA.7v","urn:cite:hmt:vaimg.VA007VN-0509"
"urn:cite:hmt:msA.8r","urn:cite:hmt:vaimg.VA008RN-0009"
"urn:cite:hmt:msA.8v","urn:cite:hmt:vaimg.VA008VN-0510"
"urn:cite:hmt:msA.9r","urn:cite:hmt:vaimg.VA009RN-0010"
"urn:cite:hmt:msA.9v","urn:cite:hmt:vaimg.VA009VN-0511"
"urn:cite:hmt:msA.10r","urn:cite:hmt:vaimg.VA010RN-0011"
"urn:cite:hmt:msA.10v","urn:cite:hmt:vaimg.VA010VN-0512"
"urn:cite:hmt:msA.11r","urn:cite:hmt:vaimg.VA011RN-0012"
"urn:cite:hmt:msA.11v","urn:cite:hmt:vaimg.VA011VN-0513"
"urn:cite:hmt:msA.12r","urn:cite:hmt:vaimg.VA012RN-0013"
"urn:cite:hmt:msA.12v","urn:cite:hmt:vaimg.VA012VN-0514"
"urn:cite:hmt:msA.13r","urn:cite:hmt:vaimg.VA013RN-0014"
"urn:cite:hmt:msA.13v","urn:cite:hmt:vaimg.VA013VN-0515"
"urn:cite:hmt:msA.14r","urn:cite:hmt:vaimg.VA014RN-0015"
"urn:cite:hmt:msA.14v","urn:cite:hmt:vaimg.VA014VN-0516"
"urn:cite:hmt:msA.15r","urn:cite:hmt:vaimg.VA015RN-0016"
"urn:cite:hmt:msA.15v","urn:cite:hmt:vaimg.VA015VN-0517"
"urn:cite:hmt:msA.16r","urn:cite:hmt:vaimg.VA016RN-0017"
"urn:cite:hmt:msA.16v","urn:cite:hmt:vaimg.VA016VN-0518"
"urn:cite:hmt:msA.17r","urn:cite:hmt:vaimg.VA017RN-0018"
"urn:cite:hmt:msA.17v","urn:cite:hmt:vaimg.VA017VN-0519"
"urn:cite:hmt:msA.18r","urn:cite:hmt:vaimg.VA018RN-0019"
"urn:cite:hmt:msA.18v","urn:cite:hmt:vaimg.VA018VN-0520"
"urn:cite:hmt:msA.19r","urn:cite:hmt:vaimg.VA019RN-0020"
"urn:cite:hmt:msA.19v","urn:cite:hmt:vaimg.VA019VN-0521"
"urn:cite:hmt:msA.20r","urn:cite:hmt:vaimg.VA020RN-0021"
"urn:cite:hmt:msA.20v","urn:cite:hmt:vaimg.VA020VN-0522"
"urn:cite:hmt:msA.21r","urn:cite:hmt:vaimg.VA021RN-0022"
"urn:cite:hmt:msA.21v","urn:cite:hmt:vaimg.VA021VN-0523"
"urn:cite:hmt:msA.22r","urn:cite:hmt:vaimg.VA022RN-0023"
"urn:cite:hmt:msA.22v","urn:cite:hmt:vaimg.VA022VN-0524"
"urn:cite:hmt:msA.23r","urn:cite:hmt:vaimg.VA023RN-0024"
"urn:cite:hmt:msA.23v","urn:cite:hmt:vaimg.VA023VN-0525"
"urn:cite:hmt:msA.24r","urn:cite:hmt:vaimg.VA024RN-0025"
"urn:cite:hmt:msA.24v","urn:cite:hmt:vaimg.VA024VN-0526"
"urn:cite:hmt:msA.25r","urn:cite:hmt:vaimg.VA025RN-0026"
"urn:cite:hmt:msA.25v","urn:cite:hmt:vaimg.VA025VN-0527"
"urn:cite:hmt:msA.26r","urn:cite:hmt:vaimg.VA026RN-0027"
"urn:cite:hmt:msA.26v","urn:cite:hmt:vaimg.VA026VN-0528"
"urn:cite:hmt:msA.27r","urn:cite:hmt:vaimg.VA027RN-0028"
"urn:cite:hmt:msA.27v","urn:cite:hmt:vaimg.VA027VN-0529"
"urn:cite:hmt:msA.28r","urn:cite:hmt:vaimg.VA028RN-0029"
"urn:cite:hmt:msA.28v","urn:cite:hmt:vaimg.VA028VN-0530"
"urn:cite:hmt:msA.29r","urn:cite:hmt:vaimg.VA029RN-0030"
"urn:cite:hmt:msA.29v","urn:cite:hmt:vaimg.VA029VN-0531"
"urn:cite:hmt:msA.30r","urn:cite:hmt:vaimg.VA030RN-0031"
"urn:cite:hmt:msA.30v","urn:cite:hmt:vaimg.VA030VN-0532"
"urn:cite:hmt:msA.31r","urn:cite:hmt:vaimg.VA031RN-0032"
"urn:cite:hmt:msA.31v","urn:cite:hmt:vaimg.VA031VN-0533"
"urn:cite:hmt:msA.32r","urn:cite:hmt:vaimg.VA032RN-0033"
"urn:cite:hmt:msA.32v","urn:cite:hmt:vaimg.VA032VN-0534"
"urn:cite:hmt:msA.33r","urn:cite:hmt:vaimg.VA033RN-0034"
"urn:cite:hmt:msA.33v","urn:cite:hmt:vaimg.VA033VN-0535"
"urn:cite:hmt:msA.34r","urn:cite:hmt:vaimg.VA034RN-0035"
"urn:cite:hmt:msA.34v","urn:cite:hmt:vaimg.VA034VN-0536"
"urn:cite:hmt:msA.35r","urn:cite:hmt:vaimg.VA035RN-0036"
"urn:cite:hmt:msA.35v","urn:cite:hmt:vaimg.VA035VN-0537"
"urn:cite:hmt:msA.36r","urn:cite:hmt:vaimg.VA036RN-0037"
"urn:cite:hmt:msA.36v","urn:cite:hmt:vaimg.VA036VN-0538"
"urn:cite:hmt:msA.37r","urn:cite:hmt:vaimg.VA037RN-0038"
"urn:cite:hmt:msA.37v","urn:cite:hmt:vaimg.VA037VN-0539"
"urn:cite:hmt:msA.38r","urn:cite:hmt:vaimg.VA038RN-0039"
"urn:cite:hmt:msA.38v","urn:cite:hmt:vaimg.VA038VN-0540"
"urn:cite:hmt:msA.39r","urn:cite:hmt:vaimg.VA039RN-0040"
"urn:cite:hmt:msA.39v","urn:cite:hmt:vaimg.VA039VN-0541"
"urn:cite:hmt:msA.40r","urn:cite:hmt:vaimg.VA040RN-0041"
"urn:cite:hmt:msA.40v","urn:cite:hmt:vaimg.VA040VN-0542"
"urn:cite:hmt:msA.41r","urn:cite:hmt:vaimg.VA041RN-0042"
"urn:cite:hmt:msA.41v","urn:cite:hmt:vaimg.VA041VN-0543"
"urn:cite:hmt:msA.42r","urn:cite:hmt:vaimg.VA042RN-0043"
"urn:cite:hmt:msA.42v","urn:cite:hmt:vaimg.VA042VN-0544"
"urn:cite:hmt:msA.43r","urn:cite:hmt:vaimg.VA043RN-0044"
"urn:cite:hmt:msA.43v","urn:cite:hmt:vaimg.VA043VN-0545"
"urn:cite:hmt:msA.44r","urn:cite:hmt:vaimg.VA044RN-0045"
"urn:cite:hmt:msA.44v","urn:cite:hmt:vaimg.VA044VN-0546"
"urn:cite:hmt:msA.45r","urn:cite:hmt:vaimg.VA045RN-0046"
"urn:cite:hmt:msA.45v","urn:cite:hmt:vaimg.VA045VN-0547"
"urn:cite:hmt:msA.46r","urn:cite:hmt:vaimg.VA046RN-0047"
"urn:cite:hmt:msA.46v","urn:cite:hmt:vaimg.VA046VN-0548"
"urn:cite:hmt:msA.47r","urn:cite:hmt:vaimg.VA047RN-0048"
"urn:cite:hmt:msA.47v","urn:cite:hmt:vaimg.VA047VN-0549"
"urn:cite:hmt:msA.48r","urn:cite:hmt:vaimg.VA048RN-0049"
"urn:cite:hmt:msA.48v","urn:cite:hmt:vaimg.VA048VN-0550"
"urn:cite:hmt:msA.49r","urn:cite:hmt:vaimg.VA049RN-0050"
"urn:cite:hmt:msA.49v","urn:cite:hmt:vaimg.VA049VN-0551"
"urn:cite:hmt:msA.50r","urn:cite:hmt:vaimg.VA050RN-0051"
"urn:cite:hmt:msA.50v","urn:cite:hmt:vaimg.VA050VN-0552"
"urn:cite:hmt:msA.51r","urn:cite:hmt:vaimg.VA051RN-0052"
"urn:cite:hmt:msA.51v","urn:cite:hmt:vaimg.VA051VN-0553"
"urn:cite:hmt:msA.52r","urn:cite:hmt:vaimg.VA052RN-0053"
"urn:cite:hmt:msA.52v","urn:cite:hmt:vaimg.VA052VN-0554"
"urn:cite:hmt:msA.53r","urn:cite:hmt:vaimg.VA053RN-0054"
"urn:cite:hmt:msA.53v","urn:cite:hmt:vaimg.VA053VN-0555"
"urn:cite:hmt:msA.54r","urn:cite:hmt:vaimg.VA054RN-0055"
"urn:cite:hmt:msA.54v","urn:cite:hmt:vaimg.VA054VN-0556"
"urn:cite:hmt:msA.55r","urn:cite:hmt:vaimg.VA055RN-0056"
"urn:cite:hmt:msA.55v","urn:cite:hmt:vaimg.VA055VN-0557"
"urn:cite:hmt:msA.56r","urn:cite:hmt:vaimg.VA056RN-0057"
"urn:cite:hmt:msA.56v","urn:cite:hmt:vaimg.VA056VN-0558"
"urn:cite:hmt:msA.57r","urn:cite:hmt:vaimg.VA057RN-0058"
"urn:cite:hmt:msA.57v","urn:cite:hmt:vaimg.VA057VN-0559"
"urn:cite:hmt:msA.58r","urn:cite:hmt:vaimg.VA058RN-0059"
"urn:cite:hmt:msA.58v","urn:cite:hmt:vaimg.VA058VN-0560"
"urn:cite:hmt:msA.59r","urn:cite:hmt:vaimg.VA059RN-0060"
"urn:cite:hmt:msA.59v","urn:cite:hmt:vaimg.VA059VN-0561"
"urn:cite:hmt:msA.60r","urn:cite:hmt:vaimg.VA060RN-0061"
"urn:cite:hmt:msA.60v","urn:cite:hmt:vaimg.VA060VN-0562"
"urn:cite:hmt:msA.61r","urn:cite:hmt:vaimg.VA061RN-0062"
"urn:cite:hmt:msA.61v","urn:cite:hmt:vaimg.VA061VN-0563"
"urn:cite:hmt:msA.62r","urn:cite:hmt:vaimg.VA062RN-0063"
"urn:cite:hmt:msA.62v","urn:cite:hmt:vaimg.VA062VN-0564"
"urn:cite:hmt:msA.63r","urn:cite:hmt:vaimg.VA063RN-0064"
"urn:cite:hmt:msA.63v","urn:cite:hmt:vaimg.VA063VN-0565"
"urn:cite:hmt:msA.64r","urn:cite:hmt:vaimg.VA064RN-0065"
"urn:cite:hmt:msA.64v","urn:cite:hmt:vaimg.VA064VN-0566"
"urn:cite:hmt:msA.65r","urn:cite:hmt:vaimg.VA065RN-0066"
"urn:cite:hmt:msA.65v","urn:cite:hmt:vaimg.VA065VN-0567"
"urn:cite:hmt:msA.66r","urn:cite:hmt:vaimg.VA066RN-0067"
"urn:cite:hmt:msA.66v","urn:cite:hmt:vaimg.VA066VN-0568"
"urn:cite:hmt:msA.67r","urn:cite:hmt:vaimg.VA067RN-0068"
"urn:cite:hmt:msA.67v","urn:cite:hmt:vaimg.VA067VN-0569"
"urn:cite:hmt:msA.68r","urn:cite:hmt:vaimg.VA068RN-0069"
"urn:cite:hmt:msA.68v","urn:cite:hmt:vaimg.VA068VN-0570"
"urn:cite:hmt:msA.69r","urn:cite:hmt:vaimg.VA069RN-0070"
"urn:cite:hmt:msA.69v","urn:cite:hmt:vaimg.VA069VN-0571"
"urn:cite:hmt:msA.70r","urn:cite:hmt:vaimg.VA070RN-0071"
"urn:cite:hmt:msA.70v","urn:cite:hmt:vaimg.VA070VN-0572"
"urn:cite:hmt:msA.71r","urn:cite:hmt:vaimg.VA071RN-0072"
"urn:cite:hmt:msA.71v","urn:cite:hmt:vaimg.VA071VN-0573"
"urn:cite:hmt:msA.72r","urn:cite:hmt:vaimg.VA072RN-0073"
"urn:cite:hmt:msA.72v","urn:cite:hmt:vaimg.VA072VN-0574"
"urn:cite:hmt:msA.73r","urn:cite:hmt:vaimg.VA073RN-0074"
"urn:cite:hmt:msA.73v","urn:cite:hmt:vaimg.VA073VN-0575"
"urn:cite:hmt:msA.74r","urn:cite:hmt:vaimg.VA074RN-0075"
"urn:cite:hmt:msA.74v","urn:cite:hmt:vaimg.VA074VN-0576"
"urn:cite:hmt:msA.75r","urn:cite:hmt:vaimg.VA075RN-0076"
"urn:cite:hmt:msA.75v","urn:cite:hmt:vaimg.VA075VN-0577"
"urn:cite:hmt:msA.76r","urn:cite:hmt:vaimg.VA076RN-0077"
"urn:cite:hmt:msA.76v","urn:cite:hmt:vaimg.VA076VN-0579"
"urn:cite:hmt:msA.77r","urn:cite:hmt:vaimg.VA077RN-0078"
"urn:cite:hmt:msA.77v","urn:cite:hmt:vaimg.VA077VN-0580"
"urn:cite:hmt:msA.78r","urn:cite:hmt:vaimg.VA078RN-0079"
"urn:cite:hmt:msA.78v","urn:cite:hmt:vaimg.VA078VN-0581"
"urn:cite:hmt:msA.79r","urn:cite:hmt:vaimg.VA079RN-0080"
"urn:cite:hmt:msA.79v","urn:cite:hmt:vaimg.VA079VN-0582"
"urn:cite:hmt:msA.80r","urn:cite:hmt:vaimg.VA080RN-0081"
"urn:cite:hmt:msA.80v","urn:cite:hmt:vaimg.VA080VN-0583"
"urn:cite:hmt:msA.81r","urn:cite:hmt:vaimg.VA081RN-0082"
"urn:cite:hmt:msA.81v","urn:cite:hmt:vaimg.VA081VN-0584"
"urn:cite:hmt:msA.82r","urn:cite:hmt:vaimg.VA082RN-0254"
"urn:cite:hmt:msA.82v","urn:cite:hmt:vaimg.VA082VN-0585"
"urn:cite:hmt:msA.83r","urn:cite:hmt:vaimg.VA083RN-0255"
"urn:cite:hmt:msA.83v","urn:cite:hmt:vaimg.VA083VN-0586"
"urn:cite:hmt:msA.84r","urn:cite:hmt:vaimg.VA084RN-0256"
"urn:cite:hmt:msA.84v","urn:cite:hmt:vaimg.VA084VN-0587"
"urn:cite:hmt:msA.85r","urn:cite:hmt:vaimg.VA085RN-0257"
"urn:cite:hmt:msA.85v","urn:cite:hmt:vaimg.VA085VN-0588"
"urn:cite:hmt:msA.86r","urn:cite:hmt:vaimg.VA086RN-0258"
"urn:cite:hmt:msA.86v","urn:cite:hmt:vaimg.VA086VN-0589"
"urn:cite:hmt:msA.87r","urn:cite:hmt:vaimg.VA087RN-0259"
"urn:cite:hmt:msA.87v","urn:cite:hmt:vaimg.VA087VN-0590"
"urn:cite:hmt:msA.88r","urn:cite:hmt:vaimg.VA088RN-0260"
"urn:cite:hmt:msA.88v","urn:cite:hmt:vaimg.VA088VN-0591"
"urn:cite:hmt:msA.89r","urn:cite:hmt:vaimg.VA089RN-0261"
"urn:cite:hmt:msA.89r","urn:cite:hmt:vaimg.VA089RN-0261a"
"urn:cite:hmt:msA.89v","urn:cite:hmt:vaimg.VA089VN-0592"
"urn:cite:hmt:msA.90r","urn:cite:hmt:vaimg.VA090RN-0262"
"urn:cite:hmt:msA.90v","urn:cite:hmt:vaimg.VA090VN-0593"
"urn:cite:hmt:msA.91r","urn:cite:hmt:vaimg.VA091RN-0263"
"urn:cite:hmt:msA.91v","urn:cite:hmt:vaimg.VA091VN-0594"
"urn:cite:hmt:msA.92r","urn:cite:hmt:vaimg.VA092RN-0264"
"urn:cite:hmt:msA.92v","urn:cite:hmt:vaimg.VA092VN-0595"
"urn:cite:hmt:msA.93r","urn:cite:hmt:vaimg.VA093RN-0265"
"urn:cite:hmt:msA.93v","urn:cite:hmt:vaimg.VA093VN-0596"
"urn:cite:hmt:msA.94r","urn:cite:hmt:vaimg.VA094RN-0266"
"urn:cite:hmt:msA.94v","urn:cite:hmt:vaimg.VA094VN-0597"
"urn:cite:hmt:msA.95r","urn:cite:hmt:vaimg.VA095RN-0267"
"urn:cite:hmt:msA.95v","urn:cite:hmt:vaimg.VA095VN-0598"
"urn:cite:hmt:msA.96r","urn:cite:hmt:vaimg.VA096RN-0268"
"urn:cite:hmt:msA.96v","urn:cite:hmt:vaimg.VA096VN-0599"
"urn:cite:hmt:msA.97r","urn:cite:hmt:vaimg.VA097RN-0269"
"urn:cite:hmt:msA.97v","urn:cite:hmt:vaimg.VA097VN-0600"
"urn:cite:hmt:msA.98r","urn:cite:hmt:vaimg.VA098RN-0270"
"urn:cite:hmt:msA.98v","urn:cite:hmt:vaimg.VA098VN-0601"
"urn:cite:hmt:msA.99r","urn:cite:hmt:vaimg.VA099RN-0271"
"urn:cite:hmt:msA.99v","urn:cite:hmt:vaimg.VA099VN-0602"
"urn:cite:hmt:msA.100r","urn:cite:hmt:vaimg.VA100RN-0272"
"urn:cite:hmt:msA.100v","urn:cite:hmt:vaimg.VA100VN-0603"
"urn:cite:hmt:msA.101r","urn:cite:hmt:vaimg.VA101RN-0273"
"urn:cite:hmt:msA.101v","urn:cite:hmt:vaimg.VA101VN-0604"
"urn:cite:hmt:msA.102r","urn:cite:hmt:vaimg.VA102RN-0274"
"urn:cite:hmt:msA.102v","urn:cite:hmt:vaimg.VA102VN-0605"
"urn:cite:hmt:msA.103r","urn:cite:hmt:vaimg.VA103RN-0275"
"urn:cite:hmt:msA.103v","urn:cite:hmt:vaimg.VA103VN-0606"
"urn:cite:hmt:msA.104r","urn:cite:hmt:vaimg.VA104RN-0276"
"urn:cite:hmt:msA.104v","urn:cite:hmt:vaimg.VA104VN-0607"
"urn:cite:hmt:msA.105r","urn:cite:hmt:vaimg.VA105RN-0277"
"urn:cite:hmt:msA.105v","urn:cite:hmt:vaimg.VA105VN-0608"
"urn:cite:hmt:msA.106r","urn:cite:hmt:vaimg.VA106RN-0278"
"urn:cite:hmt:msA.106v","urn:cite:hmt:vaimg.VA106VN-0609"
"urn:cite:hmt:msA.107r","urn:cite:hmt:vaimg.VA107RN-0279"
"urn:cite:hmt:msA.107v","urn:cite:hmt:vaimg.VA107VN-0610"
"urn:cite:hmt:msA.108r","urn:cite:hmt:vaimg.VA108RN-0280"
"urn:cite:hmt:msA.108v","urn:cite:hmt:vaimg.VA108VN-0611"
"urn:cite:hmt:msA.109r","urn:cite:hmt:vaimg.VA109RN-0281"
"urn:cite:hmt:msA.109v","urn:cite:hmt:vaimg.VA109VN-0612"
"urn:cite:hmt:msA.110r","urn:cite:hmt:vaimg.VA110RN-0282"
"urn:cite:hmt:msA.110v","urn:cite:hmt:vaimg.VA110VN-0613"
"urn:cite:hmt:msA.111r","urn:cite:hmt:vaimg.VA111RN-0283"
"urn:cite:hmt:msA.111v","urn:cite:hmt:vaimg.VA111VN-0614"
"urn:cite:hmt:msA.112r","urn:cite:hmt:vaimg.VA112RN-0284"
"urn:cite:hmt:msA.112v","urn:cite:hmt:vaimg.VA112VN-0615"
"urn:cite:hmt:msA.113r","urn:cite:hmt:vaimg.VA113RN-0285"
"urn:cite:hmt:msA.113v","urn:cite:hmt:vaimg.VA113VN-0616"
"urn:cite:hmt:msA.114r","urn:cite:hmt:vaimg.VA114RN-0286"
"urn:cite:hmt:msA.114v","urn:cite:hmt:vaimg.VA114VN-0617"
"urn:cite:hmt:msA.115r","urn:cite:hmt:vaimg.VA115RN-0287"
"urn:cite:hmt:msA.115v","urn:cite:hmt:vaimg.VA115VN-0618"
"urn:cite:hmt:msA.116r","urn:cite:hmt:vaimg.VA116RN-0288"
"urn:cite:hmt:msA.116v","urn:cite:hmt:vaimg.VA116VN-0619"
"urn:cite:hmt:msA.117r","urn:cite:hmt:vaimg.VA117RN-0289"
"urn:cite:hmt:msA.117v","urn:cite:hmt:vaimg.VA117VN-0620"
"urn:cite:hmt:msA.118r","urn:cite:hmt:vaimg.VA118RN-0290"
"urn:cite:hmt:msA.118v","urn:cite:hmt:vaimg.VA118VN-0621"
"urn:cite:hmt:msA.119r","urn:cite:hmt:vaimg.VA119RN-0291"
"urn:cite:hmt:msA.119v","urn:cite:hmt:vaimg.VA119VN-0622"
"urn:cite:hmt:msA.120r","urn:cite:hmt:vaimg.VA120RN-0292"
"urn:cite:hmt:msA.120v","urn:cite:hmt:vaimg.VA120VN-0623"
"urn:cite:hmt:msA.121r","urn:cite:hmt:vaimg.VA121RN-0293"
"urn:cite:hmt:msA.121v","urn:cite:hmt:vaimg.VA121VN-0624"
"urn:cite:hmt:msA.122r","urn:cite:hmt:vaimg.VA122RN-0294"
"urn:cite:hmt:msA.122v","urn:cite:hmt:vaimg.VA122VN-0625"
"urn:cite:hmt:msA.123r","urn:cite:hmt:vaimg.VA123RN-0295"
"urn:cite:hmt:msA.123v","urn:cite:hmt:vaimg.VA123VN-0626"
"urn:cite:hmt:msA.124r","urn:cite:hmt:vaimg.VA124RN-0296"
"urn:cite:hmt:msA.124v","urn:cite:hmt:vaimg.VA124VN-0627"
"urn:cite:hmt:msA.125r","urn:cite:hmt:vaimg.VA125RN-0297"
"urn:cite:hmt:msA.125v","urn:cite:hmt:vaimg.VA125VN-0628"
"urn:cite:hmt:msA.126r","urn:cite:hmt:vaimg.VA126RN-0298"
"urn:cite:hmt:msA.126v","urn:cite:hmt:vaimg.VA126VN-0629"
"urn:cite:hmt:msA.127r","urn:cite:hmt:vaimg.VA127RN-0299"
"urn:cite:hmt:msA.127v","urn:cite:hmt:vaimg.VA127VN-0630"
"urn:cite:hmt:msA.128r","urn:cite:hmt:vaimg.VA128RN-0300"
"urn:cite:hmt:msA.128v","urn:cite:hmt:vaimg.VA128VN-0631"
"urn:cite:hmt:msA.129r","urn:cite:hmt:vaimg.VA129RN-0301"
"urn:cite:hmt:msA.129v","urn:cite:hmt:vaimg.VA129VN-0632"
"urn:cite:hmt:msA.130r","urn:cite:hmt:vaimg.VA130RN-0302"
"urn:cite:hmt:msA.130v","urn:cite:hmt:vaimg.VA130VN-0633"
"urn:cite:hmt:msA.131r","urn:cite:hmt:vaimg.VA131RN-0303"
"urn:cite:hmt:msA.131v","urn:cite:hmt:vaimg.VA131VN-0634"
"urn:cite:hmt:msA.132r","urn:cite:hmt:vaimg.VA132RN-0304"
"urn:cite:hmt:msA.132v","urn:cite:hmt:vaimg.VA132VN-0635"
"urn:cite:hmt:msA.133r","urn:cite:hmt:vaimg.VA133RN-0305"
"urn:cite:hmt:msA.133v","urn:cite:hmt:vaimg.VA133VN-0635"
"urn:cite:hmt:msA.134r","urn:cite:hmt:vaimg.VA134RN-0306"
"urn:cite:hmt:msA.134v","urn:cite:hmt:vaimg.VA134VN-0636"
"urn:cite:hmt:msA.135r","urn:cite:hmt:vaimg.VA135RN-0307"
"urn:cite:hmt:msA.135v","urn:cite:hmt:vaimg.VA135VN-0637"
"urn:cite:hmt:msA.136r","urn:cite:hmt:vaimg.VA136RN-0308"
"urn:cite:hmt:msA.136v","urn:cite:hmt:vaimg.VA136VN-0638"
"urn:cite:hmt:msA.137r","urn:cite:hmt:vaimg.VA137RN-0309"
"urn:cite:hmt:msA.137v","urn:cite:hmt:vaimg.VA137VN-0639"
"urn:cite:hmt:msA.138r","urn:cite:hmt:vaimg.VA138RN-0310"
"urn:cite:hmt:msA.138v","urn:cite:hmt:vaimg.VA138VN-0640"
"urn:cite:hmt:msA.139r","urn:cite:hmt:vaimg.VA139RN-0311"
"urn:cite:hmt:msA.139v","urn:cite:hmt:vaimg.VA139VN-0641"
"urn:cite:hmt:msA.140r","urn:cite:hmt:vaimg.VA140RN-0312"
"urn:cite:hmt:msA.140v","urn:cite:hmt:vaimg.VA140VN-0642"
"urn:cite:hmt:msA.141r","urn:cite:hmt:vaimg.VA141RN-0313"
"urn:cite:hmt:msA.141v","urn:cite:hmt:vaimg.VA141VN-0643"
"urn:cite:hmt:msA.142r","urn:cite:hmt:vaimg.VA142RN-0314"
"urn:cite:hmt:msA.142v","urn:cite:hmt:vaimg.VA142VN-0644"
"urn:cite:hmt:msA.143r","urn:cite:hmt:vaimg.VA143RN-0315"
"urn:cite:hmt:msA.143v","urn:cite:hmt:vaimg.VA143VN-0645"
"urn:cite:hmt:msA.144r","urn:cite:hmt:vaimg.VA144RN-0316"
"urn:cite:hmt:msA.144v","urn:cite:hmt:vaimg.VA144VN-0646"
"urn:cite:hmt:msA.145r","urn:cite:hmt:vaimg.VA145RN-0317"
"urn:cite:hmt:msA.145v","urn:cite:hmt:vaimg.VA145VN-0647"
"urn:cite:hmt:msA.146r","urn:cite:hmt:vaimg.VA146RN-0318"
"urn:cite:hmt:msA.146v","urn:cite:hmt:vaimg.VA146VN-0648"
"urn:cite:hmt:msA.147r","urn:cite:hmt:vaimg.VA147RN-0319"
"urn:cite:hmt:msA.147v","urn:cite:hmt:vaimg.VA147VN-0649"
"urn:cite:hmt:msA.148r","urn:cite:hmt:vaimg.VA148RN-0320"
"urn:cite:hmt:msA.148v","urn:cite:hmt:vaimg.VA148VN-0650"
"urn:cite:hmt:msA.149r","urn:cite:hmt:vaimg.VA149RN-0321"
"urn:cite:hmt:msA.149v","urn:cite:hmt:vaimg.VA149VN-0651"
"urn:cite:hmt:msA.150r","urn:cite:hmt:vaimg.VA150RN-0322"
"urn:cite:hmt:msA.150v","urn:cite:hmt:vaimg.VA150VN-0652"
"urn:cite:hmt:msA.151r","urn:cite:hmt:vaimg.VA151RN-0323"
"urn:cite:hmt:msA.151v","urn:cite:hmt:vaimg.VA151VN-0653"
"urn:cite:hmt:msA.152r","urn:cite:hmt:vaimg.VA152RN-0324"
"urn:cite:hmt:msA.152v","urn:cite:hmt:vaimg.VA152VN-0654"
"urn:cite:hmt:msA.153r","urn:cite:hmt:vaimg.VA153RN-0325"
"urn:cite:hmt:msA.153v","urn:cite:hmt:vaimg.VA153VN-0655"
"urn:cite:hmt:msA.154r","urn:cite:hmt:vaimg.VA154RN-0326"
"urn:cite:hmt:msA.154v","urn:cite:hmt:vaimg.VA154VN-0656"
"urn:cite:hmt:msA.155r","urn:cite:hmt:vaimg.VA155RN-0327"
"urn:cite:hmt:msA.155v","urn:cite:hmt:vaimg.VA155VN-0657"
"urn:cite:hmt:msA.156r","urn:cite:hmt:vaimg.VA156RN-0327"
"urn:cite:hmt:msA.156v","urn:cite:hmt:vaimg.VA156VN-0658"
"urn:cite:hmt:msA.157r","urn:cite:hmt:vaimg.VA157RN-0328"
"urn:cite:hmt:msA.157v","urn:cite:hmt:vaimg.VA157VN-0659"
"urn:cite:hmt:msA.158r","urn:cite:hmt:vaimg.VA158RN-0329"
"urn:cite:hmt:msA.158v","urn:cite:hmt:vaimg.VA158VN-0660"
"urn:cite:hmt:msA.159r","urn:cite:hmt:vaimg.VA159RN-0330"
"urn:cite:hmt:msA.159v","urn:cite:hmt:vaimg.VA159VN-0661"
"urn:cite:hmt:msA.160r","urn:cite:hmt:vaimg.VA160RN-0331"
"urn:cite:hmt:msA.160v","urn:cite:hmt:vaimg.VA160VN-0662"
"urn:cite:hmt:msA.161r","urn:cite:hmt:vaimg.VA161RN-0332"
"urn:cite:hmt:msA.161v","urn:cite:hmt:vaimg.VA161VN-0663"
"urn:cite:hmt:msA.162r","urn:cite:hmt:vaimg.VA162RN-0333"
"urn:cite:hmt:msA.162v","urn:cite:hmt:vaimg.VA162VN-0664"
"urn:cite:hmt:msA.163r","urn:cite:hmt:vaimg.VA163RN-0334"
"urn:cite:hmt:msA.163v","urn:cite:hmt:vaimg.VA163VN-0665"
"urn:cite:hmt:msA.164r","urn:cite:hmt:vaimg.VA164RN-0335"
"urn:cite:hmt:msA.164v","urn:cite:hmt:vaimg.VA164VN-0666"
"urn:cite:hmt:msA.165r","urn:cite:hmt:vaimg.VA165RN-0336"
"urn:cite:hmt:msA.165v","urn:cite:hmt:vaimg.VA165VN-0667"
"urn:cite:hmt:msA.166r","urn:cite:hmt:vaimg.VA166RN-0337"
"urn:cite:hmt:msA.166v","urn:cite:hmt:vaimg.VA166VN-0668"
"urn:cite:hmt:msA.167r","urn:cite:hmt:vaimg.VA167RN-0338"
"urn:cite:hmt:msA.167v","urn:cite:hmt:vaimg.VA167VN-0669"
"urn:cite:hmt:msA.168r","urn:cite:hmt:vaimg.VA168RN-0339"
"urn:cite:hmt:msA.168v","urn:cite:hmt:vaimg.VA168VN-0670"
"urn:cite:hmt:msA.169r","urn:cite:hmt:vaimg.VA169RN-0340"
"urn:cite:hmt:msA.169v","urn:cite:hmt:vaimg.VA169VN-0671"
"urn:cite:hmt:msA.170r","urn:cite:hmt:vaimg.VA170RN-0341"
"urn:cite:hmt:msA.170v","urn:cite:hmt:vaimg.VA170VN-0672"
"urn:cite:hmt:msA.171r","urn:cite:hmt:vaimg.VA171RN-0342"
"urn:cite:hmt:msA.171v","urn:cite:hmt:vaimg.VA171VN-0673"
"urn:cite:hmt:msA.172r","urn:cite:hmt:vaimg.VA172RN-0343"
"urn:cite:hmt:msA.172v","urn:cite:hmt:vaimg.VA172VN-0674"
"urn:cite:hmt:msA.173r","urn:cite:hmt:vaimg.VA173RN-0344"
"urn:cite:hmt:msA.173v","urn:cite:hmt:vaimg.VA173VN-0675"
"urn:cite:hmt:msA.174r","urn:cite:hmt:vaimg.VA174RN-0345"
"urn:cite:hmt:msA.174v","urn:cite:hmt:vaimg.VA174VN-0676"
"urn:cite:hmt:msA.175r","urn:cite:hmt:vaimg.VA175RN-0346"
"urn:cite:hmt:msA.175v","urn:cite:hmt:vaimg.VA175VN-0677"
"urn:cite:hmt:msA.176r","urn:cite:hmt:vaimg.VA176RN-0347"
"urn:cite:hmt:msA.176v","urn:cite:hmt:vaimg.VA176VN-0678"
"urn:cite:hmt:msA.177r","urn:cite:hmt:vaimg.VA177RN-0348"
"urn:cite:hmt:msA.177v","urn:cite:hmt:vaimg.VA177VN-0679"
"urn:cite:hmt:msA.178r","urn:cite:hmt:vaimg.VA178RN-0349"
"urn:cite:hmt:msA.178v","urn:cite:hmt:vaimg.VA178VN-0680"
"urn:cite:hmt:msA.179r","urn:cite:hmt:vaimg.VA179RN-0350"
"urn:cite:hmt:msA.179v","urn:cite:hmt:vaimg.VA179VN-0681"
"urn:cite:hmt:msA.180r","urn:cite:hmt:vaimg.VA180RN-0351"
"urn:cite:hmt:msA.180v","urn:cite:hmt:vaimg.VA180VN-0682"
"urn:cite:hmt:msA.181r","urn:cite:hmt:vaimg.VA181RN-0352"
"urn:cite:hmt:msA.181v","urn:cite:hmt:vaimg.VA181VN-0683"
"urn:cite:hmt:msA.182r","urn:cite:hmt:vaimg.VA182RN-0353"
"urn:cite:hmt:msA.182v","urn:cite:hmt:vaimg.VA182VN-0684"
"urn:cite:hmt:msA.183r","urn:cite:hmt:vaimg.VA183RN-0354"
"urn:cite:hmt:msA.183v","urn:cite:hmt:vaimg.VA183VN-0685"
"urn:cite:hmt:msA.184r","urn:cite:hmt:vaimg.VA184RN-0355"
"urn:cite:hmt:msA.184v","urn:cite:hmt:vaimg.VA184VN-0686"
"urn:cite:hmt:msA.185r","urn:cite:hmt:vaimg.VA185RN-0356"
"urn:cite:hmt:msA.185v","urn:cite:hmt:vaimg.VA185VN-0687"
"urn:cite:hmt:msA.186r","urn:cite:hmt:vaimg.VA186RN-0357"
"urn:cite:hmt:msA.186v","urn:cite:hmt:vaimg.VA186VN-0688"
"urn:cite:hmt:msA.187r","urn:cite:hmt:vaimg.VA187RN-0358"
"urn:cite:hmt:msA.187v","urn:cite:hmt:vaimg.VA187VN-0689"
"urn:cite:hmt:msA.188r","urn:cite:hmt:vaimg.VA188RN-0359"
"urn:cite:hmt:msA.188v","urn:cite:hmt:vaimg.VA188VN-0690"
"urn:cite:hmt:msA.189r","urn:cite:hmt:vaimg.VA189RN-0360"
"urn:cite:hmt:msA.189v","urn:cite:hmt:vaimg.VA189VN-0691"
"urn:cite:hmt:msA.190r","urn:cite:hmt:vaimg.VA190RN-0361"
"urn:cite:hmt:msA.190v","urn:cite:hmt:vaimg.VA190VN-0692"
"urn:cite:hmt:msA.191r","urn:cite:hmt:vaimg.VA191RN-0362"
"urn:cite:hmt:msA.191v","urn:cite:hmt:vaimg.VA191VN-0693"
"urn:cite:hmt:msA.192r","urn:cite:hmt:vaimg.VA192RN-0363"
"urn:cite:hmt:msA.192v","urn:cite:hmt:vaimg.VA192VN-0694"
"urn:cite:hmt:msA.193r","urn:cite:hmt:vaimg.VA193RN-0364"
"urn:cite:hmt:msA.193v","urn:cite:hmt:vaimg.VA193VN-0695"
"urn:cite:hmt:msA.194r","urn:cite:hmt:vaimg.VA194RN-0365"
"urn:cite:hmt:msA.194v","urn:cite:hmt:vaimg.VA194VN-0696"
"urn:cite:hmt:msA.195r","urn:cite:hmt:vaimg.VA195RN-0366"
"urn:cite:hmt:msA.195v","urn:cite:hmt:vaimg.VA195VN-0697"
"urn:cite:hmt:msA.196r","urn:cite:hmt:vaimg.VA196RN-0367"
"urn:cite:hmt:msA.196v","urn:cite:hmt:vaimg.VA196VN-0698"
"urn:cite:hmt:msA.197r","urn:cite:hmt:vaimg.VA197RN-0368"
"urn:cite:hmt:msA.197v","urn:cite:hmt:vaimg.VA197VN-0699"
"urn:cite:hmt:msA.198r","urn:cite:hmt:vaimg.VA198RN-0369"
"urn:cite:hmt:msA.198v","urn:cite:hmt:vaimg.VA198VN-0700"
"urn:cite:hmt:msA.199r","urn:cite:hmt:vaimg.VA199RN-0370"
"urn:cite:hmt:msA.199v","urn:cite:hmt:vaimg.VA199VN-0701"
"urn:cite:hmt:msA.200r","urn:cite:hmt:vaimg.VA200RN-0371"
"urn:cite:hmt:msA.200v","urn:cite:hmt:vaimg.VA200VN-0702"
"urn:cite:hmt:msA.201r","urn:cite:hmt:vaimg.VA201RN-0372"
"urn:cite:hmt:msA.201v","urn:cite:hmt:vaimg.VA201VN-0703"
"urn:cite:hmt:msA.202r","urn:cite:hmt:vaimg.VA202RN-0373"
"urn:cite:hmt:msA.202v","urn:cite:hmt:vaimg.VA202VN-0704"
"urn:cite:hmt:msA.203r","urn:cite:hmt:vaimg.VA203RN-0374"
"urn:cite:hmt:msA.203v","urn:cite:hmt:vaimg.VA203VN-0705"
"urn:cite:hmt:msA.204r","urn:cite:hmt:vaimg.VA204RN-0375"
"urn:cite:hmt:msA.204v","urn:cite:hmt:vaimg.VA204VN-0706"
"urn:cite:hmt:msA.205r","urn:cite:hmt:vaimg.VA205RN-0376"
"urn:cite:hmt:msA.205v","urn:cite:hmt:vaimg.VA205VN-0707"
"urn:cite:hmt:msA.206r","urn:cite:hmt:vaimg.VA206RN-0377"
"urn:cite:hmt:msA.206v","urn:cite:hmt:vaimg.VA206VN-0708"
"urn:cite:hmt:msA.207r","urn:cite:hmt:vaimg.VA207RN-0378"
"urn:cite:hmt:msA.207v","urn:cite:hmt:vaimg.VA207VN-0709"
"urn:cite:hmt:msA.208r","urn:cite:hmt:vaimg.VA208RN-0379"
"urn:cite:hmt:msA.208v","urn:cite:hmt:vaimg.VA208VN-0710"
"urn:cite:hmt:msA.209r","urn:cite:hmt:vaimg.VA209RN-0380"
"urn:cite:hmt:msA.209v","urn:cite:hmt:vaimg.VA209VN-0711"
"urn:cite:hmt:msA.210r","urn:cite:hmt:vaimg.VA210RN-0381"
"urn:cite:hmt:msA.210v","urn:cite:hmt:vaimg.VA210VN-0712"
"urn:cite:hmt:msA.211r","urn:cite:hmt:vaimg.VA211RN-0382"
"urn:cite:hmt:msA.211v","urn:cite:hmt:vaimg.VA211VN-0713"
"urn:cite:hmt:msA.212r","urn:cite:hmt:vaimg.VA212RN-0383"
"urn:cite:hmt:msA.212v","urn:cite:hmt:vaimg.VA212VN-0714"
"urn:cite:hmt:msA.213r","urn:cite:hmt:vaimg.VA213RN-0384"
"urn:cite:hmt:msA.213v","urn:cite:hmt:vaimg.VA213VN-0715"
"urn:cite:hmt:msA.214r","urn:cite:hmt:vaimg.VA214RN-0385"
"urn:cite:hmt:msA.214v","urn:cite:hmt:vaimg.VA214VN-0716"
"urn:cite:hmt:msA.215r","urn:cite:hmt:vaimg.VA215RN-0386"
"urn:cite:hmt:msA.215v","urn:cite:hmt:vaimg.VA215VN-0717"
"urn:cite:hmt:msA.216r","urn:cite:hmt:vaimg.VA216RN-0387"
"urn:cite:hmt:msA.216v","urn:cite:hmt:vaimg.VA216VN-0718"
"urn:cite:hmt:msA.217r","urn:cite:hmt:vaimg.VA217RN-0388"
"urn:cite:hmt:msA.217v","urn:cite:hmt:vaimg.VA217VN-0719"
"urn:cite:hmt:msA.218r","urn:cite:hmt:vaimg.VA218RN-0389"
"urn:cite:hmt:msA.218v","urn:cite:hmt:vaimg.VA218VN-0720"
"urn:cite:hmt:msA.219r","urn:cite:hmt:vaimg.VA219RN-0390"
"urn:cite:hmt:msA.219v","urn:cite:hmt:vaimg.VA219VN-0721"
"urn:cite:hmt:msA.220r","urn:cite:hmt:vaimg.VA220RN-0391"
"urn:cite:hmt:msA.220v","urn:cite:hmt:vaimg.VA220VN-0722"
"urn:cite:hmt:msA.221r","urn:cite:hmt:vaimg.VA221RN-0392"
"urn:cite:hmt:msA.221v","urn:cite:hmt:vaimg.VA221VN-0723"
"urn:cite:hmt:msA.222r","urn:cite:hmt:vaimg.VA222RN-0393"
"urn:cite:hmt:msA.222v","urn:cite:hmt:vaimg.VA222VN-0724"
"urn:cite:hmt:msA.223r","urn:cite:hmt:vaimg.VA223RN-0394"
"urn:cite:hmt:msA.223v","urn:cite:hmt:vaimg.VA223VN-0725"
"urn:cite:hmt:msA.224r","urn:cite:hmt:vaimg.VA224RN-0395"
"urn:cite:hmt:msA.224v","urn:cite:hmt:vaimg.VA224VN-0726"
"urn:cite:hmt:msA.225r","urn:cite:hmt:vaimg.VA225RN-0396"
"urn:cite:hmt:msA.225v","urn:cite:hmt:vaimg.VA225VN-0727"
"urn:cite:hmt:msA.226r","urn:cite:hmt:vaimg.VA226RN-0397"
"urn:cite:hmt:msA.226v","urn:cite:hmt:vaimg.VA226VN-0728"
"urn:cite:hmt:msA.227r","urn:cite:hmt:vaimg.VA227RN-0398"
"urn:cite:hmt:msA.227v","urn:cite:hmt:vaimg.VA227VN-0729"
"urn:cite:hmt:msA.228r","urn:cite:hmt:vaimg.VA228RN-0399"
"urn:cite:hmt:msA.228v","urn:cite:hmt:vaimg.VA228VN-0730"
"urn:cite:hmt:msA.229r","urn:cite:hmt:vaimg.VA229RN-0400"
"urn:cite:hmt:msA.229v","urn:cite:hmt:vaimg.VA229VN-0731"
"urn:cite:hmt:msA.230r","urn:cite:hmt:vaimg.VA230RN-0401"
"urn:cite:hmt:msA.230v","urn:cite:hmt:vaimg.VA230VN-0732"
"urn:cite:hmt:msA.231r","urn:cite:hmt:vaimg.VA231RN-0402"
"urn:cite:hmt:msA.231v","urn:cite:hmt:vaimg.VA231VN-0733"
"urn:cite:hmt:msA.232r","urn:cite:hmt:vaimg.VA232RN-0403"
"urn:cite:hmt:msA.232v","urn:cite:hmt:vaimg.VA232VN-0734"
"urn:cite:hmt:msA.233r","urn:cite:hmt:vaimg.VA233RN-0404"
"urn:cite:hmt:msA.233v","urn:cite:hmt:vaimg.VA233VN-0735"
"urn:cite:hmt:msA.234r","urn:cite:hmt:vaimg.VA234RN-0405"
"urn:cite:hmt:msA.234v","urn:cite:hmt:vaimg.VA234VN-0736"
"urn:cite:hmt:msA.235r","urn:cite:hmt:vaimg.VA235RN-0406"
"urn:cite:hmt:msA.235v","urn:cite:hmt:vaimg.VA235VN-0737"
"urn:cite:hmt:msA.236r","urn:cite:hmt:vaimg.VA236RN-0407"
"urn:cite:hmt:msA.236v","urn:cite:hmt:vaimg.VA236VN-0738"
"urn:cite:hmt:msA.237r","urn:cite:hmt:vaimg.VA237RN-0408"
"urn:cite:hmt:msA.237v","urn:cite:hmt:vaimg.VA237VN-0739"
"urn:cite:hmt:msA.238r","urn:cite:hmt:vaimg.VA238RN-0409"
"urn:cite:hmt:msA.238v","urn:cite:hmt:vaimg.VA238VN-0740"
"urn:cite:hmt:msA.239r","urn:cite:hmt:vaimg.VA239RN-0410"
"urn:cite:hmt:msA.239v","urn:cite:hmt:vaimg.VA239VN-0741"
"urn:cite:hmt:msA.240r","urn:cite:hmt:vaimg.VA240RN-0411"
"urn:cite:hmt:msA.240v","urn:cite:hmt:vaimg.VA240VN-0742"
"urn:cite:hmt:msA.241r","urn:cite:hmt:vaimg.VA241RN-0412"
"urn:cite:hmt:msA.241v","urn:cite:hmt:vaimg.VA241VN-0743"
"urn:cite:hmt:msA.242r","urn:cite:hmt:vaimg.VA242RN-0413"
"urn:cite:hmt:msA.242v","urn:cite:hmt:vaimg.VA242VN-0744"
"urn:cite:hmt:msA.243r","urn:cite:hmt:vaimg.VA243RN-0414"
"urn:cite:hmt:msA.243v","urn:cite:hmt:vaimg.VA243VN-0745"
"urn:cite:hmt:msA.244r","urn:cite:hmt:vaimg.VA244RN-0415"
"urn:cite:hmt:msA.244v","urn:cite:hmt:vaimg.VA244VN-0746"
"urn:cite:hmt:msA.245r","urn:cite:hmt:vaimg.VA245RN-0416"
"urn:cite:hmt:msA.245v","urn:cite:hmt:vaimg.VA245VN-0747"
"urn:cite:hmt:msA.246r","urn:cite:hmt:vaimg.VA246RN-0417"
"urn:cite:hmt:msA.246v","urn:cite:hmt:vaimg.VA246VN-0748"
"urn:cite:hmt:msA.247r","urn:cite:hmt:vaimg.VA247RN-0418"
"urn:cite:hmt:msA.247v","urn:cite:hmt:vaimg.VA247VN-0749"
"urn:cite:hmt:msA.248r","urn:cite:hmt:vaimg.VA248RN-0419"
"urn:cite:hmt:msA.248v","urn:cite:hmt:vaimg.VA248VN-0750"
"urn:cite:hmt:msA.249r","urn:cite:hmt:vaimg.VA249RN-0420"
"urn:cite:hmt:msA.249v","urn:cite:hmt:vaimg.VA249VN-0751"
"urn:cite:hmt:msA.250r","urn:cite:hmt:vaimg.VA250RN-0421"
"urn:cite:hmt:msA.250v","urn:cite:hmt:vaimg.VA250VN-0752"
"urn:cite:hmt:msA.251r","urn:cite:hmt:vaimg.VA251RN-0422"
"urn:cite:hmt:msA.251v","urn:cite:hmt:vaimg.VA251VN-0753"
"urn:cite:hmt:msA.252r","urn:cite:hmt:vaimg.VA252RN-0423"
"urn:cite:hmt:msA.252v","urn:cite:hmt:vaimg.VA252VN-0754"
"urn:cite:hmt:msA.253r","urn:cite:hmt:vaimg.VA253RN-0424"
"urn:cite:hmt:msA.253v","urn:cite:hmt:vaimg.VA253VN-0755"
"urn:cite:hmt:msA.254r","urn:cite:hmt:vaimg.VA254RN-0425"
"urn:cite:hmt:msA.254v","urn:cite:hmt:vaimg.VA254VN-0756"
"urn:cite:hmt:msA.255r","urn:cite:hmt:vaimg.VA255RN-0426"
"urn:cite:hmt:msA.255v","urn:cite:hmt:vaimg.VA255VN-0757"
"urn:cite:hmt:msA.256r","urn:cite:hmt:vaimg.VA256RN-0427"
"urn:cite:hmt:msA.256v","urn:cite:hmt:vaimg.VA256VN-0758"
"urn:cite:hmt:msA.257r","urn:cite:hmt:vaimg.VA257RN-0428"
"urn:cite:hmt:msA.257v","urn:cite:hmt:vaimg.VA257VN-0759"
"urn:cite:hmt:msA.258r","urn:cite:hmt:vaimg.VA258RN-0429"
"urn:cite:hmt:msA.258v","urn:cite:hmt:vaimg.VA258VN-0760"
"urn:cite:hmt:msA.259r","urn:cite:hmt:vaimg.VA259RN-0430"
"urn:cite:hmt:msA.259v","urn:cite:hmt:vaimg.VA259VN-0761"
"urn:cite:hmt:msA.260r","urn:cite:hmt:vaimg.VA260RN-0431"
"urn:cite:hmt:msA.260v","urn:cite:hmt:vaimg.VA260VN-0762"
"urn:cite:hmt:msA.261r","urn:cite:hmt:vaimg.VA261RN-0431"
"urn:cite:hmt:msA.261v","urn:cite:hmt:vaimg.VA261VN-0763"
"urn:cite:hmt:msA.262r","urn:cite:hmt:vaimg.VA262RN-0432"
"urn:cite:hmt:msA.262v","urn:cite:hmt:vaimg.VA262VN-0764"
"urn:cite:hmt:msA.263r","urn:cite:hmt:vaimg.VA263RN-0433"
"urn:cite:hmt:msA.263v","urn:cite:hmt:vaimg.VA263VN-0765"
"urn:cite:hmt:msA.264r","urn:cite:hmt:vaimg.VA264RN-0434"
"urn:cite:hmt:msA.264v","urn:cite:hmt:vaimg.VA264VN-0766"
"urn:cite:hmt:msA.265r","urn:cite:hmt:vaimg.VA265RN-0435"
"urn:cite:hmt:msA.265v","urn:cite:hmt:vaimg.VA265VN-0767"
"urn:cite:hmt:msA.266r","urn:cite:hmt:vaimg.VA266RN-0436"
"urn:cite:hmt:msA.266v","urn:cite:hmt:vaimg.VA266VN-0768"
"urn:cite:hmt:msA.267r","urn:cite:hmt:vaimg.VA267RN-0437"
"urn:cite:hmt:msA.267v","urn:cite:hmt:vaimg.VA267VN-0769"
"urn:cite:hmt:msA.268r","urn:cite:hmt:vaimg.VA268RN-0438"
"urn:cite:hmt:msA.268v","urn:cite:hmt:vaimg.VA268VN-0770"
"urn:cite:hmt:msA.269r","urn:cite:hmt:vaimg.VA269RN-0439"
"urn:cite:hmt:msA.269v","urn:cite:hmt:vaimg.VA269VN-0771"
"urn:cite:hmt:msA.270r","urn:cite:hmt:vaimg.VA270RN-0440"
"urn:cite:hmt:msA.270v","urn:cite:hmt:vaimg.VA270VN-0772"
"urn:cite:hmt:msA.271r","urn:cite:hmt:vaimg.VA271RN-0441"
"urn:cite:hmt:msA.271v","urn:cite:hmt:vaimg.VA271VN-0773"
"urn:cite:hmt:msA.272r","urn:cite:hmt:vaimg.VA272RN-0442"
"urn:cite:hmt:msA.272v","urn:cite:hmt:vaimg.VA272VN-0774"
"urn:cite:hmt:msA.273r","urn:cite:hmt:vaimg.VA273RN-0443"
"urn:cite:hmt:msA.273v","urn:cite:hmt:vaimg.VA273VN-0775"
"urn:cite:hmt:msA.274r","urn:cite:hmt:vaimg.VA274RN-0444"
"urn:cite:hmt:msA.274v","urn:cite:hmt:vaimg.VA274VN-0776"
"urn:cite:hmt:msA.275r","urn:cite:hmt:vaimg.VA275RN-0445"
"urn:cite:hmt:msA.275v","urn:cite:hmt:vaimg.VA275VN-0777"
"urn:cite:hmt:msA.276r","urn:cite:hmt:vaimg.VA276RN-0446"
"urn:cite:hmt:msA.276v","urn:cite:hmt:vaimg.VA276VN-0778"
"urn:cite:hmt:msA.277r","urn:cite:hmt:vaimg.VA277RN-0447"
"urn:cite:hmt:msA.277v","urn:cite:hmt:vaimg.VA277VN-0779"
"urn:cite:hmt:msA.278r","urn:cite:hmt:vaimg.VA278RN-0448"
"urn:cite:hmt:msA.278v","urn:cite:hmt:vaimg.VA278VN-0780"
"urn:cite:hmt:msA.279r","urn:cite:hmt:vaimg.VA279RN-0449"
"urn:cite:hmt:msA.279v","urn:cite:hmt:vaimg.VA279VN-0781"
"urn:cite:hmt:msA.280r","urn:cite:hmt:vaimg.VA280RN-0450"
"urn:cite:hmt:msA.280v","urn:cite:hmt:vaimg.VA280VN-0782"
"urn:cite:hmt:msA.281r","urn:cite:hmt:vaimg.VA281RN-0451"
"urn:cite:hmt:msA.281v","urn:cite:hmt:vaimg.VA281VN-0783"
"urn:cite:hmt:msA.282r","urn:cite:hmt:vaimg.VA282RN-0452"
"urn:cite:hmt:msA.282v","urn:cite:hmt:vaimg.VA282VN-0784"
"urn:cite:hmt:msA.283r","urn:cite:hmt:vaimg.VA283RN-0453"
"urn:cite:hmt:msA.283v","urn:cite:hmt:vaimg.VA283VN-0785"
"urn:cite:hmt:msA.284r","urn:cite:hmt:vaimg.VA284RN-0454"
"urn:cite:hmt:msA.284v","urn:cite:hmt:vaimg.VA284VN-0786"
"urn:cite:hmt:msA.285r","urn:cite:hmt:vaimg.VA285RN-0455"
"urn:cite:hmt:msA.285v","urn:cite:hmt:vaimg.VA285VN-0787"
"urn:cite:hmt:msA.286r","urn:cite:hmt:vaimg.VA286RN-0456"
"urn:cite:hmt:msA.286v","urn:cite:hmt:vaimg.VA286VN-0788"
"urn:cite:hmt:msA.287r","urn:cite:hmt:vaimg.VA287RN-0457"
"urn:cite:hmt:msA.287v","urn:cite:hmt:vaimg.VA287VN-0789"
"urn:cite:hmt:msA.288r","urn:cite:hmt:vaimg.VA288RN-0458"
"urn:cite:hmt:msA.288v","urn:cite:hmt:vaimg.VA288VN-0790"
"urn:cite:hmt:msA.289r","urn:cite:hmt:vaimg.VA289RN-0459"
"urn:cite:hmt:msA.289v","urn:cite:hmt:vaimg.VA289VN-0791"
"urn:cite:hmt:msA.290r","urn:cite:hmt:vaimg.VA290RN-0460"
"urn:cite:hmt:msA.290v","urn:cite:hmt:vaimg.VA290VN-0792"
"urn:cite:hmt:msA.291r","urn:cite:hmt:vaimg.VA291RN-0461"
"urn:cite:hmt:msA.291v","urn:cite:hmt:vaimg.VA291VN-0793"
"urn:cite:hmt:msA.292r","urn:cite:hmt:vaimg.VA292RN-0462"
"urn:cite:hmt:msA.292v","urn:cite:hmt:vaimg.VA292VN-0794"
"urn:cite:hmt:msA.293r","urn:cite:hmt:vaimg.VA293RN-0463"
"urn:cite:hmt:msA.293v","urn:cite:hmt:vaimg.VA293VN-0795"
"urn:cite:hmt:msA.294r","urn:cite:hmt:vaimg.VA294RN-0464"
"urn:cite:hmt:msA.294v","urn:cite:hmt:vaimg.VA294VN-0796"
"urn:cite:hmt:msA.295r","urn:cite:hmt:vaimg.VA295RN-0465"
"urn:cite:hmt:msA.295v","urn:cite:hmt:vaimg.VA295VN-0797"
"urn:cite:hmt:msA.296r","urn:cite:hmt:vaimg.VA296RN-0466"
"urn:cite:hmt:msA.296v","urn:cite:hmt:vaimg.VA296VN-0798"
"urn:cite:hmt:msA.297r","urn:cite:hmt:vaimg.VA297RN-0467"
"urn:cite:hmt:msA.297v","urn:cite:hmt:vaimg.VA297VN-0799"
"urn:cite:hmt:msA.298r","urn:cite:hmt:vaimg.VA298RN-0468"
"urn:cite:hmt:msA.298v","urn:cite:hmt:vaimg.VA298VN-0800"
"urn:cite:hmt:msA.299r","urn:cite:hmt:vaimg.VA299RN-0469"
"urn:cite:hmt:msA.299v","urn:cite:hmt:vaimg.VA299VN-0801"
"urn:cite:hmt:msA.300r","urn:cite:hmt:vaimg.VA300RN-0470"
"urn:cite:hmt:msA.300v","urn:cite:hmt:vaimg.VA300VN-0802"
"urn:cite:hmt:msA.301r","urn:cite:hmt:vaimg.VA301RN-0471"
"urn:cite:hmt:msA.301v","urn:cite:hmt:vaimg.VA301VN-0803"
"urn:cite:hmt:msA.302r","urn:cite:hmt:vaimg.VA302RN-0472"
"urn:cite:hmt:msA.302v","urn:cite:hmt:vaimg.VA302VN-0804"
"urn:cite:hmt:msA.303r","urn:cite:hmt:vaimg.VA303RN-0473"
"urn:cite:hmt:msA.303v","urn:cite:hmt:vaimg.VA303VN-0805"
"urn:cite:hmt:msA.304r","urn:cite:hmt:vaimg.VA304RN-0474"
"urn:cite:hmt:msA.304v","urn:cite:hmt:vaimg.VA304VN-0806"
"urn:cite:hmt:msA.305r","urn:cite:hmt:vaimg.VA305RN-0475"
"urn:cite:hmt:msA.305v","urn:cite:hmt:vaimg.VA305VN-0807"
"urn:cite:hmt:msA.306r","urn:cite:hmt:vaimg.VA306RN-0476"
"urn:cite:hmt:msA.306v","urn:cite:hmt:vaimg.VA306VN-0808"
"urn:cite:hmt:msA.307r","urn:cite:hmt:vaimg.VA307RN-0477"
"urn:cite:hmt:msA.307v","urn:cite:hmt:vaimg.VA307VN-0809"
"urn:cite:hmt:msA.308r","urn:cite:hmt:vaimg.VA308RN-0478"
"urn:cite:hmt:msA.308v","urn:cite:hmt:vaimg.VA308VN-0810"
"urn:cite:hmt:msA.309r","urn:cite:hmt:vaimg.VA309RN-0479"
"urn:cite:hmt:msA.309v","urn:cite:hmt:vaimg.VA309VN-0811"
"urn:cite:hmt:msA.310r","urn:cite:hmt:vaimg.VA310RN-0480"
"urn:cite:hmt:msA.310v","urn:cite:hmt:vaimg.VA310VN-0812"
"urn:cite:hmt:msA.311r","urn:cite:hmt:vaimg.VA311RN-0481"
"urn:cite:hmt:msA.311v","urn:cite:hmt:vaimg.VA311VN-0813"
"urn:cite:hmt:msA.312r","urn:cite:hmt:vaimg.VA312RN-0482"
"urn:cite:hmt:msA.312v","urn:cite:hmt:vaimg.VA312VN-0814"
"urn:cite:hmt:msA.313r","urn:cite:hmt:vaimg.VA313RN-0483"
"urn:cite:hmt:msA.313v","urn:cite:hmt:vaimg.VA313VN-0815"
"urn:cite:hmt:msA.314r","urn:cite:hmt:vaimg.VA314RN-0484"
"urn:cite:hmt:msA.314v","urn:cite:hmt:vaimg.VA314VN-0816"
"urn:cite:hmt:msA.315r","urn:cite:hmt:vaimg.VA315RN-0485"
"urn:cite:hmt:msA.315v","urn:cite:hmt:vaimg.VA315VN-0817"
"urn:cite:hmt:msA.316r","urn:cite:hmt:vaimg.VA316RN-0486"
"urn:cite:hmt:msA.316v","urn:cite:hmt:vaimg.VA316VN-0818"
"urn:cite:hmt:msA.317r","urn:cite:hmt:vaimg.VA317RN-0487"
"urn:cite:hmt:msA.317v","urn:cite:hmt:vaimg.VA317VN-0819"
"urn:cite:hmt:msA.318r","urn:cite:hmt:vaimg.VA318RN-0488"
"urn:cite:hmt:msA.318v","urn:cite:hmt:vaimg.VA318VN-0820"
"urn:cite:hmt:msA.319r","urn:cite:hmt:vaimg.VA319RN-0489"
"urn:cite:hmt:msA.319v","urn:cite:hmt:vaimg.VA319VN-0821"
"urn:cite:hmt:msA.320r","urn:cite:hmt:vaimg.VA320RN-0490"
"urn:cite:hmt:msA.320v","urn:cite:hmt:vaimg.VA320VN-0822"
"urn:cite:hmt:msA.321r","urn:cite:hmt:vaimg.VA321RN-0491"
"urn:cite:hmt:msA.321v","urn:cite:hmt:vaimg.VA321VN-0823"
"urn:cite:hmt:msA.322r","urn:cite:hmt:vaimg.VA322RN-0492"
"urn:cite:hmt:msA.322v","urn:cite:hmt:vaimg.VA322VN-0824"
"urn:cite:hmt:msA.323r","urn:cite:hmt:vaimg.VA323RN-0493"
"urn:cite:hmt:msA.323v","urn:cite:hmt:vaimg.VA323VN-0825"
"urn:cite:hmt:msA.324r","urn:cite:hmt:vaimg.VA324RN-0494"
"urn:cite:hmt:msA.324v","urn:cite:hmt:vaimg.VA324VN-0826"
"urn:cite:hmt:msA.325r","urn:cite:hmt:vaimg.VA325RN-0495"
"urn:cite:hmt:msA.325v","urn:cite:hmt:vaimg.VA325VN-0827"
"urn:cite:hmt:msA.326r","urn:cite:hmt:vaimg.VA326RN-0496"
"urn:cite:hmt:msA.326v","urn:cite:hmt:vaimg.VA326VN-0828"
"urn:cite:hmt:msA.327r","urn:cite:hmt:vaimg.VA327RN-0497"
"urn:cite:hmt:msA.327v","urn:cite:hmt:vaimg.VA327VN-0829"
