urn:cite:hmt:msA.insidefrontcover	urn:cite:hmt:vaimg.VAMSInside_front_cover_versoN_0500
urn:cite:hmt:msA.ir	urn:cite:hmt:vaimg.VAMSFolio_i_rectoN_0001
urn:cite:hmt:msA.iv	urn:cite:hmt:vaimg.VAMSFlyleaf_i_versoN_0501
urn:cite:hmt:msA.1r	urn:cite:hmt:vaimg.VA001RN_0002
urn:cite:hmt:msA.1v	urn:cite:hmt:vaimg.VA001VN_0503
urn:cite:hmt:msA.2r	urn:cite:hmt:vaimg.VA002RN_0003
urn:cite:hmt:msA.2v	urn:cite:hmt:vaimg.VA002VN_0504
urn:cite:hmt:msA.3r	urn:cite:hmt:vaimg.VA003RN_0004
urn:cite:hmt:msA.3v	urn:cite:hmt:vaimg.VA003VN_0505
urn:cite:hmt:msA.4r	urn:cite:hmt:vaimg.VA004RN_0005
urn:cite:hmt:msA.4v	urn:cite:hmt:vaimg.VA004VN_0506
urn:cite:hmt:msA.5r	urn:cite:hmt:vaimg.VA005RN_0006
urn:cite:hmt:msA.5v	urn:cite:hmt:vaimg.VA005VN_0507
urn:cite:hmt:msA.6r	urn:cite:hmt:vaimg.VA006RN_0007
urn:cite:hmt:msA.6v	urn:cite:hmt:vaimg.VA006VN_0508
urn:cite:hmt:msA.7r	urn:cite:hmt:vaimg.VA007RN_0008
urn:cite:hmt:msA.7v	urn:cite:hmt:vaimg.VA007VN_0509
urn:cite:hmt:msA.8r	urn:cite:hmt:vaimg.VA008RN_0009
urn:cite:hmt:msA.8v	urn:cite:hmt:vaimg.VA008VN_0510
urn:cite:hmt:msA.9r	urn:cite:hmt:vaimg.VA009RN_0010
urn:cite:hmt:msA.9v	urn:cite:hmt:vaimg.VA009VN_0511
urn:cite:hmt:msA.10r	urn:cite:hmt:vaimg.VA010RN_0011
urn:cite:hmt:msA.10v	urn:cite:hmt:vaimg.VA010VN_0512
urn:cite:hmt:msA.11r	urn:cite:hmt:vaimg.VA011RN_0012
urn:cite:hmt:msA.11v	urn:cite:hmt:vaimg.VA011VN_0513
urn:cite:hmt:msA.12r	urn:cite:hmt:vaimg.VA012RN_0013
urn:cite:hmt:msA.12r	urn:cite:hmt:vaimg.VA012RND_0892
urn:cite:hmt:msA.12r	urn:cite:hmt:vaimg.VA012RUV_0893
urn:cite:hmt:msA.12r	urn:cite:hmt:vaimg.VA012RUVD_0894
urn:cite:hmt:msA.12r	urn:cite:hmt:vaimg.VA012RUVD_0895
urn:cite:hmt:msA.12v	urn:cite:hmt:vaimg.VA012VN_0514
urn:cite:hmt:msA.12v	urn:cite:hmt:vaimg.VA012VUVD_0902
urn:cite:hmt:msA.12v	urn:cite:hmt:vaimg.VA012VUVD_0903
urn:cite:hmt:msA.12v	urn:cite:hmt:vaimg.VA012VUVD_0904
urn:cite:hmt:msA.12v	urn:cite:hmt:vaimg.VA012VUVD_0905
urn:cite:hmt:msA.13r	urn:cite:hmt:vaimg.VA013RN_0014
urn:cite:hmt:msA.13r	urn:cite:hmt:vaimg.VA013RUVD_0896
urn:cite:hmt:msA.13v	urn:cite:hmt:vaimg.VA013VN_0515
urn:cite:hmt:msA.14r	urn:cite:hmt:vaimg.VA014RN_0015
urn:cite:hmt:msA.14v	urn:cite:hmt:vaimg.VA014VN_0516
urn:cite:hmt:msA.15r	urn:cite:hmt:vaimg.VA015RN_0016
urn:cite:hmt:msA.15v	urn:cite:hmt:vaimg.VA015VN_0517
urn:cite:hmt:msA.16r	urn:cite:hmt:vaimg.VA016RN_0017
urn:cite:hmt:msA.16v	urn:cite:hmt:vaimg.VA016VN_0518
urn:cite:hmt:msA.17r	urn:cite:hmt:vaimg.VA017RN_0018
urn:cite:hmt:msA.17v	urn:cite:hmt:vaimg.VA017VN_0519
urn:cite:hmt:msA.18r	urn:cite:hmt:vaimg.VA018RN_0019
urn:cite:hmt:msA.18v	urn:cite:hmt:vaimg.VA018VN_0520
urn:cite:hmt:msA.19r	urn:cite:hmt:vaimg.VA019RN_0020
urn:cite:hmt:msA.19v	urn:cite:hmt:vaimg.VA019VN_0521
urn:cite:hmt:msA.20r	urn:cite:hmt:vaimg.VA020RN_0021
urn:cite:hmt:msA.20v	urn:cite:hmt:vaimg.VA020VN_0522
urn:cite:hmt:msA.21r	urn:cite:hmt:vaimg.VA021RN_0022
urn:cite:hmt:msA.21v	urn:cite:hmt:vaimg.VA021VN_0523
urn:cite:hmt:msA.21v	urn:cite:hmt:vaimg.VA021VUVD_0906
urn:cite:hmt:msA.22r	urn:cite:hmt:vaimg.VA022RN_0023
urn:cite:hmt:msA.22v	urn:cite:hmt:vaimg.VA022VN_0524
urn:cite:hmt:msA.23r	urn:cite:hmt:vaimg.VA023RN_0024
urn:cite:hmt:msA.23v	urn:cite:hmt:vaimg.VA023VN_0525
urn:cite:hmt:msA.24r	urn:cite:hmt:vaimg.VA024RN_0025
urn:cite:hmt:msA.24r	urn:cite:hmt:vaimg.VA024RND_0891
urn:cite:hmt:msA.24r	urn:cite:hmt:vaimg.VA024RUVD_0897
urn:cite:hmt:msA.24v	urn:cite:hmt:vaimg.VA024VN_0526
urn:cite:hmt:msA.25r	urn:cite:hmt:vaimg.VA025RN_0026
urn:cite:hmt:msA.25v	urn:cite:hmt:vaimg.VA025VN_0527
urn:cite:hmt:msA.26r	urn:cite:hmt:vaimg.VA026RN_0027
urn:cite:hmt:msA.26v	urn:cite:hmt:vaimg.VA026VN_0528
urn:cite:hmt:msA.27r	urn:cite:hmt:vaimg.VA027RN_0028
urn:cite:hmt:msA.27v	urn:cite:hmt:vaimg.VA027VN_0529
urn:cite:hmt:msA.27v	urn:cite:hmt:vaimg.VA027VUVD_0907
urn:cite:hmt:msA.28r	urn:cite:hmt:vaimg.VA028RN_0029
urn:cite:hmt:msA.28v	urn:cite:hmt:vaimg.VA028VN_0530
urn:cite:hmt:msA.29r	urn:cite:hmt:vaimg.VA029RN_0030
urn:cite:hmt:msA.29v	urn:cite:hmt:vaimg.VA029VN_0531
urn:cite:hmt:msA.30r	urn:cite:hmt:vaimg.VA030RN_0031
urn:cite:hmt:msA.30v	urn:cite:hmt:vaimg.VA030VN_0532
urn:cite:hmt:msA.31r	urn:cite:hmt:vaimg.VA031RN_0032
urn:cite:hmt:msA.31v	urn:cite:hmt:vaimg.VA031VN_0533
urn:cite:hmt:msA.32r	urn:cite:hmt:vaimg.VA032RN_0033
urn:cite:hmt:msA.32v	urn:cite:hmt:vaimg.VA032VN_0534
urn:cite:hmt:msA.33r	urn:cite:hmt:vaimg.VA033RN_0034
urn:cite:hmt:msA.33v	urn:cite:hmt:vaimg.VA033VN_0535
urn:cite:hmt:msA.34r	urn:cite:hmt:vaimg.VA034RN_0035
urn:cite:hmt:msA.34v	urn:cite:hmt:vaimg.VA034VN_0536
urn:cite:hmt:msA.35r	urn:cite:hmt:vaimg.VA035RN_0036
urn:cite:hmt:msA.35v	urn:cite:hmt:vaimg.VA035VN_0537
urn:cite:hmt:msA.36r	urn:cite:hmt:vaimg.VA036RN_0037
urn:cite:hmt:msA.36v	urn:cite:hmt:vaimg.VA036VN_0538
urn:cite:hmt:msA.37r	urn:cite:hmt:vaimg.VA037RN_0038
urn:cite:hmt:msA.37v	urn:cite:hmt:vaimg.VA037VN_0539
urn:cite:hmt:msA.37v	urn:cite:hmt:vaimg.VA037VUVD_0908
urn:cite:hmt:msA.38r	urn:cite:hmt:vaimg.VA038RN_0039
urn:cite:hmt:msA.38v	urn:cite:hmt:vaimg.VA038VN_0540
urn:cite:hmt:msA.39r	urn:cite:hmt:vaimg.VA039RN_0040
urn:cite:hmt:msA.39v	urn:cite:hmt:vaimg.VA039VN_0541
urn:cite:hmt:msA.40r	urn:cite:hmt:vaimg.VA040RN_0041
urn:cite:hmt:msA.40v	urn:cite:hmt:vaimg.VA040VN_0542
urn:cite:hmt:msA.40v	urn:cite:hmt:vaimg.VA040VND_0835
urn:cite:hmt:msA.41r	urn:cite:hmt:vaimg.VA041RN_0042
urn:cite:hmt:msA.41v	urn:cite:hmt:vaimg.VA041VN_0543
urn:cite:hmt:msA.42r	urn:cite:hmt:vaimg.VA042RN_0043
urn:cite:hmt:msA.42r	urn:cite:hmt:vaimg.VA042RND_0890
urn:cite:hmt:msA.42v	urn:cite:hmt:vaimg.VA042VN_0544
urn:cite:hmt:msA.42v	urn:cite:hmt:vaimg.VA042VUVD_0909
urn:cite:hmt:msA.43r	urn:cite:hmt:vaimg.VA043RN_0044
urn:cite:hmt:msA.43v	urn:cite:hmt:vaimg.VA043VN_0545
urn:cite:hmt:msA.43v	urn:cite:hmt:vaimg.VA043VND_0836
urn:cite:hmt:msA.44r	urn:cite:hmt:vaimg.VA044RN_0045
urn:cite:hmt:msA.44v	urn:cite:hmt:vaimg.VA044VN_0546
urn:cite:hmt:msA.44v	urn:cite:hmt:vaimg.VA044VND_0837
urn:cite:hmt:msA.44v	urn:cite:hmt:vaimg.VA044VND_0838
urn:cite:hmt:msA.45r	urn:cite:hmt:vaimg.VA045RN_0046
urn:cite:hmt:msA.45r	urn:cite:hmt:vaimg.VA045RND_0888
urn:cite:hmt:msA.45r	urn:cite:hmt:vaimg.VA045RND_0889
urn:cite:hmt:msA.45r	urn:cite:hmt:vaimg.VA045RUVD_0898
urn:cite:hmt:msA.45v	urn:cite:hmt:vaimg.VA045VN_0547
urn:cite:hmt:msA.46r	urn:cite:hmt:vaimg.VA046RN_0047
urn:cite:hmt:msA.46v	urn:cite:hmt:vaimg.VA046VN_0548
urn:cite:hmt:msA.46v	urn:cite:hmt:vaimg.VA046VUVD_0910
urn:cite:hmt:msA.46v	urn:cite:hmt:vaimg.VA046VUVD_0911
urn:cite:hmt:msA.46v	urn:cite:hmt:vaimg.VA046VUVD_0912
urn:cite:hmt:msA.47r	urn:cite:hmt:vaimg.VA047RN_0048
urn:cite:hmt:msA.47v	urn:cite:hmt:vaimg.VA047VN_0549
urn:cite:hmt:msA.48r	urn:cite:hmt:vaimg.VA048RN_0049
urn:cite:hmt:msA.48v	urn:cite:hmt:vaimg.VA048VN_0550
urn:cite:hmt:msA.48v	urn:cite:hmt:vaimg.VA048VUVD_0913
urn:cite:hmt:msA.49r	urn:cite:hmt:vaimg.VA049RN_0050
urn:cite:hmt:msA.49v	urn:cite:hmt:vaimg.VA049VN_0551
urn:cite:hmt:msA.49v	urn:cite:hmt:vaimg.VA049VND_0839
urn:cite:hmt:msA.50r	urn:cite:hmt:vaimg.VA050RN_0051
urn:cite:hmt:msA.50v	urn:cite:hmt:vaimg.VA050VN_0552
urn:cite:hmt:msA.50v	urn:cite:hmt:vaimg.VA050VUVD_0914
urn:cite:hmt:msA.51r	urn:cite:hmt:vaimg.VA051RN_0052
urn:cite:hmt:msA.51r	urn:cite:hmt:vaimg.VA051RND_0887
urn:cite:hmt:msA.51v	urn:cite:hmt:vaimg.VA051VN_0553
urn:cite:hmt:msA.52r	urn:cite:hmt:vaimg.VA052RN_0053
urn:cite:hmt:msA.52r	urn:cite:hmt:vaimg.VA052RND_0886
urn:cite:hmt:msA.52v	urn:cite:hmt:vaimg.VA052VN_0554
urn:cite:hmt:msA.53r	urn:cite:hmt:vaimg.VA053RN_0054
urn:cite:hmt:msA.53v	urn:cite:hmt:vaimg.VA053VN_0555
urn:cite:hmt:msA.54r	urn:cite:hmt:vaimg.VA054RN_0055
urn:cite:hmt:msA.54v	urn:cite:hmt:vaimg.VA054VN_0556
urn:cite:hmt:msA.54v	urn:cite:hmt:vaimg.VA054VND_0840
urn:cite:hmt:msA.54v	urn:cite:hmt:vaimg.VA054VUVD_0915
urn:cite:hmt:msA.55r	urn:cite:hmt:vaimg.VA055RN_0056
urn:cite:hmt:msA.55v	urn:cite:hmt:vaimg.VA055VN_0557
urn:cite:hmt:msA.54v	urn:cite:hmt:vaimg.VA0054VND_00058
urn:cite:hmt:msA.56r	urn:cite:hmt:vaimg.VA056RN_0057
urn:cite:hmt:msA.56v	urn:cite:hmt:vaimg.VA056VN_0558
urn:cite:hmt:msA.57r	urn:cite:hmt:vaimg.VA057RN_0058
urn:cite:hmt:msA.57v	urn:cite:hmt:vaimg.VA057VN_0559
urn:cite:hmt:msA.58r	urn:cite:hmt:vaimg.VA058RN_0059
urn:cite:hmt:msA.58v	urn:cite:hmt:vaimg.VA058VN_0560
urn:cite:hmt:msA.58v	urn:cite:hmt:vaimg.VA058VND_0841
urn:cite:hmt:msA.59r	urn:cite:hmt:vaimg.VA059RN_0060
urn:cite:hmt:msA.59v	urn:cite:hmt:vaimg.VA059VN_0561
urn:cite:hmt:msA.60r	urn:cite:hmt:vaimg.VA060RN_0061
urn:cite:hmt:msA.60v	urn:cite:hmt:vaimg.VA060VN_0562
urn:cite:hmt:msA.60v	urn:cite:hmt:vaimg.VA060VUVD_0916
urn:cite:hmt:msA.61r	urn:cite:hmt:vaimg.VA061RN_0062
urn:cite:hmt:msA.61v	urn:cite:hmt:vaimg.VA061VN_0563
urn:cite:hmt:msA.62r	urn:cite:hmt:vaimg.VA062RN_0063
urn:cite:hmt:msA.62v	urn:cite:hmt:vaimg.VA062VN_0564
urn:cite:hmt:msA.63r	urn:cite:hmt:vaimg.VA063RN_0064
urn:cite:hmt:msA.63v	urn:cite:hmt:vaimg.VA063VN_0565
urn:cite:hmt:msA.63v	urn:cite:hmt:vaimg.VA063VND_0842
urn:cite:hmt:msA.64r	urn:cite:hmt:vaimg.VA064RN_0065
urn:cite:hmt:msA.64v	urn:cite:hmt:vaimg.VA064VN_0566
urn:cite:hmt:msA.64v	urn:cite:hmt:vaimg.VA064VUVD_0917
urn:cite:hmt:msA.64v	urn:cite:hmt:vaimg.VA064VUVD_0918
urn:cite:hmt:msA.65r	urn:cite:hmt:vaimg.VA065RN_0066
urn:cite:hmt:msA.65v	urn:cite:hmt:vaimg.VA065VN_0567
urn:cite:hmt:msA.66r	urn:cite:hmt:vaimg.VA066RN_0067
urn:cite:hmt:msA.66v	urn:cite:hmt:vaimg.VA066VN_0568
urn:cite:hmt:msA.66v	urn:cite:hmt:vaimg.VA066VUVD_0919
urn:cite:hmt:msA.66v	urn:cite:hmt:vaimg.VA066VUVD_0920
urn:cite:hmt:msA.67r	urn:cite:hmt:vaimg.VA067RN_0068
urn:cite:hmt:msA.67v	urn:cite:hmt:vaimg.VA067VN_0569
urn:cite:hmt:msA.67v	urn:cite:hmt:vaimg.VA067VND_0843
urn:cite:hmt:msA.68r	urn:cite:hmt:vaimg.VA068RN_0069
urn:cite:hmt:msA.68v	urn:cite:hmt:vaimg.VA068VN_0570
urn:cite:hmt:msA.68v	urn:cite:hmt:vaimg.VA068VUVD_0921
urn:cite:hmt:msA.68v	urn:cite:hmt:vaimg.VA068VUVD_0922
urn:cite:hmt:msA.69r	urn:cite:hmt:vaimg.VA069RN_0070
urn:cite:hmt:msA.69v	urn:cite:hmt:vaimg.VA069VN_0571
urn:cite:hmt:msA.70r	urn:cite:hmt:vaimg.VA070RN_0071
urn:cite:hmt:msA.70v	urn:cite:hmt:vaimg.VA070VN_0572
urn:cite:hmt:msA.71r	urn:cite:hmt:vaimg.VA071RN_0072
urn:cite:hmt:msA.71v	urn:cite:hmt:vaimg.VA071VN_0573
urn:cite:hmt:msA.72r	urn:cite:hmt:vaimg.VA072RN_0073
urn:cite:hmt:msA.72v	urn:cite:hmt:vaimg.VA072VN_0574
urn:cite:hmt:msA.73r	urn:cite:hmt:vaimg.VA073RN_0074
urn:cite:hmt:msA.73v	urn:cite:hmt:vaimg.VA073VN_0575
urn:cite:hmt:msA.74r	urn:cite:hmt:vaimg.VA074RN_0075
urn:cite:hmt:msA.74v	urn:cite:hmt:vaimg.VA074VN_0576
urn:cite:hmt:msA.75r	urn:cite:hmt:vaimg.VA075RN_0076
urn:cite:hmt:msA.75v	urn:cite:hmt:vaimg.VA075VN_0577
urn:cite:hmt:msA.76r	urn:cite:hmt:vaimg.VA076RN_0077
urn:cite:hmt:msA.76v	urn:cite:hmt:vaimg.VA076VN_0579
urn:cite:hmt:msA.77r	urn:cite:hmt:vaimg.VA077RN_0078
urn:cite:hmt:msA.77v	urn:cite:hmt:vaimg.VA077VN_0580
urn:cite:hmt:msA.78r	urn:cite:hmt:vaimg.VA078RN_0079
urn:cite:hmt:msA.78v	urn:cite:hmt:vaimg.VA078VN_0581
urn:cite:hmt:msA.78v	urn:cite:hmt:vaimg.VA078VUVD_0923
urn:cite:hmt:msA.78v	urn:cite:hmt:vaimg.VA078VUVD_0924
urn:cite:hmt:msA.79r	urn:cite:hmt:vaimg.VA079RN_0080
urn:cite:hmt:msA.79v	urn:cite:hmt:vaimg.VA079VN_0582
urn:cite:hmt:msA.80r	urn:cite:hmt:vaimg.VA080RN_0081
urn:cite:hmt:msA.80v	urn:cite:hmt:vaimg.VA080VN_0583
urn:cite:hmt:msA.80v	urn:cite:hmt:vaimg.VA080VND_0832
urn:cite:hmt:msA.80v	urn:cite:hmt:vaimg.VA080VUVD_0925
urn:cite:hmt:msA.80v	urn:cite:hmt:vaimg.VA080VUVD_0926
urn:cite:hmt:msA.81r	urn:cite:hmt:vaimg.VA081RN_0082
urn:cite:hmt:msA.81v	urn:cite:hmt:vaimg.VA081VN_0584
urn:cite:hmt:msA.82r	urn:cite:hmt:vaimg.VA082RN_0254
urn:cite:hmt:msA.82v	urn:cite:hmt:vaimg.VA082VN_0585
urn:cite:hmt:msA.82v	urn:cite:hmt:vaimg.VA082VUVD_0927
urn:cite:hmt:msA.83r	urn:cite:hmt:vaimg.VA083RN_0255
urn:cite:hmt:msA.83v	urn:cite:hmt:vaimg.VA083VN_0586
urn:cite:hmt:msA.84r	urn:cite:hmt:vaimg.VA084RN_0256
urn:cite:hmt:msA.84v	urn:cite:hmt:vaimg.VA084VN_0587
urn:cite:hmt:msA.84v	urn:cite:hmt:vaimg.VA084VND_0844
urn:cite:hmt:msA.85r	urn:cite:hmt:vaimg.VA085RN_0257
urn:cite:hmt:msA.85v	urn:cite:hmt:vaimg.VA085VN_0588
urn:cite:hmt:msA.86r	urn:cite:hmt:vaimg.VA086RN_0258
urn:cite:hmt:msA.86v	urn:cite:hmt:vaimg.VA086VN_0589
urn:cite:hmt:msA.87r	urn:cite:hmt:vaimg.VA087RN_0259
urn:cite:hmt:msA.87v	urn:cite:hmt:vaimg.VA087VN_0590
urn:cite:hmt:msA.88r	urn:cite:hmt:vaimg.VA088RN_0260
urn:cite:hmt:msA.88v	urn:cite:hmt:vaimg.VA088VN_0591
urn:cite:hmt:msA.89r	urn:cite:hmt:vaimg.VA089RN_0261
urn:cite:hmt:msA.89r	urn:cite:hmt:vaimg.VA089RN_0261a
urn:cite:hmt:msA.89v	urn:cite:hmt:vaimg.VA089VN_0592
urn:cite:hmt:msA.90r	urn:cite:hmt:vaimg.VA090RN_0262
urn:cite:hmt:msA.90v	urn:cite:hmt:vaimg.VA090VN_0593
urn:cite:hmt:msA.90v	urn:cite:hmt:vaimg.VA090VUVD_0928
urn:cite:hmt:msA.91r	urn:cite:hmt:vaimg.VA091RN_0263
urn:cite:hmt:msA.91r	urn:cite:hmt:vaimg.VA091RND_0885
urn:cite:hmt:msA.91v	urn:cite:hmt:vaimg.VA091VN_0594
urn:cite:hmt:msA.92r	urn:cite:hmt:vaimg.VA092RN_0264
urn:cite:hmt:msA.92v	urn:cite:hmt:vaimg.VA092VN_0595
urn:cite:hmt:msA.93r	urn:cite:hmt:vaimg.VA093RN_0265
urn:cite:hmt:msA.93v	urn:cite:hmt:vaimg.VA093VN_0596
urn:cite:hmt:msA.94r	urn:cite:hmt:vaimg.VA094RN_0266
urn:cite:hmt:msA.94v	urn:cite:hmt:vaimg.VA094VN_0597
urn:cite:hmt:msA.94v	urn:cite:hmt:vaimg.VA094VUVD_0929
urn:cite:hmt:msA.95r	urn:cite:hmt:vaimg.VA095RN_0267
urn:cite:hmt:msA.95v	urn:cite:hmt:vaimg.VA095VN_0598
urn:cite:hmt:msA.96r	urn:cite:hmt:vaimg.VA096RN_0268
urn:cite:hmt:msA.96v	urn:cite:hmt:vaimg.VA096VN_0599
urn:cite:hmt:msA.97r	urn:cite:hmt:vaimg.VA097RN_0269
urn:cite:hmt:msA.97v	urn:cite:hmt:vaimg.VA097VN_0600
urn:cite:hmt:msA.98r	urn:cite:hmt:vaimg.VA098RN_0270
urn:cite:hmt:msA.98v	urn:cite:hmt:vaimg.VA098VN_0601
urn:cite:hmt:msA.99r	urn:cite:hmt:vaimg.VA099RN_0271
urn:cite:hmt:msA.99v	urn:cite:hmt:vaimg.VA099VN_0602
urn:cite:hmt:msA.100r	urn:cite:hmt:vaimg.VA100RN_0272
urn:cite:hmt:msA.100v	urn:cite:hmt:vaimg.VA100VN_0603
urn:cite:hmt:msA.100v	urn:cite:hmt:vaimg.VA100VND_0833
urn:cite:hmt:msA.100v	urn:cite:hmt:vaimg.VA100VND_0834
urn:cite:hmt:msA.101r	urn:cite:hmt:vaimg.VA101RN_0273
urn:cite:hmt:msA.101v	urn:cite:hmt:vaimg.VA101VN_0604
urn:cite:hmt:msA.102r	urn:cite:hmt:vaimg.VA102RN_0274
urn:cite:hmt:msA.102v	urn:cite:hmt:vaimg.VA102VN_0605
urn:cite:hmt:msA.103r	urn:cite:hmt:vaimg.VA103RN_0275
urn:cite:hmt:msA.103v	urn:cite:hmt:vaimg.VA103VN_0606
urn:cite:hmt:msA.104r	urn:cite:hmt:vaimg.VA104RN_0276
urn:cite:hmt:msA.104v	urn:cite:hmt:vaimg.VA104VN_0607
urn:cite:hmt:msA.105r	urn:cite:hmt:vaimg.VA105RN_0277
urn:cite:hmt:msA.105v	urn:cite:hmt:vaimg.VA105VN_0608
urn:cite:hmt:msA.105v	urn:cite:hmt:vaimg.VA105VUVD_0930
urn:cite:hmt:msA.106r	urn:cite:hmt:vaimg.VA106RN_0278
urn:cite:hmt:msA.106v	urn:cite:hmt:vaimg.VA106VN_0609
urn:cite:hmt:msA.107r	urn:cite:hmt:vaimg.VA107RN_0279
urn:cite:hmt:msA.107v	urn:cite:hmt:vaimg.VA107VN_0610
urn:cite:hmt:msA.108r	urn:cite:hmt:vaimg.VA108RN_0280
urn:cite:hmt:msA.108v	urn:cite:hmt:vaimg.VA108VN_0611
urn:cite:hmt:msA.109r	urn:cite:hmt:vaimg.VA109RN_0281
urn:cite:hmt:msA.109v	urn:cite:hmt:vaimg.VA109VN_0612
urn:cite:hmt:msA.110r	urn:cite:hmt:vaimg.VA110RN_0282
urn:cite:hmt:msA.110v	urn:cite:hmt:vaimg.VA110VN_0613
urn:cite:hmt:msA.111r	urn:cite:hmt:vaimg.VA111RN_0283
urn:cite:hmt:msA.111v	urn:cite:hmt:vaimg.VA111VN_0614
urn:cite:hmt:msA.111v	urn:cite:hmt:vaimg.VA111VND_0845
urn:cite:hmt:msA.111v	urn:cite:hmt:vaimg.VA111VUVD_0931
urn:cite:hmt:msA.111v	urn:cite:hmt:vaimg.VA111VUVD_0932
urn:cite:hmt:msA.112r	urn:cite:hmt:vaimg.VA112RN_0284
urn:cite:hmt:msA.112v	urn:cite:hmt:vaimg.VA112VN_0615
urn:cite:hmt:msA.113r	urn:cite:hmt:vaimg.VA113RN_0285
urn:cite:hmt:msA.113v	urn:cite:hmt:vaimg.VA113VN_0616
urn:cite:hmt:msA.114r	urn:cite:hmt:vaimg.VA114RN_0286
urn:cite:hmt:msA.114v	urn:cite:hmt:vaimg.VA114VN_0617
urn:cite:hmt:msA.115r	urn:cite:hmt:vaimg.VA115RN_0287
urn:cite:hmt:msA.115v	urn:cite:hmt:vaimg.VA115VN_0618
urn:cite:hmt:msA.116r	urn:cite:hmt:vaimg.VA116RN_0288
urn:cite:hmt:msA.116v	urn:cite:hmt:vaimg.VA116VN_0619
urn:cite:hmt:msA.117r	urn:cite:hmt:vaimg.VA117RN_0289
urn:cite:hmt:msA.117v	urn:cite:hmt:vaimg.VA117VN_0620
urn:cite:hmt:msA.118r	urn:cite:hmt:vaimg.VA118RN_0290
urn:cite:hmt:msA.118v	urn:cite:hmt:vaimg.VA118VN_0621
urn:cite:hmt:msA.119r	urn:cite:hmt:vaimg.VA119RN_0291
urn:cite:hmt:msA.119v	urn:cite:hmt:vaimg.VA119VN_0622
urn:cite:hmt:msA.120r	urn:cite:hmt:vaimg.VA120RN_0292
urn:cite:hmt:msA.120v	urn:cite:hmt:vaimg.VA120VN_0623
urn:cite:hmt:msA.121r	urn:cite:hmt:vaimg.VA121RN_0293
urn:cite:hmt:msA.121v	urn:cite:hmt:vaimg.VA121VN_0624
urn:cite:hmt:msA.122r	urn:cite:hmt:vaimg.VA122RN_0294
urn:cite:hmt:msA.122v	urn:cite:hmt:vaimg.VA122VN_0625
urn:cite:hmt:msA.123r	urn:cite:hmt:vaimg.VA123RN_0295
urn:cite:hmt:msA.123v	urn:cite:hmt:vaimg.VA123VN_0626
urn:cite:hmt:msA.124r	urn:cite:hmt:vaimg.VA124RN_0296
urn:cite:hmt:msA.124v	urn:cite:hmt:vaimg.VA124VN_0627
urn:cite:hmt:msA.125r	urn:cite:hmt:vaimg.VA125RN_0297
urn:cite:hmt:msA.125v	urn:cite:hmt:vaimg.VA125VN_0628
urn:cite:hmt:msA.126r	urn:cite:hmt:vaimg.VA126RN_0298
urn:cite:hmt:msA.126r	urn:cite:hmt:vaimg.VA126RND_0884
urn:cite:hmt:msA.126v	urn:cite:hmt:vaimg.VA126VN_0629
urn:cite:hmt:msA.127r	urn:cite:hmt:vaimg.VA127RN_0299
urn:cite:hmt:msA.127v	urn:cite:hmt:vaimg.VA127VN_0630
urn:cite:hmt:msA.128r	urn:cite:hmt:vaimg.VA128RN_0300
urn:cite:hmt:msA.128v	urn:cite:hmt:vaimg.VA128VN_0631
urn:cite:hmt:msA.129r	urn:cite:hmt:vaimg.VA129RN_0301
urn:cite:hmt:msA.129v	urn:cite:hmt:vaimg.VA129VN_0632
urn:cite:hmt:msA.130r	urn:cite:hmt:vaimg.VA130RN_0302
urn:cite:hmt:msA.130v	urn:cite:hmt:vaimg.VA130VN_0633
urn:cite:hmt:msA.131r	urn:cite:hmt:vaimg.VA131RN_0303
urn:cite:hmt:msA.131v	urn:cite:hmt:vaimg.VA131VN_0634
urn:cite:hmt:msA.132r	urn:cite:hmt:vaimg.VA132RN_0304
urn:cite:hmt:msA.132v	urn:cite:hmt:vaimg.VA132VN_0635
urn:cite:hmt:msA.132v	urn:cite:hmt:vaimg.VA132VUVD_0933
urn:cite:hmt:msA.133r	urn:cite:hmt:vaimg.VA133RN_0305
urn:cite:hmt:msA.133v	urn:cite:hmt:vaimg.VA133VN_0635
urn:cite:hmt:msA.134r	urn:cite:hmt:vaimg.VA134RN_0306
urn:cite:hmt:msA.134v	urn:cite:hmt:vaimg.VA134VN_0636
urn:cite:hmt:msA.135r	urn:cite:hmt:vaimg.VA135RN_0307
urn:cite:hmt:msA.135v	urn:cite:hmt:vaimg.VA135VN_0637
urn:cite:hmt:msA.136r	urn:cite:hmt:vaimg.VA136RN_0308
urn:cite:hmt:msA.136v	urn:cite:hmt:vaimg.VA136VN_0638
urn:cite:hmt:msA.137r	urn:cite:hmt:vaimg.VA137RN_0309
urn:cite:hmt:msA.137v	urn:cite:hmt:vaimg.VA137VN_0639
urn:cite:hmt:msA.137v	urn:cite:hmt:vaimg.VA137VND_0846
urn:cite:hmt:msA.137v	urn:cite:hmt:vaimg.VA137VUVD_0934
urn:cite:hmt:msA.138r	urn:cite:hmt:vaimg.VA138RN_0310
urn:cite:hmt:msA.138v	urn:cite:hmt:vaimg.VA138VN_0640
urn:cite:hmt:msA.139r	urn:cite:hmt:vaimg.VA139RN_0311
urn:cite:hmt:msA.139v	urn:cite:hmt:vaimg.VA139VN_0641
urn:cite:hmt:msA.140r	urn:cite:hmt:vaimg.VA140RN_0312
urn:cite:hmt:msA.140v	urn:cite:hmt:vaimg.VA140VN_0642
urn:cite:hmt:msA.140v	urn:cite:hmt:vaimg.VA140VUVD_0935
urn:cite:hmt:msA.141r	urn:cite:hmt:vaimg.VA141RN_0313
urn:cite:hmt:msA.141v	urn:cite:hmt:vaimg.VA141VN_0643
urn:cite:hmt:msA.142r	urn:cite:hmt:vaimg.VA142RN_0314
urn:cite:hmt:msA.142v	urn:cite:hmt:vaimg.VA142VN_0644
urn:cite:hmt:msA.143r	urn:cite:hmt:vaimg.VA143RN_0315
urn:cite:hmt:msA.143v	urn:cite:hmt:vaimg.VA143VN_0645
urn:cite:hmt:msA.144r	urn:cite:hmt:vaimg.VA144RN_0316
urn:cite:hmt:msA.144v	urn:cite:hmt:vaimg.VA144VN_0646
urn:cite:hmt:msA.145r	urn:cite:hmt:vaimg.VA145RN_0317
urn:cite:hmt:msA.145v	urn:cite:hmt:vaimg.VA145VN_0647
urn:cite:hmt:msA.146r	urn:cite:hmt:vaimg.VA146RN_0318
urn:cite:hmt:msA.146v	urn:cite:hmt:vaimg.VA146VN_0648
urn:cite:hmt:msA.146v	urn:cite:hmt:vaimg.VA146VUVD_0936
urn:cite:hmt:msA.147r	urn:cite:hmt:vaimg.VA147RN_0319
urn:cite:hmt:msA.147v	urn:cite:hmt:vaimg.VA147VN_0649
urn:cite:hmt:msA.147v	urn:cite:hmt:vaimg.VA147VUVD_0937
urn:cite:hmt:msA.148r	urn:cite:hmt:vaimg.VA148RN_0320
urn:cite:hmt:msA.148v	urn:cite:hmt:vaimg.VA148VN_0650
urn:cite:hmt:msA.148v	urn:cite:hmt:vaimg.VA148VND_0847
urn:cite:hmt:msA.149r	urn:cite:hmt:vaimg.VA149RN_0321
urn:cite:hmt:msA.149v	urn:cite:hmt:vaimg.VA149VN_0651
urn:cite:hmt:msA.150r	urn:cite:hmt:vaimg.VA150RN_0322
urn:cite:hmt:msA.150v	urn:cite:hmt:vaimg.VA150VN_0652
urn:cite:hmt:msA.151r	urn:cite:hmt:vaimg.VA151RN_0323
urn:cite:hmt:msA.151v	urn:cite:hmt:vaimg.VA151VN_0653
urn:cite:hmt:msA.152r	urn:cite:hmt:vaimg.VA152RN_0324
urn:cite:hmt:msA.152v	urn:cite:hmt:vaimg.VA152VN_0654
urn:cite:hmt:msA.152v	urn:cite:hmt:vaimg.VA152VUVD_0938
urn:cite:hmt:msA.153r	urn:cite:hmt:vaimg.VA153RN_0325
urn:cite:hmt:msA.153v	urn:cite:hmt:vaimg.VA153VN_0655
urn:cite:hmt:msA.154r	urn:cite:hmt:vaimg.VA154RN_0326
urn:cite:hmt:msA.154v	urn:cite:hmt:vaimg.VA154VN_0656
urn:cite:hmt:msA.154v	urn:cite:hmt:vaimg.VA154VND_0848
urn:cite:hmt:msA.154v	urn:cite:hmt:vaimg.VA154VUVD_0939
urn:cite:hmt:msA.155r	urn:cite:hmt:vaimg.VA155RN_0327
urn:cite:hmt:msA.155v	urn:cite:hmt:vaimg.VA155VN_0657
urn:cite:hmt:msA.156r	urn:cite:hmt:vaimg.VA156RN_0327
urn:cite:hmt:msA.156v	urn:cite:hmt:vaimg.VA156VN_0658
urn:cite:hmt:msA.157r	urn:cite:hmt:vaimg.VA157RN_0328
urn:cite:hmt:msA.157v	urn:cite:hmt:vaimg.VA157VN_0659
urn:cite:hmt:msA.158r	urn:cite:hmt:vaimg.VA158RN_0329
urn:cite:hmt:msA.158v	urn:cite:hmt:vaimg.VA158VN_0660
urn:cite:hmt:msA.158v	urn:cite:hmt:vaimg.VA158VUVD_0940
urn:cite:hmt:msA.159r	urn:cite:hmt:vaimg.VA159RN_0330
urn:cite:hmt:msA.159v	urn:cite:hmt:vaimg.VA159VN_0661
urn:cite:hmt:msA.160r	urn:cite:hmt:vaimg.VA160RN_0331
urn:cite:hmt:msA.160v	urn:cite:hmt:vaimg.VA160VN_0662
urn:cite:hmt:msA.161r	urn:cite:hmt:vaimg.VA161RN_0332
urn:cite:hmt:msA.161v	urn:cite:hmt:vaimg.VA161VN_0663
urn:cite:hmt:msA.162r	urn:cite:hmt:vaimg.VA162RN_0333
urn:cite:hmt:msA.162v	urn:cite:hmt:vaimg.VA162VN_0664
urn:cite:hmt:msA.163r	urn:cite:hmt:vaimg.VA163RN_0334
urn:cite:hmt:msA.163v	urn:cite:hmt:vaimg.VA163VN_0665
urn:cite:hmt:msA.164r	urn:cite:hmt:vaimg.VA164RN_0335
urn:cite:hmt:msA.164r	urn:cite:hmt:vaimg.VA164RND_0883
urn:cite:hmt:msA.164v	urn:cite:hmt:vaimg.VA164VN_0666
urn:cite:hmt:msA.164v	urn:cite:hmt:vaimg.VA164VND_0849
urn:cite:hmt:msA.165r	urn:cite:hmt:vaimg.VA165RN_0336
urn:cite:hmt:msA.165v	urn:cite:hmt:vaimg.VA165VN_0667
urn:cite:hmt:msA.166r	urn:cite:hmt:vaimg.VA166RN_0337
urn:cite:hmt:msA.166v	urn:cite:hmt:vaimg.VA166VN_0668
urn:cite:hmt:msA.167r	urn:cite:hmt:vaimg.VA167RN_0338
urn:cite:hmt:msA.167v	urn:cite:hmt:vaimg.VA167VN_0669
urn:cite:hmt:msA.168r	urn:cite:hmt:vaimg.VA168RN_0339
urn:cite:hmt:msA.168v	urn:cite:hmt:vaimg.VA168VN_0670
urn:cite:hmt:msA.169r	urn:cite:hmt:vaimg.VA169RN_0340
urn:cite:hmt:msA.169v	urn:cite:hmt:vaimg.VA169VN_0671
urn:cite:hmt:msA.170r	urn:cite:hmt:vaimg.VA170RN_0341
urn:cite:hmt:msA.170v	urn:cite:hmt:vaimg.VA170VN_0672
urn:cite:hmt:msA.170v	urn:cite:hmt:vaimg.VA170VND_0850
urn:cite:hmt:msA.171r	urn:cite:hmt:vaimg.VA171RN_0342
urn:cite:hmt:msA.171v	urn:cite:hmt:vaimg.VA171VN_0673
urn:cite:hmt:msA.172r	urn:cite:hmt:vaimg.VA172RN_0343
urn:cite:hmt:msA.172v	urn:cite:hmt:vaimg.VA172VN_0674
urn:cite:hmt:msA.172v	urn:cite:hmt:vaimg.VA172VND_0851
urn:cite:hmt:msA.173r	urn:cite:hmt:vaimg.VA173RN_0344
urn:cite:hmt:msA.173v	urn:cite:hmt:vaimg.VA173VN_0675
urn:cite:hmt:msA.174r	urn:cite:hmt:vaimg.VA174RN_0345
urn:cite:hmt:msA.174v	urn:cite:hmt:vaimg.VA174VN_0676
urn:cite:hmt:msA.174v	urn:cite:hmt:vaimg.VA174VND_0852
urn:cite:hmt:msA.175r	urn:cite:hmt:vaimg.VA175RN_0346
urn:cite:hmt:msA.175v	urn:cite:hmt:vaimg.VA175VN_0677
urn:cite:hmt:msA.176r	urn:cite:hmt:vaimg.VA176RN_0347
urn:cite:hmt:msA.176v	urn:cite:hmt:vaimg.VA176VN_0678
urn:cite:hmt:msA.177r	urn:cite:hmt:vaimg.VA177RN_0348
urn:cite:hmt:msA.177v	urn:cite:hmt:vaimg.VA177VN_0679
urn:cite:hmt:msA.178r	urn:cite:hmt:vaimg.VA178RN_0349
urn:cite:hmt:msA.178v	urn:cite:hmt:vaimg.VA178VN_0680
urn:cite:hmt:msA.179r	urn:cite:hmt:vaimg.VA179RN_0350
urn:cite:hmt:msA.179v	urn:cite:hmt:vaimg.VA179VN_0681
urn:cite:hmt:msA.180r	urn:cite:hmt:vaimg.VA180RN_0351
urn:cite:hmt:msA.180v	urn:cite:hmt:vaimg.VA180VN_0682
urn:cite:hmt:msA.180v	urn:cite:hmt:vaimg.VA180VND_0853
urn:cite:hmt:msA.181r	urn:cite:hmt:vaimg.VA181RN_0352
urn:cite:hmt:msA.181v	urn:cite:hmt:vaimg.VA181VN_0683
urn:cite:hmt:msA.182r	urn:cite:hmt:vaimg.VA182RN_0353
urn:cite:hmt:msA.182v	urn:cite:hmt:vaimg.VA182VN_0684
urn:cite:hmt:msA.182v	urn:cite:hmt:vaimg.VA182VND_0854
urn:cite:hmt:msA.182v	urn:cite:hmt:vaimg.VA182VND_0855
urn:cite:hmt:msA.183r	urn:cite:hmt:vaimg.VA183RN_0354
urn:cite:hmt:msA.183v	urn:cite:hmt:vaimg.VA183VN_0685
urn:cite:hmt:msA.184r	urn:cite:hmt:vaimg.VA184RN_0355
urn:cite:hmt:msA.184v	urn:cite:hmt:vaimg.VA184VN_0686
urn:cite:hmt:msA.185r	urn:cite:hmt:vaimg.VA185RN_0356
urn:cite:hmt:msA.185v	urn:cite:hmt:vaimg.VA185VN_0687
urn:cite:hmt:msA.186r	urn:cite:hmt:vaimg.VA186RN_0357
urn:cite:hmt:msA.186v	urn:cite:hmt:vaimg.VA186VN_0688
urn:cite:hmt:msA.187r	urn:cite:hmt:vaimg.VA187RN_0358
urn:cite:hmt:msA.187v	urn:cite:hmt:vaimg.VA187VN_0689
urn:cite:hmt:msA.188r	urn:cite:hmt:vaimg.VA188RN_0359
urn:cite:hmt:msA.188v	urn:cite:hmt:vaimg.VA188VN_0690
urn:cite:hmt:msA.189r	urn:cite:hmt:vaimg.VA189RN_0360
urn:cite:hmt:msA.189v	urn:cite:hmt:vaimg.VA189VN_0691
urn:cite:hmt:msA.190r	urn:cite:hmt:vaimg.VA190RN_0361
urn:cite:hmt:msA.190v	urn:cite:hmt:vaimg.VA190VN_0692
urn:cite:hmt:msA.191r	urn:cite:hmt:vaimg.VA191RN_0362
urn:cite:hmt:msA.191r	urn:cite:hmt:vaimg.VA191RND_0880
urn:cite:hmt:msA.191r	urn:cite:hmt:vaimg.VA191RND_0881
urn:cite:hmt:msA.191r	urn:cite:hmt:vaimg.VA191RND_0882
urn:cite:hmt:msA.191v	urn:cite:hmt:vaimg.VA191VN_0693
urn:cite:hmt:msA.192r	urn:cite:hmt:vaimg.VA192RN_0363
urn:cite:hmt:msA.192v	urn:cite:hmt:vaimg.VA192VN_0694
urn:cite:hmt:msA.193r	urn:cite:hmt:vaimg.VA193RN_0364
urn:cite:hmt:msA.193v	urn:cite:hmt:vaimg.VA193VN_0695
urn:cite:hmt:msA.194r	urn:cite:hmt:vaimg.VA194RN_0365
urn:cite:hmt:msA.194v	urn:cite:hmt:vaimg.VA194VN_0696
urn:cite:hmt:msA.194v	urn:cite:hmt:vaimg.VA194VND_0856
urn:cite:hmt:msA.195r	urn:cite:hmt:vaimg.VA195RN_0366
urn:cite:hmt:msA.195v	urn:cite:hmt:vaimg.VA195VN_0697
urn:cite:hmt:msA.196r	urn:cite:hmt:vaimg.VA196RN_0367
urn:cite:hmt:msA.196v	urn:cite:hmt:vaimg.VA196VN_0698
urn:cite:hmt:msA.197r	urn:cite:hmt:vaimg.VA197RN_0368
urn:cite:hmt:msA.197v	urn:cite:hmt:vaimg.VA197VN_0699
urn:cite:hmt:msA.198r	urn:cite:hmt:vaimg.VA198RN_0369
urn:cite:hmt:msA.198v	urn:cite:hmt:vaimg.VA198VN_0700
urn:cite:hmt:msA.199r	urn:cite:hmt:vaimg.VA199RN_0370
urn:cite:hmt:msA.199v	urn:cite:hmt:vaimg.VA199VN_0701
urn:cite:hmt:msA.200r	urn:cite:hmt:vaimg.VA200RN_0371
urn:cite:hmt:msA.200v	urn:cite:hmt:vaimg.VA200VN_0702
urn:cite:hmt:msA.200v	urn:cite:hmt:vaimg.VA200VND_0857
urn:cite:hmt:msA.200v	urn:cite:hmt:vaimg.VA200VND_0858
urn:cite:hmt:msA.201r	urn:cite:hmt:vaimg.VA201RN_0372
urn:cite:hmt:msA.201v	urn:cite:hmt:vaimg.VA201VN_0703
urn:cite:hmt:msA.202r	urn:cite:hmt:vaimg.VA202RN_0373
urn:cite:hmt:msA.202v	urn:cite:hmt:vaimg.VA202VN_0704
urn:cite:hmt:msA.203r	urn:cite:hmt:vaimg.VA203RN_0374
urn:cite:hmt:msA.203v	urn:cite:hmt:vaimg.VA203VN_0705
urn:cite:hmt:msA.204r	urn:cite:hmt:vaimg.VA204RN_0375
urn:cite:hmt:msA.204v	urn:cite:hmt:vaimg.VA204VN_0706
urn:cite:hmt:msA.205r	urn:cite:hmt:vaimg.VA205RN_0376
urn:cite:hmt:msA.205v	urn:cite:hmt:vaimg.VA205VN_0707
urn:cite:hmt:msA.206r	urn:cite:hmt:vaimg.VA206RN_0377
urn:cite:hmt:msA.206r	urn:cite:hmt:vaimg.VA206RND_0879
urn:cite:hmt:msA.206v	urn:cite:hmt:vaimg.VA206VN_0708
urn:cite:hmt:msA.207r	urn:cite:hmt:vaimg.VA207RN_0378
urn:cite:hmt:msA.207v	urn:cite:hmt:vaimg.VA207VN_0709
urn:cite:hmt:msA.208r	urn:cite:hmt:vaimg.VA208RN_0379
urn:cite:hmt:msA.208v	urn:cite:hmt:vaimg.VA208VN_0710
urn:cite:hmt:msA.209r	urn:cite:hmt:vaimg.VA209RN_0380
urn:cite:hmt:msA.209v	urn:cite:hmt:vaimg.VA209VN_0711
urn:cite:hmt:msA.210r	urn:cite:hmt:vaimg.VA210RN_0381
urn:cite:hmt:msA.210v	urn:cite:hmt:vaimg.VA210VN_0712
urn:cite:hmt:msA.211r	urn:cite:hmt:vaimg.VA211RN_0382
urn:cite:hmt:msA.211v	urn:cite:hmt:vaimg.VA211VN_0713
urn:cite:hmt:msA.212r	urn:cite:hmt:vaimg.VA212RN_0383
urn:cite:hmt:msA.212v	urn:cite:hmt:vaimg.VA212VN_0714
urn:cite:hmt:msA.213r	urn:cite:hmt:vaimg.VA213RN_0384
urn:cite:hmt:msA.213v	urn:cite:hmt:vaimg.VA213VN_0715
urn:cite:hmt:msA.214r	urn:cite:hmt:vaimg.VA214RN_0385
urn:cite:hmt:msA.214v	urn:cite:hmt:vaimg.VA214VN_0716
urn:cite:hmt:msA.215r	urn:cite:hmt:vaimg.VA215RN_0386
urn:cite:hmt:msA.215v	urn:cite:hmt:vaimg.VA215VN_0717
urn:cite:hmt:msA.216r	urn:cite:hmt:vaimg.VA216RN_0387
urn:cite:hmt:msA.216v	urn:cite:hmt:vaimg.VA216VN_0718
urn:cite:hmt:msA.217r	urn:cite:hmt:vaimg.VA217RN_0388
urn:cite:hmt:msA.217v	urn:cite:hmt:vaimg.VA217VN_0719
urn:cite:hmt:msA.218r	urn:cite:hmt:vaimg.VA218RN_0389
urn:cite:hmt:msA.218v	urn:cite:hmt:vaimg.VA218VN_0720
urn:cite:hmt:msA.219r	urn:cite:hmt:vaimg.VA219RN_0390
urn:cite:hmt:msA.219v	urn:cite:hmt:vaimg.VA219VN_0721
urn:cite:hmt:msA.220r	urn:cite:hmt:vaimg.VA220RN_0391
urn:cite:hmt:msA.220v	urn:cite:hmt:vaimg.VA220VN_0722
urn:cite:hmt:msA.220v	urn:cite:hmt:vaimg.VA220VND_0859
urn:cite:hmt:msA.220v	urn:cite:hmt:vaimg.VA220VUVD_0941
urn:cite:hmt:msA.221r	urn:cite:hmt:vaimg.VA221RN_0392
urn:cite:hmt:msA.221v	urn:cite:hmt:vaimg.VA221VN_0723
urn:cite:hmt:msA.222r	urn:cite:hmt:vaimg.VA222RN_0393
urn:cite:hmt:msA.222v	urn:cite:hmt:vaimg.VA222VN_0724
urn:cite:hmt:msA.223r	urn:cite:hmt:vaimg.VA223RN_0394
urn:cite:hmt:msA.223v	urn:cite:hmt:vaimg.VA223VN_0725
urn:cite:hmt:msA.223v	urn:cite:hmt:vaimg.VA223VND_0860
urn:cite:hmt:msA.223v	urn:cite:hmt:vaimg.VA223VUVD_0942
urn:cite:hmt:msA.224r	urn:cite:hmt:vaimg.VA224RN_0395
urn:cite:hmt:msA.224v	urn:cite:hmt:vaimg.VA224VN_0726
urn:cite:hmt:msA.225r	urn:cite:hmt:vaimg.VA225RN_0396
urn:cite:hmt:msA.225v	urn:cite:hmt:vaimg.VA225VN_0727
urn:cite:hmt:msA.226r	urn:cite:hmt:vaimg.VA226RN_0397
urn:cite:hmt:msA.226v	urn:cite:hmt:vaimg.VA226VN_0728
urn:cite:hmt:msA.226v	urn:cite:hmt:vaimg.VA226VND_0861
urn:cite:hmt:msA.226v	urn:cite:hmt:vaimg.VA226VND_0862
urn:cite:hmt:msA.227r	urn:cite:hmt:vaimg.VA227RN_0398
urn:cite:hmt:msA.227v	urn:cite:hmt:vaimg.VA227VN_0729
urn:cite:hmt:msA.228r	urn:cite:hmt:vaimg.VA228RN_0399
urn:cite:hmt:msA.228v	urn:cite:hmt:vaimg.VA228VN_0730
urn:cite:hmt:msA.229r	urn:cite:hmt:vaimg.VA229RN_0400
urn:cite:hmt:msA.229v	urn:cite:hmt:vaimg.VA229VN_0731
urn:cite:hmt:msA.230r	urn:cite:hmt:vaimg.VA230RN_0401
urn:cite:hmt:msA.230v	urn:cite:hmt:vaimg.VA230VN_0732
urn:cite:hmt:msA.231r	urn:cite:hmt:vaimg.VA231RN_0402
urn:cite:hmt:msA.231v	urn:cite:hmt:vaimg.VA231VN_0733
urn:cite:hmt:msA.232r	urn:cite:hmt:vaimg.VA232RN_0403
urn:cite:hmt:msA.232v	urn:cite:hmt:vaimg.VA232VN_0734
urn:cite:hmt:msA.233r	urn:cite:hmt:vaimg.VA233RN_0404
urn:cite:hmt:msA.233v	urn:cite:hmt:vaimg.VA233VN_0735
urn:cite:hmt:msA.234r	urn:cite:hmt:vaimg.VA234RN_0405
urn:cite:hmt:msA.234v	urn:cite:hmt:vaimg.VA234VN_0736
urn:cite:hmt:msA.235r	urn:cite:hmt:vaimg.VA235RN_0406
urn:cite:hmt:msA.235v	urn:cite:hmt:vaimg.VA235VN_0737
urn:cite:hmt:msA.236r	urn:cite:hmt:vaimg.VA236RN_0407
urn:cite:hmt:msA.236v	urn:cite:hmt:vaimg.VA236VN_0738
urn:cite:hmt:msA.236v	urn:cite:hmt:vaimg.VA236VUVD_0943
urn:cite:hmt:msA.237r	urn:cite:hmt:vaimg.VA237RN_0408
urn:cite:hmt:msA.237v	urn:cite:hmt:vaimg.VA237VN_0739
urn:cite:hmt:msA.238r	urn:cite:hmt:vaimg.VA238RN_0409
urn:cite:hmt:msA.238v	urn:cite:hmt:vaimg.VA238VN_0740
urn:cite:hmt:msA.239r	urn:cite:hmt:vaimg.VA239RN_0410
urn:cite:hmt:msA.239r	urn:cite:hmt:vaimg.VA239RND_0878
urn:cite:hmt:msA.239v	urn:cite:hmt:vaimg.VA239VN_0741
urn:cite:hmt:msA.240r	urn:cite:hmt:vaimg.VA240RN_0411
urn:cite:hmt:msA.240v	urn:cite:hmt:vaimg.VA240VN_0742
urn:cite:hmt:msA.240v	urn:cite:hmt:vaimg.VA240VND_0863
urn:cite:hmt:msA.241r	urn:cite:hmt:vaimg.VA241RN_0412
urn:cite:hmt:msA.241v	urn:cite:hmt:vaimg.VA241VN_0743
urn:cite:hmt:msA.242r	urn:cite:hmt:vaimg.VA242RN_0413
urn:cite:hmt:msA.242v	urn:cite:hmt:vaimg.VA242VN_0744
urn:cite:hmt:msA.243r	urn:cite:hmt:vaimg.VA243RN_0414
urn:cite:hmt:msA.243v	urn:cite:hmt:vaimg.VA243VN_0745
urn:cite:hmt:msA.244r	urn:cite:hmt:vaimg.VA244RN_0415
urn:cite:hmt:msA.244v	urn:cite:hmt:vaimg.VA244VN_0746
urn:cite:hmt:msA.244v	urn:cite:hmt:vaimg.VA244VUVD_0944
urn:cite:hmt:msA.245r	urn:cite:hmt:vaimg.VA245RN_0416
urn:cite:hmt:msA.245v	urn:cite:hmt:vaimg.VA245VN_0747
urn:cite:hmt:msA.246r	urn:cite:hmt:vaimg.VA246RN_0417
urn:cite:hmt:msA.246v	urn:cite:hmt:vaimg.VA246VN_0748
urn:cite:hmt:msA.247r	urn:cite:hmt:vaimg.VA247RN_0418
urn:cite:hmt:msA.247v	urn:cite:hmt:vaimg.VA247VN_0749
urn:cite:hmt:msA.248r	urn:cite:hmt:vaimg.VA248RN_0419
urn:cite:hmt:msA.248v	urn:cite:hmt:vaimg.VA248VN_0750
urn:cite:hmt:msA.248v	urn:cite:hmt:vaimg.VA248VUVD_0945
urn:cite:hmt:msA.249r	urn:cite:hmt:vaimg.VA249RN_0420
urn:cite:hmt:msA.249v	urn:cite:hmt:vaimg.VA249VN_0751
urn:cite:hmt:msA.250r	urn:cite:hmt:vaimg.VA250RN_0421
urn:cite:hmt:msA.250v	urn:cite:hmt:vaimg.VA250VN_0752
urn:cite:hmt:msA.250v	urn:cite:hmt:vaimg.VA250VUVD_0946
urn:cite:hmt:msA.250v	urn:cite:hmt:vaimg.VA250VUVD_0947
urn:cite:hmt:msA.251r	urn:cite:hmt:vaimg.VA251RN_0422
urn:cite:hmt:msA.251v	urn:cite:hmt:vaimg.VA251VN_0753
urn:cite:hmt:msA.251v	urn:cite:hmt:vaimg.VA251VND_0864
urn:cite:hmt:msA.252r	urn:cite:hmt:vaimg.VA252RN_0423
urn:cite:hmt:msA.252v	urn:cite:hmt:vaimg.VA252VN_0754
urn:cite:hmt:msA.253r	urn:cite:hmt:vaimg.VA253RN_0424
urn:cite:hmt:msA.253v	urn:cite:hmt:vaimg.VA253VN_0755
urn:cite:hmt:msA.253v	urn:cite:hmt:vaimg.VA253VUVD_0948
urn:cite:hmt:msA.254r	urn:cite:hmt:vaimg.VA254RN_0425
urn:cite:hmt:msA.254v	urn:cite:hmt:vaimg.VA254VN_0756
urn:cite:hmt:msA.255r	urn:cite:hmt:vaimg.VA255RN_0426
urn:cite:hmt:msA.255v	urn:cite:hmt:vaimg.VA255VN_0757
urn:cite:hmt:msA.256r	urn:cite:hmt:vaimg.VA256RN_0427
urn:cite:hmt:msA.256v	urn:cite:hmt:vaimg.VA256VN_0758
urn:cite:hmt:msA.257r	urn:cite:hmt:vaimg.VA257RN_0428
urn:cite:hmt:msA.257v	urn:cite:hmt:vaimg.VA257VN_0759
urn:cite:hmt:msA.258r	urn:cite:hmt:vaimg.VA258RN_0429
urn:cite:hmt:msA.258v	urn:cite:hmt:vaimg.VA258VN_0760
urn:cite:hmt:msA.259r	urn:cite:hmt:vaimg.VA259RN_0430
urn:cite:hmt:msA.259v	urn:cite:hmt:vaimg.VA259VN_0761
urn:cite:hmt:msA.260r	urn:cite:hmt:vaimg.VA260RN_0431
urn:cite:hmt:msA.260r	urn:cite:hmt:vaimg.VA260RND_0877
urn:cite:hmt:msA.260v	urn:cite:hmt:vaimg.VA260VN_0762
urn:cite:hmt:msA.260v	urn:cite:hmt:vaimg.VA260VND_0865
urn:cite:hmt:msA.260v	urn:cite:hmt:vaimg.VA260VUVD_0949
urn:cite:hmt:msA.261r	urn:cite:hmt:vaimg.VA261RN_0431
urn:cite:hmt:msA.261v	urn:cite:hmt:vaimg.VA261VN_0763
urn:cite:hmt:msA.262r	urn:cite:hmt:vaimg.VA262RN_0432
urn:cite:hmt:msA.262v	urn:cite:hmt:vaimg.VA262VN_0764
urn:cite:hmt:msA.263r	urn:cite:hmt:vaimg.VA263RN_0433
urn:cite:hmt:msA.263v	urn:cite:hmt:vaimg.VA263VN_0765
urn:cite:hmt:msA.264r	urn:cite:hmt:vaimg.VA264RN_0434
urn:cite:hmt:msA.264v	urn:cite:hmt:vaimg.VA264VN_0766
urn:cite:hmt:msA.265r	urn:cite:hmt:vaimg.VA265RN_0435
urn:cite:hmt:msA.265v	urn:cite:hmt:vaimg.VA265VN_0767
urn:cite:hmt:msA.266r	urn:cite:hmt:vaimg.VA266RN_0436
urn:cite:hmt:msA.266v	urn:cite:hmt:vaimg.VA266VN_0768
urn:cite:hmt:msA.267r	urn:cite:hmt:vaimg.VA267RN_0437
urn:cite:hmt:msA.267v	urn:cite:hmt:vaimg.VA267VN_0769
urn:cite:hmt:msA.268r	urn:cite:hmt:vaimg.VA268RN_0438
urn:cite:hmt:msA.268v	urn:cite:hmt:vaimg.VA268VN_0770
urn:cite:hmt:msA.268v	urn:cite:hmt:vaimg.VA268VND_0866
urn:cite:hmt:msA.269r	urn:cite:hmt:vaimg.VA269RN_0439
urn:cite:hmt:msA.269v	urn:cite:hmt:vaimg.VA269VN_0771
urn:cite:hmt:msA.270r	urn:cite:hmt:vaimg.VA270RN_0440
urn:cite:hmt:msA.270r	urn:cite:hmt:vaimg.VA270RND_0876
urn:cite:hmt:msA.270v	urn:cite:hmt:vaimg.VA270VN_0772
urn:cite:hmt:msA.271r	urn:cite:hmt:vaimg.VA271RN_0441
urn:cite:hmt:msA.271v	urn:cite:hmt:vaimg.VA271VN_0773
urn:cite:hmt:msA.272r	urn:cite:hmt:vaimg.VA272RN_0442
urn:cite:hmt:msA.272r	urn:cite:hmt:vaimg.VA272RUVD_0899
urn:cite:hmt:msA.272v	urn:cite:hmt:vaimg.VA272VN_0774
urn:cite:hmt:msA.273r	urn:cite:hmt:vaimg.VA273RN_0443
urn:cite:hmt:msA.273v	urn:cite:hmt:vaimg.VA273VN_0775
urn:cite:hmt:msA.274r	urn:cite:hmt:vaimg.VA274RN_0444
urn:cite:hmt:msA.274v	urn:cite:hmt:vaimg.VA274VN_0776
urn:cite:hmt:msA.274v	urn:cite:hmt:vaimg.VA274VUVD_0950
urn:cite:hmt:msA.275r	urn:cite:hmt:vaimg.VA275RN_0445
urn:cite:hmt:msA.275v	urn:cite:hmt:vaimg.VA275VN_0777
urn:cite:hmt:msA.276r	urn:cite:hmt:vaimg.VA276RN_0446
urn:cite:hmt:msA.276r	urn:cite:hmt:vaimg.VA276RUVD_0900
urn:cite:hmt:msA.276v	urn:cite:hmt:vaimg.VA276VN_0778
urn:cite:hmt:msA.277r	urn:cite:hmt:vaimg.VA277RN_0447
urn:cite:hmt:msA.277v	urn:cite:hmt:vaimg.VA277VN_0779
urn:cite:hmt:msA.278r	urn:cite:hmt:vaimg.VA278RN_0448
urn:cite:hmt:msA.278v	urn:cite:hmt:vaimg.VA278VN_0780
urn:cite:hmt:msA.279r	urn:cite:hmt:vaimg.VA279RN_0449
urn:cite:hmt:msA.279v	urn:cite:hmt:vaimg.VA279VN_0781
urn:cite:hmt:msA.280r	urn:cite:hmt:vaimg.VA280RN_0450
urn:cite:hmt:msA.280v	urn:cite:hmt:vaimg.VA280VN_0782
urn:cite:hmt:msA.281r	urn:cite:hmt:vaimg.VA281RN_0451
urn:cite:hmt:msA.281v	urn:cite:hmt:vaimg.VA281VN_0783
urn:cite:hmt:msA.282r	urn:cite:hmt:vaimg.VA282RN_0452
urn:cite:hmt:msA.282r	urn:cite:hmt:vaimg.VA282RND_0875
urn:cite:hmt:msA.282r	urn:cite:hmt:vaimg.VA282RUVD_0901
urn:cite:hmt:msA.282v	urn:cite:hmt:vaimg.VA282VN_0784
urn:cite:hmt:msA.282v	urn:cite:hmt:vaimg.VA282VUVD_0951
urn:cite:hmt:msA.283r	urn:cite:hmt:vaimg.VA283RN_0453
urn:cite:hmt:msA.283v	urn:cite:hmt:vaimg.VA283VN_0785
urn:cite:hmt:msA.284r	urn:cite:hmt:vaimg.VA284RN_0454
urn:cite:hmt:msA.284v	urn:cite:hmt:vaimg.VA284VN_0786
urn:cite:hmt:msA.284v	urn:cite:hmt:vaimg.VA284VND_0867
urn:cite:hmt:msA.284v	urn:cite:hmt:vaimg.VA284VND_0868
urn:cite:hmt:msA.284v	urn:cite:hmt:vaimg.VA284VND_0869
urn:cite:hmt:msA.285r	urn:cite:hmt:vaimg.VA285RN_0455
urn:cite:hmt:msA.285v	urn:cite:hmt:vaimg.VA285VN_0787
urn:cite:hmt:msA.286r	urn:cite:hmt:vaimg.VA286RN_0456
urn:cite:hmt:msA.286v	urn:cite:hmt:vaimg.VA286VN_0788
urn:cite:hmt:msA.287r	urn:cite:hmt:vaimg.VA287RN_0457
urn:cite:hmt:msA.287v	urn:cite:hmt:vaimg.VA287VN_0789
urn:cite:hmt:msA.287v	urn:cite:hmt:vaimg.VA287VUVD_0952
urn:cite:hmt:msA.288r	urn:cite:hmt:vaimg.VA288RN_0458
urn:cite:hmt:msA.288v	urn:cite:hmt:vaimg.VA288VN_0790
urn:cite:hmt:msA.289r	urn:cite:hmt:vaimg.VA289RN_0459
urn:cite:hmt:msA.289v	urn:cite:hmt:vaimg.VA289VN_0791
urn:cite:hmt:msA.290r	urn:cite:hmt:vaimg.VA290RN_0460
urn:cite:hmt:msA.290v	urn:cite:hmt:vaimg.VA290VN_0792
urn:cite:hmt:msA.290v	urn:cite:hmt:vaimg.VA290VND_0870
urn:cite:hmt:msA.291r	urn:cite:hmt:vaimg.VA291RN_0461
urn:cite:hmt:msA.291v	urn:cite:hmt:vaimg.VA291VN_0793
urn:cite:hmt:msA.292r	urn:cite:hmt:vaimg.VA292RN_0462
urn:cite:hmt:msA.292v	urn:cite:hmt:vaimg.VA292VN_0794
urn:cite:hmt:msA.292v	urn:cite:hmt:vaimg.VA292VND_0871
urn:cite:hmt:msA.293r	urn:cite:hmt:vaimg.VA293RN_0463
urn:cite:hmt:msA.293v	urn:cite:hmt:vaimg.VA293VN_0795
urn:cite:hmt:msA.294r	urn:cite:hmt:vaimg.VA294RN_0464
urn:cite:hmt:msA.294v	urn:cite:hmt:vaimg.VA294VN_0796
urn:cite:hmt:msA.294v	urn:cite:hmt:vaimg.VA294VND_0872
urn:cite:hmt:msA.295r	urn:cite:hmt:vaimg.VA295RN_0465
urn:cite:hmt:msA.295v	urn:cite:hmt:vaimg.VA295VN_0797
urn:cite:hmt:msA.295v	urn:cite:hmt:vaimg.VA295VUVD_0953
urn:cite:hmt:msA.296r	urn:cite:hmt:vaimg.VA296RN_0466
urn:cite:hmt:msA.296v	urn:cite:hmt:vaimg.VA296VN_0798
urn:cite:hmt:msA.297r	urn:cite:hmt:vaimg.VA297RN_0467
urn:cite:hmt:msA.297v	urn:cite:hmt:vaimg.VA297VN_0799
urn:cite:hmt:msA.298r	urn:cite:hmt:vaimg.VA298RN_0468
urn:cite:hmt:msA.298v	urn:cite:hmt:vaimg.VA298VN_0800
urn:cite:hmt:msA.299r	urn:cite:hmt:vaimg.VA299RN_0469
urn:cite:hmt:msA.299v	urn:cite:hmt:vaimg.VA299VN_0801
urn:cite:hmt:msA.300r	urn:cite:hmt:vaimg.VA300RN_0470
urn:cite:hmt:msA.300v	urn:cite:hmt:vaimg.VA300VN_0802
urn:cite:hmt:msA.301r	urn:cite:hmt:vaimg.VA301RN_0471
urn:cite:hmt:msA.301v	urn:cite:hmt:vaimg.VA301VN_0803
urn:cite:hmt:msA.302r	urn:cite:hmt:vaimg.VA302RN_0472
urn:cite:hmt:msA.302v	urn:cite:hmt:vaimg.VA302VN_0804
urn:cite:hmt:msA.303r	urn:cite:hmt:vaimg.VA303RN_0473
urn:cite:hmt:msA.303v	urn:cite:hmt:vaimg.VA303VN_0805
urn:cite:hmt:msA.304r	urn:cite:hmt:vaimg.VA304RN_0474
urn:cite:hmt:msA.304v	urn:cite:hmt:vaimg.VA304VN_0806
urn:cite:hmt:msA.305r	urn:cite:hmt:vaimg.VA305RN_0475
urn:cite:hmt:msA.305v	urn:cite:hmt:vaimg.VA305VN_0807
urn:cite:hmt:msA.306r	urn:cite:hmt:vaimg.VA306RN_0476
urn:cite:hmt:msA.306v	urn:cite:hmt:vaimg.VA306VN_0808
urn:cite:hmt:msA.306v	urn:cite:hmt:vaimg.VA306VUVD_0954
urn:cite:hmt:msA.307r	urn:cite:hmt:vaimg.VA307RN_0477
urn:cite:hmt:msA.307v	urn:cite:hmt:vaimg.VA307VN_0809
urn:cite:hmt:msA.308r	urn:cite:hmt:vaimg.VA308RN_0478
urn:cite:hmt:msA.308v	urn:cite:hmt:vaimg.VA308VN_0810
urn:cite:hmt:msA.309r	urn:cite:hmt:vaimg.VA309RN_0479
urn:cite:hmt:msA.309v	urn:cite:hmt:vaimg.VA309VN_0811
urn:cite:hmt:msA.310r	urn:cite:hmt:vaimg.VA310RN_0480
urn:cite:hmt:msA.310v	urn:cite:hmt:vaimg.VA310VN_0812
urn:cite:hmt:msA.310v	urn:cite:hmt:vaimg.VA310VND_0873
urn:cite:hmt:msA.311r	urn:cite:hmt:vaimg.VA311RN_0481
urn:cite:hmt:msA.311v	urn:cite:hmt:vaimg.VA311VN_0813
urn:cite:hmt:msA.312r	urn:cite:hmt:vaimg.VA312RN_0482
urn:cite:hmt:msA.312v	urn:cite:hmt:vaimg.VA312VN_0814
urn:cite:hmt:msA.313r	urn:cite:hmt:vaimg.VA313RN_0483
urn:cite:hmt:msA.313v	urn:cite:hmt:vaimg.VA313VN_0815
urn:cite:hmt:msA.313v	urn:cite:hmt:vaimg.VA313VND_0874
urn:cite:hmt:msA.314r	urn:cite:hmt:vaimg.VA314RN_0484
urn:cite:hmt:msA.314v	urn:cite:hmt:vaimg.VA314VN_0816
urn:cite:hmt:msA.315r	urn:cite:hmt:vaimg.VA315RN_0485
urn:cite:hmt:msA.315v	urn:cite:hmt:vaimg.VA315VN_0817
urn:cite:hmt:msA.316r	urn:cite:hmt:vaimg.VA316RN_0486
urn:cite:hmt:msA.316v	urn:cite:hmt:vaimg.VA316VN_0818
urn:cite:hmt:msA.317r	urn:cite:hmt:vaimg.VA317RN_0487
urn:cite:hmt:msA.317v	urn:cite:hmt:vaimg.VA317VN_0819
urn:cite:hmt:msA.318r	urn:cite:hmt:vaimg.VA318RN_0488
urn:cite:hmt:msA.318v	urn:cite:hmt:vaimg.VA318VN_0820
urn:cite:hmt:msA.319r	urn:cite:hmt:vaimg.VA319RN_0489
urn:cite:hmt:msA.319v	urn:cite:hmt:vaimg.VA319VN_0821
urn:cite:hmt:msA.320r	urn:cite:hmt:vaimg.VA320RN_0490
urn:cite:hmt:msA.320v	urn:cite:hmt:vaimg.VA320VN_0822
urn:cite:hmt:msA.321r	urn:cite:hmt:vaimg.VA321RN_0491
urn:cite:hmt:msA.321v	urn:cite:hmt:vaimg.VA321VN_0823
urn:cite:hmt:msA.322r	urn:cite:hmt:vaimg.VA322RN_0492
urn:cite:hmt:msA.322v	urn:cite:hmt:vaimg.VA322VN_0824
urn:cite:hmt:msA.322v	urn:cite:hmt:vaimg.VA322VUVD_0955
urn:cite:hmt:msA.323r	urn:cite:hmt:vaimg.VA323RN_0493
urn:cite:hmt:msA.323v	urn:cite:hmt:vaimg.VA323VN_0825
urn:cite:hmt:msA.324r	urn:cite:hmt:vaimg.VA324RN_0494
urn:cite:hmt:msA.324v	urn:cite:hmt:vaimg.VA324VN_0826
urn:cite:hmt:msA.324v	urn:cite:hmt:vaimg.VA324VUVD_0956
urn:cite:hmt:msA.324v	urn:cite:hmt:vaimg.VA324VUVD_0957
urn:cite:hmt:msA.325r	urn:cite:hmt:vaimg.VA325RN_0495
urn:cite:hmt:msA.325v	urn:cite:hmt:vaimg.VA325VN_0827
urn:cite:hmt:msA.326r	urn:cite:hmt:vaimg.VA326RN_0496
urn:cite:hmt:msA.326v	urn:cite:hmt:vaimg.VA326VN_0828
urn:cite:hmt:msA.327r	urn:cite:hmt:vaimg.VA327RN_0497
urn:cite:hmt:msA.327v	urn:cite:hmt:vaimg.VA327VN_0829
urn:cite:hmt:msA.backfly1r	urn:cite:hmt:vaimg.VAMSFlyleaf_ii_rectoN_0831
urn:cite:hmt:msA.backfly1v	urn:cite:hmt:vaimg.VAMSFlyleaf_ii_versoN_0502
urn:cite:hmt:msA.backfly2r	urn:cite:hmt:vaimg.VAMSFlyleaf_rectoN_0498
urn:cite:hmt:msA.backfly2v	urn:cite:hmt:vaimg.VAMSFlyleaf_versoN_0830
urn:cite:hmt:msA.insidebackcover	urn:cite:hmt:vaimg.VAMSInside_back_cover_rectoN_0499
