Page,Sequence,DefaultImage
urn:cite:episteme:muncg88.1r,7,urn:cite:ecod:muncg88img.MunCG88-page8
urn:cite:episteme:muncg88.1v,8,urn:cite:ecod:muncg88img.MunCG88-page9
urn:cite:episteme:muncg88.2r,9,urn:cite:ecod:muncg88img.MunCG88-page10
urn:cite:episteme:muncg88.2v,10,urn:cite:ecod:muncg88img.MunCG88-page11
urn:cite:episteme:muncg88.3r,11,urn:cite:ecod:muncg88img.MunCG88-page12
urn:cite:episteme:muncg88.3v,12,urn:cite:ecod:muncg88img.MunCG88-page13
urn:cite:episteme:muncg88.4r,13,urn:cite:ecod:muncg88img.MunCG88-page14
urn:cite:episteme:muncg88.4v,14,urn:cite:ecod:muncg88img.MunCG88-page15
urn:cite:episteme:muncg88.5r,15,urn:cite:ecod:muncg88img.MunCG88-page16
urn:cite:episteme:muncg88.5v,16,urn:cite:ecod:muncg88img.MunCG88-page17
urn:cite:episteme:muncg88.6r,17,urn:cite:ecod:muncg88img.MunCG88-page18
urn:cite:episteme:muncg88.6v,18,urn:cite:ecod:muncg88img.MunCG88-page19
urn:cite:episteme:muncg88.7r,19,urn:cite:ecod:muncg88img.MunCG88-page20
urn:cite:episteme:muncg88.7v,20,urn:cite:ecod:muncg88img.MunCG88-page21
urn:cite:episteme:muncg88.8r,21,urn:cite:ecod:muncg88img.MunCG88-page22
urn:cite:episteme:muncg88.8v,22,urn:cite:ecod:muncg88img.MunCG88-page23
urn:cite:episteme:muncg88.9r,23,urn:cite:ecod:muncg88img.MunCG88-page24
urn:cite:episteme:muncg88.9v,24,urn:cite:ecod:muncg88img.MunCG88-page25
urn:cite:episteme:muncg88.10r,25,urn:cite:ecod:muncg88img.MunCG88-page26
urn:cite:episteme:muncg88.10v,26,urn:cite:ecod:muncg88img.MunCG88-page27
urn:cite:episteme:muncg88.11r,27,urn:cite:ecod:muncg88img.MunCG88-page28
urn:cite:episteme:muncg88.11v,28,urn:cite:ecod:muncg88img.MunCG88-page29
urn:cite:episteme:muncg88.12r,29,urn:cite:ecod:muncg88img.MunCG88-page30
urn:cite:episteme:muncg88.12v,30,urn:cite:ecod:muncg88img.MunCG88-page31
urn:cite:episteme:muncg88.13r,31,urn:cite:ecod:muncg88img.MunCG88-page32
urn:cite:episteme:muncg88.13v,32,urn:cite:ecod:muncg88img.MunCG88-page33
urn:cite:episteme:muncg88.14r,33,urn:cite:ecod:muncg88img.MunCG88-page34
urn:cite:episteme:muncg88.14v,34,urn:cite:ecod:muncg88img.MunCG88-page35
urn:cite:episteme:muncg88.15r,35,urn:cite:ecod:muncg88img.MunCG88-page36
urn:cite:episteme:muncg88.15v,36,urn:cite:ecod:muncg88img.MunCG88-page37
urn:cite:episteme:muncg88.16r,37,urn:cite:ecod:muncg88img.MunCG88-page38
urn:cite:episteme:muncg88.16v,38,urn:cite:ecod:muncg88img.MunCG88-page39
urn:cite:episteme:muncg88.17r,39,urn:cite:ecod:muncg88img.MunCG88-page40
urn:cite:episteme:muncg88.17v,40,urn:cite:ecod:muncg88img.MunCG88-page41
urn:cite:episteme:muncg88.18r,41,urn:cite:ecod:muncg88img.MunCG88-page42
urn:cite:episteme:muncg88.18v,42,urn:cite:ecod:muncg88img.MunCG88-page43
urn:cite:episteme:muncg88.19r,43,urn:cite:ecod:muncg88img.MunCG88-page44
urn:cite:episteme:muncg88.19v,44,urn:cite:ecod:muncg88img.MunCG88-page45
urn:cite:episteme:muncg88.20r,45,urn:cite:ecod:muncg88img.MunCG88-page46
urn:cite:episteme:muncg88.20v,46,urn:cite:ecod:muncg88img.MunCG88-page47
urn:cite:episteme:muncg88.21r,47,urn:cite:ecod:muncg88img.MunCG88-page48
urn:cite:episteme:muncg88.21v,48,urn:cite:ecod:muncg88img.MunCG88-page49
urn:cite:episteme:muncg88.22r,49,urn:cite:ecod:muncg88img.MunCG88-page50
urn:cite:episteme:muncg88.22v,50,urn:cite:ecod:muncg88img.MunCG88-page51
urn:cite:episteme:muncg88.23r,51,urn:cite:ecod:muncg88img.MunCG88-page52
urn:cite:episteme:muncg88.23v,52,urn:cite:ecod:muncg88img.MunCG88-page53
urn:cite:episteme:muncg88.24r,53,urn:cite:ecod:muncg88img.MunCG88-page54
urn:cite:episteme:muncg88.24v,54,urn:cite:ecod:muncg88img.MunCG88-page55
urn:cite:episteme:muncg88.25r,55,urn:cite:ecod:muncg88img.MunCG88-page56
urn:cite:episteme:muncg88.25v,56,urn:cite:ecod:muncg88img.MunCG88-page57
urn:cite:episteme:muncg88.26r,57,urn:cite:ecod:muncg88img.MunCG88-page58
urn:cite:episteme:muncg88.26v,58,urn:cite:ecod:muncg88img.MunCG88-page59
urn:cite:episteme:muncg88.27r,59,urn:cite:ecod:muncg88img.MunCG88-page60
urn:cite:episteme:muncg88.27v,60,urn:cite:ecod:muncg88img.MunCG88-page61
urn:cite:episteme:muncg88.28r,61,urn:cite:ecod:muncg88img.MunCG88-page62
urn:cite:episteme:muncg88.28v,62,urn:cite:ecod:muncg88img.MunCG88-page63
urn:cite:episteme:muncg88.29r,63,urn:cite:ecod:muncg88img.MunCG88-page64
urn:cite:episteme:muncg88.29v,64,urn:cite:ecod:muncg88img.MunCG88-page65
urn:cite:episteme:muncg88.30r,65,urn:cite:ecod:muncg88img.MunCG88-page66
urn:cite:episteme:muncg88.30v,66,urn:cite:ecod:muncg88img.MunCG88-page67
urn:cite:episteme:muncg88.31r,67,urn:cite:ecod:muncg88img.MunCG88-page68
urn:cite:episteme:muncg88.31v,68,urn:cite:ecod:muncg88img.MunCG88-page69
urn:cite:episteme:muncg88.32r,69,urn:cite:ecod:muncg88img.MunCG88-page70
urn:cite:episteme:muncg88.32v,70,urn:cite:ecod:muncg88img.MunCG88-page71
urn:cite:episteme:muncg88.33r,71,urn:cite:ecod:muncg88img.MunCG88-page72
urn:cite:episteme:muncg88.33v,72,urn:cite:ecod:muncg88img.MunCG88-page73
urn:cite:episteme:muncg88.34r,73,urn:cite:ecod:muncg88img.MunCG88-page74
urn:cite:episteme:muncg88.34v,74,urn:cite:ecod:muncg88img.MunCG88-page75
urn:cite:episteme:muncg88.35r,75,urn:cite:ecod:muncg88img.MunCG88-page76
urn:cite:episteme:muncg88.35v,76,urn:cite:ecod:muncg88img.MunCG88-page77
urn:cite:episteme:muncg88.36r,77,urn:cite:ecod:muncg88img.MunCG88-page78
urn:cite:episteme:muncg88.36v,78,urn:cite:ecod:muncg88img.MunCG88-page79
urn:cite:episteme:muncg88.37r,79,urn:cite:ecod:muncg88img.MunCG88-page80
urn:cite:episteme:muncg88.37v,80,urn:cite:ecod:muncg88img.MunCG88-page81
urn:cite:episteme:muncg88.38r,81,urn:cite:ecod:muncg88img.MunCG88-page82
urn:cite:episteme:muncg88.38v,82,urn:cite:ecod:muncg88img.MunCG88-page83
urn:cite:episteme:muncg88.39r,83,urn:cite:ecod:muncg88img.MunCG88-page84
urn:cite:episteme:muncg88.39v,84,urn:cite:ecod:muncg88img.MunCG88-page85
urn:cite:episteme:muncg88.40r,85,urn:cite:ecod:muncg88img.MunCG88-page86
urn:cite:episteme:muncg88.40v,86,urn:cite:ecod:muncg88img.MunCG88-page87
urn:cite:episteme:muncg88.41r,87,urn:cite:ecod:muncg88img.MunCG88-page88
urn:cite:episteme:muncg88.41v,88,urn:cite:ecod:muncg88img.MunCG88-page89
urn:cite:episteme:muncg88.42r,89,urn:cite:ecod:muncg88img.MunCG88-page90
urn:cite:episteme:muncg88.42v,90,urn:cite:ecod:muncg88img.MunCG88-page91
urn:cite:episteme:muncg88.43r,91,urn:cite:ecod:muncg88img.MunCG88-page92
urn:cite:episteme:muncg88.43v,92,urn:cite:ecod:muncg88img.MunCG88-page93
urn:cite:episteme:muncg88.44r,93,urn:cite:ecod:muncg88img.MunCG88-page94
urn:cite:episteme:muncg88.44v,94,urn:cite:ecod:muncg88img.MunCG88-page95
urn:cite:episteme:muncg88.45r,95,urn:cite:ecod:muncg88img.MunCG88-page96
urn:cite:episteme:muncg88.45v,96,urn:cite:ecod:muncg88img.MunCG88-page97
urn:cite:episteme:muncg88.46r,97,urn:cite:ecod:muncg88img.MunCG88-page98
urn:cite:episteme:muncg88.46v,98,urn:cite:ecod:muncg88img.MunCG88-page99
urn:cite:episteme:muncg88.47r,99,urn:cite:ecod:muncg88img.MunCG88-page100
urn:cite:episteme:muncg88.47v,100,urn:cite:ecod:muncg88img.MunCG88-page101
urn:cite:episteme:muncg88.48r,101,urn:cite:ecod:muncg88img.MunCG88-page102
urn:cite:episteme:muncg88.48v,102,urn:cite:ecod:muncg88img.MunCG88-page103
urn:cite:episteme:muncg88.49r,103,urn:cite:ecod:muncg88img.MunCG88-page104
urn:cite:episteme:muncg88.49v,104,urn:cite:ecod:muncg88img.MunCG88-page105
urn:cite:episteme:muncg88.50r,105,urn:cite:ecod:muncg88img.MunCG88-page106
urn:cite:episteme:muncg88.50v,106,urn:cite:ecod:muncg88img.MunCG88-page107
urn:cite:episteme:muncg88.51r,107,urn:cite:ecod:muncg88img.MunCG88-page108
urn:cite:episteme:muncg88.51v,108,urn:cite:ecod:muncg88img.MunCG88-page109
urn:cite:episteme:muncg88.52r,109,urn:cite:ecod:muncg88img.MunCG88-page110
urn:cite:episteme:muncg88.52v,110,urn:cite:ecod:muncg88img.MunCG88-page111
urn:cite:episteme:muncg88.53r,111,urn:cite:ecod:muncg88img.MunCG88-page112
urn:cite:episteme:muncg88.53v,112,urn:cite:ecod:muncg88img.MunCG88-page113
urn:cite:episteme:muncg88.54r,113,urn:cite:ecod:muncg88img.MunCG88-page114
urn:cite:episteme:muncg88.54v,114,urn:cite:ecod:muncg88img.MunCG88-page115
urn:cite:episteme:muncg88.55r,115,urn:cite:ecod:muncg88img.MunCG88-page116
urn:cite:episteme:muncg88.55v,116,urn:cite:ecod:muncg88img.MunCG88-page117
urn:cite:episteme:muncg88.56r,117,urn:cite:ecod:muncg88img.MunCG88-page118
urn:cite:episteme:muncg88.56v,118,urn:cite:ecod:muncg88img.MunCG88-page119
urn:cite:episteme:muncg88.57r,119,urn:cite:ecod:muncg88img.MunCG88-page120
urn:cite:episteme:muncg88.57v,120,urn:cite:ecod:muncg88img.MunCG88-page121
urn:cite:episteme:muncg88.58r,121,urn:cite:ecod:muncg88img.MunCG88-page122
urn:cite:episteme:muncg88.58v,122,urn:cite:ecod:muncg88img.MunCG88-page123
urn:cite:episteme:muncg88.59r,123,urn:cite:ecod:muncg88img.MunCG88-page124
urn:cite:episteme:muncg88.59v,124,urn:cite:ecod:muncg88img.MunCG88-page125
urn:cite:episteme:muncg88.60r,125,urn:cite:ecod:muncg88img.MunCG88-page126
urn:cite:episteme:muncg88.60v,126,urn:cite:ecod:muncg88img.MunCG88-page127
urn:cite:episteme:muncg88.61r,127,urn:cite:ecod:muncg88img.MunCG88-page128
urn:cite:episteme:muncg88.61v,128,urn:cite:ecod:muncg88img.MunCG88-page129
urn:cite:episteme:muncg88.62r,129,urn:cite:ecod:muncg88img.MunCG88-page130
urn:cite:episteme:muncg88.62v,130,urn:cite:ecod:muncg88img.MunCG88-page131
urn:cite:episteme:muncg88.63r,131,urn:cite:ecod:muncg88img.MunCG88-page132
urn:cite:episteme:muncg88.63v,132,urn:cite:ecod:muncg88img.MunCG88-page133
urn:cite:episteme:muncg88.64r,133,urn:cite:ecod:muncg88img.MunCG88-page134
urn:cite:episteme:muncg88.64v,134,urn:cite:ecod:muncg88img.MunCG88-page135
urn:cite:episteme:muncg88.65r,135,urn:cite:ecod:muncg88img.MunCG88-page136
urn:cite:episteme:muncg88.65v,136,urn:cite:ecod:muncg88img.MunCG88-page137
urn:cite:episteme:muncg88.66r,137,urn:cite:ecod:muncg88img.MunCG88-page138
urn:cite:episteme:muncg88.66v,138,urn:cite:ecod:muncg88img.MunCG88-page139
urn:cite:episteme:muncg88.67r,139,urn:cite:ecod:muncg88img.MunCG88-page140
urn:cite:episteme:muncg88.67v,140,urn:cite:ecod:muncg88img.MunCG88-page141
urn:cite:episteme:muncg88.68r,141,urn:cite:ecod:muncg88img.MunCG88-page142
urn:cite:episteme:muncg88.68v,142,urn:cite:ecod:muncg88img.MunCG88-page143
urn:cite:episteme:muncg88.69r,143,urn:cite:ecod:muncg88img.MunCG88-page144
urn:cite:episteme:muncg88.69v,144,urn:cite:ecod:muncg88img.MunCG88-page145
urn:cite:episteme:muncg88.70r,145,urn:cite:ecod:muncg88img.MunCG88-page146
urn:cite:episteme:muncg88.70v,146,urn:cite:ecod:muncg88img.MunCG88-page147
urn:cite:episteme:muncg88.71r,147,urn:cite:ecod:muncg88img.MunCG88-page148
urn:cite:episteme:muncg88.71v,148,urn:cite:ecod:muncg88img.MunCG88-page149
urn:cite:episteme:muncg88.72r,149,urn:cite:ecod:muncg88img.MunCG88-page150
urn:cite:episteme:muncg88.72v,150,urn:cite:ecod:muncg88img.MunCG88-page151
urn:cite:episteme:muncg88.73r,151,urn:cite:ecod:muncg88img.MunCG88-page152
urn:cite:episteme:muncg88.73v,152,urn:cite:ecod:muncg88img.MunCG88-page153
urn:cite:episteme:muncg88.74r,153,urn:cite:ecod:muncg88img.MunCG88-page154
urn:cite:episteme:muncg88.74v,154,urn:cite:ecod:muncg88img.MunCG88-page155
urn:cite:episteme:muncg88.75r,155,urn:cite:ecod:muncg88img.MunCG88-page156
urn:cite:episteme:muncg88.75v,156,urn:cite:ecod:muncg88img.MunCG88-page157
urn:cite:episteme:muncg88.76r,157,urn:cite:ecod:muncg88img.MunCG88-page158
urn:cite:episteme:muncg88.76v,158,urn:cite:ecod:muncg88img.MunCG88-page159
urn:cite:episteme:muncg88.77r,159,urn:cite:ecod:muncg88img.MunCG88-page160
urn:cite:episteme:muncg88.77v,160,urn:cite:ecod:muncg88img.MunCG88-page161
urn:cite:episteme:muncg88.78r,161,urn:cite:ecod:muncg88img.MunCG88-page162
urn:cite:episteme:muncg88.78v,162,urn:cite:ecod:muncg88img.MunCG88-page163
urn:cite:episteme:muncg88.79r,163,urn:cite:ecod:muncg88img.MunCG88-page164
urn:cite:episteme:muncg88.79v,164,urn:cite:ecod:muncg88img.MunCG88-page165
urn:cite:episteme:muncg88.80r,165,urn:cite:ecod:muncg88img.MunCG88-page166
urn:cite:episteme:muncg88.80v,166,urn:cite:ecod:muncg88img.MunCG88-page167
urn:cite:episteme:muncg88.81r,167,urn:cite:ecod:muncg88img.MunCG88-page168
urn:cite:episteme:muncg88.81v,168,urn:cite:ecod:muncg88img.MunCG88-page169
urn:cite:episteme:muncg88.82r,169,urn:cite:ecod:muncg88img.MunCG88-page170
urn:cite:episteme:muncg88.82v,170,urn:cite:ecod:muncg88img.MunCG88-page171
urn:cite:episteme:muncg88.83r,171,urn:cite:ecod:muncg88img.MunCG88-page172
urn:cite:episteme:muncg88.83v,172,urn:cite:ecod:muncg88img.MunCG88-page173
urn:cite:episteme:muncg88.84r,173,urn:cite:ecod:muncg88img.MunCG88-page174
urn:cite:episteme:muncg88.84v,174,urn:cite:ecod:muncg88img.MunCG88-page175
urn:cite:episteme:muncg88.85r,175,urn:cite:ecod:muncg88img.MunCG88-page176
urn:cite:episteme:muncg88.85v,176,urn:cite:ecod:muncg88img.MunCG88-page177
urn:cite:episteme:muncg88.86r,177,urn:cite:ecod:muncg88img.MunCG88-page178
urn:cite:episteme:muncg88.86v,178,urn:cite:ecod:muncg88img.MunCG88-page179
urn:cite:episteme:muncg88.87r,179,urn:cite:ecod:muncg88img.MunCG88-page180
urn:cite:episteme:muncg88.87v,180,urn:cite:ecod:muncg88img.MunCG88-page181
urn:cite:episteme:muncg88.88r,181,urn:cite:ecod:muncg88img.MunCG88-page182
urn:cite:episteme:muncg88.88v,182,urn:cite:ecod:muncg88img.MunCG88-page183
urn:cite:episteme:muncg88.89r,183,urn:cite:ecod:muncg88img.MunCG88-page184
urn:cite:episteme:muncg88.89v,184,urn:cite:ecod:muncg88img.MunCG88-page185
urn:cite:episteme:muncg88.90r,185,urn:cite:ecod:muncg88img.MunCG88-page186
urn:cite:episteme:muncg88.90v,186,urn:cite:ecod:muncg88img.MunCG88-page187
urn:cite:episteme:muncg88.91r,187,urn:cite:ecod:muncg88img.MunCG88-page188
urn:cite:episteme:muncg88.91v,188,urn:cite:ecod:muncg88img.MunCG88-page189
urn:cite:episteme:muncg88.92r,189,urn:cite:ecod:muncg88img.MunCG88-page190
urn:cite:episteme:muncg88.92v,190,urn:cite:ecod:muncg88img.MunCG88-page191
urn:cite:episteme:muncg88.93r,191,urn:cite:ecod:muncg88img.MunCG88-page192
urn:cite:episteme:muncg88.93v,192,urn:cite:ecod:muncg88img.MunCG88-page193
urn:cite:episteme:muncg88.94r,193,urn:cite:ecod:muncg88img.MunCG88-page194
urn:cite:episteme:muncg88.94v,194,urn:cite:ecod:muncg88img.MunCG88-page195
urn:cite:episteme:muncg88.95r,195,urn:cite:ecod:muncg88img.MunCG88-page196
urn:cite:episteme:muncg88.95v,196,urn:cite:ecod:muncg88img.MunCG88-page197
urn:cite:episteme:muncg88.96r,197,urn:cite:ecod:muncg88img.MunCG88-page198
urn:cite:episteme:muncg88.96v,198,urn:cite:ecod:muncg88img.MunCG88-page199
urn:cite:episteme:muncg88.97r,199,urn:cite:ecod:muncg88img.MunCG88-page200
urn:cite:episteme:muncg88.97v,200,urn:cite:ecod:muncg88img.MunCG88-page201
urn:cite:episteme:muncg88.98r,201,urn:cite:ecod:muncg88img.MunCG88-page202
urn:cite:episteme:muncg88.98v,202,urn:cite:ecod:muncg88img.MunCG88-page203
urn:cite:episteme:muncg88.99r,203,urn:cite:ecod:muncg88img.MunCG88-page204
urn:cite:episteme:muncg88.99v,204,urn:cite:ecod:muncg88img.MunCG88-page205
urn:cite:episteme:muncg88.100r,205,urn:cite:ecod:muncg88img.MunCG88-page206
urn:cite:episteme:muncg88.100v,206,urn:cite:ecod:muncg88img.MunCG88-page207
urn:cite:episteme:muncg88.101r,207,urn:cite:ecod:muncg88img.MunCG88-page208
urn:cite:episteme:muncg88.101v,208,urn:cite:ecod:muncg88img.MunCG88-page209
urn:cite:episteme:muncg88.102r,209,urn:cite:ecod:muncg88img.MunCG88-page210
urn:cite:episteme:muncg88.102v,210,urn:cite:ecod:muncg88img.MunCG88-page211
urn:cite:episteme:muncg88.103r,211,urn:cite:ecod:muncg88img.MunCG88-page212
urn:cite:episteme:muncg88.103v,212,urn:cite:ecod:muncg88img.MunCG88-page213
urn:cite:episteme:muncg88.104r,213,urn:cite:ecod:muncg88img.MunCG88-page214
urn:cite:episteme:muncg88.104v,214,urn:cite:ecod:muncg88img.MunCG88-page215
urn:cite:episteme:muncg88.105r,215,urn:cite:ecod:muncg88img.MunCG88-page216
urn:cite:episteme:muncg88.105v,216,urn:cite:ecod:muncg88img.MunCG88-page217
urn:cite:episteme:muncg88.106r,217,urn:cite:ecod:muncg88img.MunCG88-page218
urn:cite:episteme:muncg88.106v,218,urn:cite:ecod:muncg88img.MunCG88-page219
urn:cite:episteme:muncg88.107r,219,urn:cite:ecod:muncg88img.MunCG88-page220
urn:cite:episteme:muncg88.107v,220,urn:cite:ecod:muncg88img.MunCG88-page221
urn:cite:episteme:muncg88.108r,221,urn:cite:ecod:muncg88img.MunCG88-page222
urn:cite:episteme:muncg88.108v,222,urn:cite:ecod:muncg88img.MunCG88-page223
urn:cite:episteme:muncg88.109r,223,urn:cite:ecod:muncg88img.MunCG88-page224
urn:cite:episteme:muncg88.109v,224,urn:cite:ecod:muncg88img.MunCG88-page225
urn:cite:episteme:muncg88.110r,225,urn:cite:ecod:muncg88img.MunCG88-page226
urn:cite:episteme:muncg88.110v,226,urn:cite:ecod:muncg88img.MunCG88-page227
urn:cite:episteme:muncg88.111r,227,urn:cite:ecod:muncg88img.MunCG88-page228
urn:cite:episteme:muncg88.111v,228,urn:cite:ecod:muncg88img.MunCG88-page229
urn:cite:episteme:muncg88.112r,229,urn:cite:ecod:muncg88img.MunCG88-page230
urn:cite:episteme:muncg88.112v,230,urn:cite:ecod:muncg88img.MunCG88-page231
urn:cite:episteme:muncg88.113r,231,urn:cite:ecod:muncg88img.MunCG88-page232
urn:cite:episteme:muncg88.113v,232,urn:cite:ecod:muncg88img.MunCG88-page233
urn:cite:episteme:muncg88.114r,233,urn:cite:ecod:muncg88img.MunCG88-page234
urn:cite:episteme:muncg88.114v,234,urn:cite:ecod:muncg88img.MunCG88-page235
urn:cite:episteme:muncg88.115r,235,urn:cite:ecod:muncg88img.MunCG88-page236
urn:cite:episteme:muncg88.115v,236,urn:cite:ecod:muncg88img.MunCG88-page237
urn:cite:episteme:muncg88.116r,237,urn:cite:ecod:muncg88img.MunCG88-page238
urn:cite:episteme:muncg88.116v,238,urn:cite:ecod:muncg88img.MunCG88-page239
urn:cite:episteme:muncg88.117r,239,urn:cite:ecod:muncg88img.MunCG88-page240
urn:cite:episteme:muncg88.117v,240,urn:cite:ecod:muncg88img.MunCG88-page241
urn:cite:episteme:muncg88.118r,241,urn:cite:ecod:muncg88img.MunCG88-page242
urn:cite:episteme:muncg88.118v,242,urn:cite:ecod:muncg88img.MunCG88-page243
urn:cite:episteme:muncg88.119r,243,urn:cite:ecod:muncg88img.MunCG88-page244
urn:cite:episteme:muncg88.119v,244,urn:cite:ecod:muncg88img.MunCG88-page245
urn:cite:episteme:muncg88.120r,245,urn:cite:ecod:muncg88img.MunCG88-page246
urn:cite:episteme:muncg88.120v,246,urn:cite:ecod:muncg88img.MunCG88-page247
urn:cite:episteme:muncg88.121r,247,urn:cite:ecod:muncg88img.MunCG88-page248
urn:cite:episteme:muncg88.121v,248,urn:cite:ecod:muncg88img.MunCG88-page249
urn:cite:episteme:muncg88.122r,249,urn:cite:ecod:muncg88img.MunCG88-page250
urn:cite:episteme:muncg88.122v,250,urn:cite:ecod:muncg88img.MunCG88-page251
urn:cite:episteme:muncg88.123r,251,urn:cite:ecod:muncg88img.MunCG88-page252
urn:cite:episteme:muncg88.123v,252,urn:cite:ecod:muncg88img.MunCG88-page253
urn:cite:episteme:muncg88.124r,253,urn:cite:ecod:muncg88img.MunCG88-page254
urn:cite:episteme:muncg88.124v,254,urn:cite:ecod:muncg88img.MunCG88-page255
urn:cite:episteme:muncg88.125r,255,urn:cite:ecod:muncg88img.MunCG88-page256
urn:cite:episteme:muncg88.125v,256,urn:cite:ecod:muncg88img.MunCG88-page257
urn:cite:episteme:muncg88.126r,257,urn:cite:ecod:muncg88img.MunCG88-page258
urn:cite:episteme:muncg88.126v,258,urn:cite:ecod:muncg88img.MunCG88-page259
urn:cite:episteme:muncg88.127r,259,urn:cite:ecod:muncg88img.MunCG88-page260
urn:cite:episteme:muncg88.127v,260,urn:cite:ecod:muncg88img.MunCG88-page261
urn:cite:episteme:muncg88.128r,261,urn:cite:ecod:muncg88img.MunCG88-page262
urn:cite:episteme:muncg88.128v,262,urn:cite:ecod:muncg88img.MunCG88-page263
urn:cite:episteme:muncg88.129r,263,urn:cite:ecod:muncg88img.MunCG88-page264
urn:cite:episteme:muncg88.129v,264,urn:cite:ecod:muncg88img.MunCG88-page265
urn:cite:episteme:muncg88.130r,265,urn:cite:ecod:muncg88img.MunCG88-page266
urn:cite:episteme:muncg88.130v,266,urn:cite:ecod:muncg88img.MunCG88-page267
urn:cite:episteme:muncg88.131r,267,urn:cite:ecod:muncg88img.MunCG88-page268
urn:cite:episteme:muncg88.131v,268,urn:cite:ecod:muncg88img.MunCG88-page269
urn:cite:episteme:muncg88.132r,269,urn:cite:ecod:muncg88img.MunCG88-page270
urn:cite:episteme:muncg88.132v,270,urn:cite:ecod:muncg88img.MunCG88-page271
urn:cite:episteme:muncg88.133r,271,urn:cite:ecod:muncg88img.MunCG88-page272
urn:cite:episteme:muncg88.133v,272,urn:cite:ecod:muncg88img.MunCG88-page273
urn:cite:episteme:muncg88.134r,273,urn:cite:ecod:muncg88img.MunCG88-page274
urn:cite:episteme:muncg88.134v,274,urn:cite:ecod:muncg88img.MunCG88-page275
urn:cite:episteme:muncg88.135r,275,urn:cite:ecod:muncg88img.MunCG88-page276
urn:cite:episteme:muncg88.135v,276,urn:cite:ecod:muncg88img.MunCG88-page277
urn:cite:episteme:muncg88.136r,277,urn:cite:ecod:muncg88img.MunCG88-page278
urn:cite:episteme:muncg88.136v,278,urn:cite:ecod:muncg88img.MunCG88-page279
urn:cite:episteme:muncg88.137r,279,urn:cite:ecod:muncg88img.MunCG88-page280
urn:cite:episteme:muncg88.137v,280,urn:cite:ecod:muncg88img.MunCG88-page281
urn:cite:episteme:muncg88.138r,281,urn:cite:ecod:muncg88img.MunCG88-page282
urn:cite:episteme:muncg88.138v,282,urn:cite:ecod:muncg88img.MunCG88-page283
urn:cite:episteme:muncg88.139r,283,urn:cite:ecod:muncg88img.MunCG88-page284
urn:cite:episteme:muncg88.139v,284,urn:cite:ecod:muncg88img.MunCG88-page285
urn:cite:episteme:muncg88.140r,285,urn:cite:ecod:muncg88img.MunCG88-page286
urn:cite:episteme:muncg88.140v,286,urn:cite:ecod:muncg88img.MunCG88-page287
urn:cite:episteme:muncg88.141r,287,urn:cite:ecod:muncg88img.MunCG88-page288
urn:cite:episteme:muncg88.141v,288,urn:cite:ecod:muncg88img.MunCG88-page289
urn:cite:episteme:muncg88.142r,289,urn:cite:ecod:muncg88img.MunCG88-page290
urn:cite:episteme:muncg88.142v,290,urn:cite:ecod:muncg88img.MunCG88-page291
urn:cite:episteme:muncg88.143r,291,urn:cite:ecod:muncg88img.MunCG88-page292
urn:cite:episteme:muncg88.143v,292,urn:cite:ecod:muncg88img.MunCG88-page293
urn:cite:episteme:muncg88.144r,293,urn:cite:ecod:muncg88img.MunCG88-page294
urn:cite:episteme:muncg88.144v,294,urn:cite:ecod:muncg88img.MunCG88-page295
urn:cite:episteme:muncg88.145r,295,urn:cite:ecod:muncg88img.MunCG88-page296
urn:cite:episteme:muncg88.145v,296,urn:cite:ecod:muncg88img.MunCG88-page297
urn:cite:episteme:muncg88.146r,297,urn:cite:ecod:muncg88img.MunCG88-page298
urn:cite:episteme:muncg88.146v,298,urn:cite:ecod:muncg88img.MunCG88-page299
urn:cite:episteme:muncg88.147r,299,urn:cite:ecod:muncg88img.MunCG88-page300
urn:cite:episteme:muncg88.147v,300,urn:cite:ecod:muncg88img.MunCG88-page301
urn:cite:episteme:muncg88.148r,301,urn:cite:ecod:muncg88img.MunCG88-page302
urn:cite:episteme:muncg88.148v,302,urn:cite:ecod:muncg88img.MunCG88-page303
urn:cite:episteme:muncg88.149r,303,urn:cite:ecod:muncg88img.MunCG88-page304
urn:cite:episteme:muncg88.149v,304,urn:cite:ecod:muncg88img.MunCG88-page305
urn:cite:episteme:muncg88.150r,305,urn:cite:ecod:muncg88img.MunCG88-page306
urn:cite:episteme:muncg88.150v,306,urn:cite:ecod:muncg88img.MunCG88-page307
urn:cite:episteme:muncg88.151r,307,urn:cite:ecod:muncg88img.MunCG88-page308
urn:cite:episteme:muncg88.151v,308,urn:cite:ecod:muncg88img.MunCG88-page309
urn:cite:episteme:muncg88.152r,309,urn:cite:ecod:muncg88img.MunCG88-page310
urn:cite:episteme:muncg88.152v,310,urn:cite:ecod:muncg88img.MunCG88-page311
urn:cite:episteme:muncg88.153r,311,urn:cite:ecod:muncg88img.MunCG88-page312
urn:cite:episteme:muncg88.153v,312,urn:cite:ecod:muncg88img.MunCG88-page313
urn:cite:episteme:muncg88.154r,313,urn:cite:ecod:muncg88img.MunCG88-page314
urn:cite:episteme:muncg88.154v,314,urn:cite:ecod:muncg88img.MunCG88-page315
urn:cite:episteme:muncg88.155r,315,urn:cite:ecod:muncg88img.MunCG88-page316
urn:cite:episteme:muncg88.155v,316,urn:cite:ecod:muncg88img.MunCG88-page317
urn:cite:episteme:muncg88.156r,317,urn:cite:ecod:muncg88img.MunCG88-page318
urn:cite:episteme:muncg88.156v,318,urn:cite:ecod:muncg88img.MunCG88-page319
urn:cite:episteme:muncg88.157r,319,urn:cite:ecod:muncg88img.MunCG88-page320
urn:cite:episteme:muncg88.157v,320,urn:cite:ecod:muncg88img.MunCG88-page321
urn:cite:episteme:muncg88.158r,321,urn:cite:ecod:muncg88img.MunCG88-page322
urn:cite:episteme:muncg88.158v,322,urn:cite:ecod:muncg88img.MunCG88-page323
urn:cite:episteme:muncg88.159r,323,urn:cite:ecod:muncg88img.MunCG88-page324
urn:cite:episteme:muncg88.159v,324,urn:cite:ecod:muncg88img.MunCG88-page325
urn:cite:episteme:muncg88.160r,325,urn:cite:ecod:muncg88img.MunCG88-page326
urn:cite:episteme:muncg88.160v,326,urn:cite:ecod:muncg88img.MunCG88-page327
urn:cite:episteme:muncg88.161r,327,urn:cite:ecod:muncg88img.MunCG88-page328
urn:cite:episteme:muncg88.161v,328,urn:cite:ecod:muncg88img.MunCG88-page329
urn:cite:episteme:muncg88.162r,329,urn:cite:ecod:muncg88img.MunCG88-page330
urn:cite:episteme:muncg88.162v,330,urn:cite:ecod:muncg88img.MunCG88-page331
urn:cite:episteme:muncg88.163r,331,urn:cite:ecod:muncg88img.MunCG88-page332
urn:cite:episteme:muncg88.163v,332,urn:cite:ecod:muncg88img.MunCG88-page333
urn:cite:episteme:muncg88.164r,333,urn:cite:ecod:muncg88img.MunCG88-page334
urn:cite:episteme:muncg88.164v,334,urn:cite:ecod:muncg88img.MunCG88-page335
urn:cite:episteme:muncg88.165r,335,urn:cite:ecod:muncg88img.MunCG88-page336
urn:cite:episteme:muncg88.165v,336,urn:cite:ecod:muncg88img.MunCG88-page337
urn:cite:episteme:muncg88.166r,337,urn:cite:ecod:muncg88img.MunCG88-page338
urn:cite:episteme:muncg88.166v,338,urn:cite:ecod:muncg88img.MunCG88-page339
urn:cite:episteme:muncg88.167r,339,urn:cite:ecod:muncg88img.MunCG88-page340
urn:cite:episteme:muncg88.167v,340,urn:cite:ecod:muncg88img.MunCG88-page341
urn:cite:episteme:muncg88.168r,341,urn:cite:ecod:muncg88img.MunCG88-page342
urn:cite:episteme:muncg88.168v,342,urn:cite:ecod:muncg88img.MunCG88-page343
urn:cite:episteme:muncg88.169r,343,urn:cite:ecod:muncg88img.MunCG88-page344
urn:cite:episteme:muncg88.169v,344,urn:cite:ecod:muncg88img.MunCG88-page345
urn:cite:episteme:muncg88.170r,345,urn:cite:ecod:muncg88img.MunCG88-page346
urn:cite:episteme:muncg88.170v,346,urn:cite:ecod:muncg88img.MunCG88-page347
urn:cite:episteme:muncg88.171r,347,urn:cite:ecod:muncg88img.MunCG88-page348
urn:cite:episteme:muncg88.171v,348,urn:cite:ecod:muncg88img.MunCG88-page349
urn:cite:episteme:muncg88.172r,349,urn:cite:ecod:muncg88img.MunCG88-page350
urn:cite:episteme:muncg88.172v,350,urn:cite:ecod:muncg88img.MunCG88-page351
urn:cite:episteme:muncg88.173r,351,urn:cite:ecod:muncg88img.MunCG88-page352
urn:cite:episteme:muncg88.173v,352,urn:cite:ecod:muncg88img.MunCG88-page353
urn:cite:episteme:muncg88.174r,353,urn:cite:ecod:muncg88img.MunCG88-page354
urn:cite:episteme:muncg88.174v,354,urn:cite:ecod:muncg88img.MunCG88-page355
urn:cite:episteme:muncg88.175r,355,urn:cite:ecod:muncg88img.MunCG88-page356
urn:cite:episteme:muncg88.175v,356,urn:cite:ecod:muncg88img.MunCG88-page357
urn:cite:episteme:muncg88.176r,357,urn:cite:ecod:muncg88img.MunCG88-page358
urn:cite:episteme:muncg88.176v,358,urn:cite:ecod:muncg88img.MunCG88-page359
urn:cite:episteme:muncg88.177r,359,urn:cite:ecod:muncg88img.MunCG88-page360
urn:cite:episteme:muncg88.177v,360,urn:cite:ecod:muncg88img.MunCG88-page361
urn:cite:episteme:muncg88.178r,361,urn:cite:ecod:muncg88img.MunCG88-page362
urn:cite:episteme:muncg88.178v,362,urn:cite:ecod:muncg88img.MunCG88-page363
urn:cite:episteme:muncg88.179r,363,urn:cite:ecod:muncg88img.MunCG88-page364
urn:cite:episteme:muncg88.179v,364,urn:cite:ecod:muncg88img.MunCG88-page365
urn:cite:episteme:muncg88.180r,365,urn:cite:ecod:muncg88img.MunCG88-page366
urn:cite:episteme:muncg88.180v,366,urn:cite:ecod:muncg88img.MunCG88-page367
urn:cite:episteme:muncg88.181r,367,urn:cite:ecod:muncg88img.MunCG88-page368
urn:cite:episteme:muncg88.181v,368,urn:cite:ecod:muncg88img.MunCG88-page369
urn:cite:episteme:muncg88.182r,369,urn:cite:ecod:muncg88img.MunCG88-page370
urn:cite:episteme:muncg88.182v,370,urn:cite:ecod:muncg88img.MunCG88-page371
urn:cite:episteme:muncg88.183r,371,urn:cite:ecod:muncg88img.MunCG88-page372
urn:cite:episteme:muncg88.183v,372,urn:cite:ecod:muncg88img.MunCG88-page373
urn:cite:episteme:muncg88.184r,373,urn:cite:ecod:muncg88img.MunCG88-page374
urn:cite:episteme:muncg88.184v,374,urn:cite:ecod:muncg88img.MunCG88-page375
urn:cite:episteme:muncg88.185r,375,urn:cite:ecod:muncg88img.MunCG88-page376
urn:cite:episteme:muncg88.185v,376,urn:cite:ecod:muncg88img.MunCG88-page377
urn:cite:episteme:muncg88.186r,377,urn:cite:ecod:muncg88img.MunCG88-page378
urn:cite:episteme:muncg88.186v,378,urn:cite:ecod:muncg88img.MunCG88-page379
urn:cite:episteme:muncg88.187r,379,urn:cite:ecod:muncg88img.MunCG88-page380
urn:cite:episteme:muncg88.187v,380,urn:cite:ecod:muncg88img.MunCG88-page381
urn:cite:episteme:muncg88.188r,381,urn:cite:ecod:muncg88img.MunCG88-page382
urn:cite:episteme:muncg88.188v,382,urn:cite:ecod:muncg88img.MunCG88-page383
urn:cite:episteme:muncg88.189r,383,urn:cite:ecod:muncg88img.MunCG88-page384
urn:cite:episteme:muncg88.189v,384,urn:cite:ecod:muncg88img.MunCG88-page385
urn:cite:episteme:muncg88.190r,385,urn:cite:ecod:muncg88img.MunCG88-page386
urn:cite:episteme:muncg88.190v,386,urn:cite:ecod:muncg88img.MunCG88-page387
urn:cite:episteme:muncg88.191r,387,urn:cite:ecod:muncg88img.MunCG88-page388
urn:cite:episteme:muncg88.191v,388,urn:cite:ecod:muncg88img.MunCG88-page389
urn:cite:episteme:muncg88.192r,389,urn:cite:ecod:muncg88img.MunCG88-page390
urn:cite:episteme:muncg88.192v,390,urn:cite:ecod:muncg88img.MunCG88-page391
urn:cite:episteme:muncg88.193r,391,urn:cite:ecod:muncg88img.MunCG88-page392
urn:cite:episteme:muncg88.193v,392,urn:cite:ecod:muncg88img.MunCG88-page393
urn:cite:episteme:muncg88.194r,393,urn:cite:ecod:muncg88img.MunCG88-page394
urn:cite:episteme:muncg88.194v,394,urn:cite:ecod:muncg88img.MunCG88-page395
urn:cite:episteme:muncg88.195r,395,urn:cite:ecod:muncg88img.MunCG88-page396
urn:cite:episteme:muncg88.195v,396,urn:cite:ecod:muncg88img.MunCG88-page397
urn:cite:episteme:muncg88.196r,397,urn:cite:ecod:muncg88img.MunCG88-page398
urn:cite:episteme:muncg88.196v,398,urn:cite:ecod:muncg88img.MunCG88-page399
urn:cite:episteme:muncg88.197r,399,urn:cite:ecod:muncg88img.MunCG88-page400
urn:cite:episteme:muncg88.197v,400,urn:cite:ecod:muncg88img.MunCG88-page401
urn:cite:episteme:muncg88.198r,401,urn:cite:ecod:muncg88img.MunCG88-page402
urn:cite:episteme:muncg88.198v,402,urn:cite:ecod:muncg88img.MunCG88-page403
urn:cite:episteme:muncg88.199r,403,urn:cite:ecod:muncg88img.MunCG88-page404
urn:cite:episteme:muncg88.199v,404,urn:cite:ecod:muncg88img.MunCG88-page405
urn:cite:episteme:muncg88.200r,405,urn:cite:ecod:muncg88img.MunCG88-page406
urn:cite:episteme:muncg88.200v,406,urn:cite:ecod:muncg88img.MunCG88-page407
urn:cite:episteme:muncg88.201r,407,urn:cite:ecod:muncg88img.MunCG88-page408
urn:cite:episteme:muncg88.201v,408,urn:cite:ecod:muncg88img.MunCG88-page409
urn:cite:episteme:muncg88.202r,409,urn:cite:ecod:muncg88img.MunCG88-page410
urn:cite:episteme:muncg88.202v,410,urn:cite:ecod:muncg88img.MunCG88-page411
urn:cite:episteme:muncg88.203r,411,urn:cite:ecod:muncg88img.MunCG88-page412
urn:cite:episteme:muncg88.203v,412,urn:cite:ecod:muncg88img.MunCG88-page413
urn:cite:episteme:muncg88.204r,413,urn:cite:ecod:muncg88img.MunCG88-page414
urn:cite:episteme:muncg88.204v,414,urn:cite:ecod:muncg88img.MunCG88-page415
urn:cite:episteme:muncg88.205r,415,urn:cite:ecod:muncg88img.MunCG88-page416
urn:cite:episteme:muncg88.205v,416,urn:cite:ecod:muncg88img.MunCG88-page417
urn:cite:episteme:muncg88.206r,417,urn:cite:ecod:muncg88img.MunCG88-page418
urn:cite:episteme:muncg88.206v,418,urn:cite:ecod:muncg88img.MunCG88-page419
urn:cite:episteme:muncg88.207r,419,urn:cite:ecod:muncg88img.MunCG88-page420
urn:cite:episteme:muncg88.207v,420,urn:cite:ecod:muncg88img.MunCG88-page421
urn:cite:episteme:muncg88.208r,421,urn:cite:ecod:muncg88img.MunCG88-page422
urn:cite:episteme:muncg88.208v,422,urn:cite:ecod:muncg88img.MunCG88-page423
urn:cite:episteme:muncg88.209r,423,urn:cite:ecod:muncg88img.MunCG88-page424
urn:cite:episteme:muncg88.209v,424,urn:cite:ecod:muncg88img.MunCG88-page425
urn:cite:episteme:muncg88.210r,425,urn:cite:ecod:muncg88img.MunCG88-page426
urn:cite:episteme:muncg88.210v,426,urn:cite:ecod:muncg88img.MunCG88-page427
urn:cite:episteme:muncg88.211r,427,urn:cite:ecod:muncg88img.MunCG88-page428
urn:cite:episteme:muncg88.211v,428,urn:cite:ecod:muncg88img.MunCG88-page429
urn:cite:episteme:muncg88.212r,429,urn:cite:ecod:muncg88img.MunCG88-page430
urn:cite:episteme:muncg88.212v,430,urn:cite:ecod:muncg88img.MunCG88-page431
urn:cite:episteme:muncg88.213r,431,urn:cite:ecod:muncg88img.MunCG88-page432
urn:cite:episteme:muncg88.213v,432,urn:cite:ecod:muncg88img.MunCG88-page433
urn:cite:episteme:muncg88.214r,433,urn:cite:ecod:muncg88img.MunCG88-page434
urn:cite:episteme:muncg88.214v,434,urn:cite:ecod:muncg88img.MunCG88-page435
urn:cite:episteme:muncg88.215r,435,urn:cite:ecod:muncg88img.MunCG88-page436
urn:cite:episteme:muncg88.215v,436,urn:cite:ecod:muncg88img.MunCG88-page437
urn:cite:episteme:muncg88.216r,437,urn:cite:ecod:muncg88img.MunCG88-page438
urn:cite:episteme:muncg88.216v,438,urn:cite:ecod:muncg88img.MunCG88-page439
urn:cite:episteme:muncg88.217r,439,urn:cite:ecod:muncg88img.MunCG88-page440
urn:cite:episteme:muncg88.217v,440,urn:cite:ecod:muncg88img.MunCG88-page441
urn:cite:episteme:muncg88.218r,441,urn:cite:ecod:muncg88img.MunCG88-page442
urn:cite:episteme:muncg88.218v,442,urn:cite:ecod:muncg88img.MunCG88-page443
urn:cite:episteme:muncg88.219r,443,urn:cite:ecod:muncg88img.MunCG88-page444
urn:cite:episteme:muncg88.219v,444,urn:cite:ecod:muncg88img.MunCG88-page445
urn:cite:episteme:muncg88.220r,445,urn:cite:ecod:muncg88img.MunCG88-page446
urn:cite:episteme:muncg88.220v,446,urn:cite:ecod:muncg88img.MunCG88-page447
urn:cite:episteme:muncg88.221r,447,urn:cite:ecod:muncg88img.MunCG88-page448
urn:cite:episteme:muncg88.221v,448,urn:cite:ecod:muncg88img.MunCG88-page449
urn:cite:episteme:muncg88.222r,449,urn:cite:ecod:muncg88img.MunCG88-page450
urn:cite:episteme:muncg88.222v,450,urn:cite:ecod:muncg88img.MunCG88-page451
urn:cite:episteme:muncg88.223r,451,urn:cite:ecod:muncg88img.MunCG88-page452
urn:cite:episteme:muncg88.223v,452,urn:cite:ecod:muncg88img.MunCG88-page453
urn:cite:episteme:muncg88.224r,453,urn:cite:ecod:muncg88img.MunCG88-page454
urn:cite:episteme:muncg88.224v,454,urn:cite:ecod:muncg88img.MunCG88-page455
urn:cite:episteme:muncg88.225r,455,urn:cite:ecod:muncg88img.MunCG88-page456
urn:cite:episteme:muncg88.225v,456,urn:cite:ecod:muncg88img.MunCG88-page457
urn:cite:episteme:muncg88.226r,457,urn:cite:ecod:muncg88img.MunCG88-page458
urn:cite:episteme:muncg88.226v,458,urn:cite:ecod:muncg88img.MunCG88-page459
urn:cite:episteme:muncg88.227r,459,urn:cite:ecod:muncg88img.MunCG88-page460
urn:cite:episteme:muncg88.227v,460,urn:cite:ecod:muncg88img.MunCG88-page461
urn:cite:episteme:muncg88.228r,461,urn:cite:ecod:muncg88img.MunCG88-page462
urn:cite:episteme:muncg88.228v,462,urn:cite:ecod:muncg88img.MunCG88-page463
urn:cite:episteme:muncg88.229r,463,urn:cite:ecod:muncg88img.MunCG88-page464
urn:cite:episteme:muncg88.229v,464,urn:cite:ecod:muncg88img.MunCG88-page465
urn:cite:episteme:muncg88.230r,465,urn:cite:ecod:muncg88img.MunCG88-page466
urn:cite:episteme:muncg88.230v,466,urn:cite:ecod:muncg88img.MunCG88-page467
urn:cite:episteme:muncg88.231r,467,urn:cite:ecod:muncg88img.MunCG88-page468
urn:cite:episteme:muncg88.231v,468,urn:cite:ecod:muncg88img.MunCG88-page469
urn:cite:episteme:muncg88.232r,469,urn:cite:ecod:muncg88img.MunCG88-page470
urn:cite:episteme:muncg88.232v,470,urn:cite:ecod:muncg88img.MunCG88-page471
urn:cite:episteme:muncg88.233r,471,urn:cite:ecod:muncg88img.MunCG88-page472
urn:cite:episteme:muncg88.233v,472,urn:cite:ecod:muncg88img.MunCG88-page473
urn:cite:episteme:muncg88.234r,473,urn:cite:ecod:muncg88img.MunCG88-page474
urn:cite:episteme:muncg88.234v,474,urn:cite:ecod:muncg88img.MunCG88-page475
urn:cite:episteme:muncg88.235r,475,urn:cite:ecod:muncg88img.MunCG88-page476
urn:cite:episteme:muncg88.235v,476,urn:cite:ecod:muncg88img.MunCG88-page477
urn:cite:episteme:muncg88.236r,477,urn:cite:ecod:muncg88img.MunCG88-page478
urn:cite:episteme:muncg88.236v,478,urn:cite:ecod:muncg88img.MunCG88-page479
urn:cite:episteme:muncg88.237r,479,urn:cite:ecod:muncg88img.MunCG88-page480
urn:cite:episteme:muncg88.237v,480,urn:cite:ecod:muncg88img.MunCG88-page481
urn:cite:episteme:muncg88.238r,481,urn:cite:ecod:muncg88img.MunCG88-page482
urn:cite:episteme:muncg88.238v,482,urn:cite:ecod:muncg88img.MunCG88-page483
urn:cite:episteme:muncg88.239r,483,urn:cite:ecod:muncg88img.MunCG88-page484
urn:cite:episteme:muncg88.239v,484,urn:cite:ecod:muncg88img.MunCG88-page485
urn:cite:episteme:muncg88.240r,485,urn:cite:ecod:muncg88img.MunCG88-page486
urn:cite:episteme:muncg88.240v,486,urn:cite:ecod:muncg88img.MunCG88-page487
urn:cite:episteme:muncg88.241r,487,urn:cite:ecod:muncg88img.MunCG88-page488
urn:cite:episteme:muncg88.241v,488,urn:cite:ecod:muncg88img.MunCG88-page489
urn:cite:episteme:muncg88.242r,489,urn:cite:ecod:muncg88img.MunCG88-page490
urn:cite:episteme:muncg88.242v,490,urn:cite:ecod:muncg88img.MunCG88-page491
urn:cite:episteme:muncg88.243r,491,urn:cite:ecod:muncg88img.MunCG88-page492
urn:cite:episteme:muncg88.243v,492,urn:cite:ecod:muncg88img.MunCG88-page493
urn:cite:episteme:muncg88.244r,493,urn:cite:ecod:muncg88img.MunCG88-page494
urn:cite:episteme:muncg88.244v,494,urn:cite:ecod:muncg88img.MunCG88-page495
urn:cite:episteme:muncg88.245r,495,urn:cite:ecod:muncg88img.MunCG88-page496
urn:cite:episteme:muncg88.245v,496,urn:cite:ecod:muncg88img.MunCG88-page497
urn:cite:episteme:muncg88.246r,497,urn:cite:ecod:muncg88img.MunCG88-page498
urn:cite:episteme:muncg88.246v,498,urn:cite:ecod:muncg88img.MunCG88-page499
urn:cite:episteme:muncg88.247r,499,urn:cite:ecod:muncg88img.MunCG88-page500
urn:cite:episteme:muncg88.247v,500,urn:cite:ecod:muncg88img.MunCG88-page501
urn:cite:episteme:muncg88.248r,501,urn:cite:ecod:muncg88img.MunCG88-page502
urn:cite:episteme:muncg88.248v,502,urn:cite:ecod:muncg88img.MunCG88-page503
urn:cite:episteme:muncg88.249r,503,urn:cite:ecod:muncg88img.MunCG88-page504
urn:cite:episteme:muncg88.249v,504,urn:cite:ecod:muncg88img.MunCG88-page505
urn:cite:episteme:muncg88.250r,505,urn:cite:ecod:muncg88img.MunCG88-page506
urn:cite:episteme:muncg88.250v,506,urn:cite:ecod:muncg88img.MunCG88-page507
urn:cite:episteme:muncg88.251r,507,urn:cite:ecod:muncg88img.MunCG88-page508
urn:cite:episteme:muncg88.251v,508,urn:cite:ecod:muncg88img.MunCG88-page509
urn:cite:episteme:muncg88.252r,509,urn:cite:ecod:muncg88img.MunCG88-page510
urn:cite:episteme:muncg88.252v,510,urn:cite:ecod:muncg88img.MunCG88-page511
urn:cite:episteme:muncg88.253r,511,urn:cite:ecod:muncg88img.MunCG88-page512
urn:cite:episteme:muncg88.253v,512,urn:cite:ecod:muncg88img.MunCG88-page513
urn:cite:episteme:muncg88.254r,513,urn:cite:ecod:muncg88img.MunCG88-page514
urn:cite:episteme:muncg88.254v,514,urn:cite:ecod:muncg88img.MunCG88-page515
urn:cite:episteme:muncg88.255r,515,urn:cite:ecod:muncg88img.MunCG88-page516
urn:cite:episteme:muncg88.255v,516,urn:cite:ecod:muncg88img.MunCG88-page517
urn:cite:episteme:muncg88.256r,517,urn:cite:ecod:muncg88img.MunCG88-page518
urn:cite:episteme:muncg88.256v,518,urn:cite:ecod:muncg88img.MunCG88-page519
urn:cite:episteme:muncg88.257r,519,urn:cite:ecod:muncg88img.MunCG88-page520
urn:cite:episteme:muncg88.257v,520,urn:cite:ecod:muncg88img.MunCG88-page521
urn:cite:episteme:muncg88.258r,521,urn:cite:ecod:muncg88img.MunCG88-page522
urn:cite:episteme:muncg88.258v,522,urn:cite:ecod:muncg88img.MunCG88-page523
urn:cite:episteme:muncg88.259r,523,urn:cite:ecod:muncg88img.MunCG88-page524
urn:cite:episteme:muncg88.259v,524,urn:cite:ecod:muncg88img.MunCG88-page525
urn:cite:episteme:muncg88.260r,525,urn:cite:ecod:muncg88img.MunCG88-page526
urn:cite:episteme:muncg88.260v,526,urn:cite:ecod:muncg88img.MunCG88-page527
urn:cite:episteme:muncg88.261r,527,urn:cite:ecod:muncg88img.MunCG88-page528
urn:cite:episteme:muncg88.261v,528,urn:cite:ecod:muncg88img.MunCG88-page529
urn:cite:episteme:muncg88.262r,529,urn:cite:ecod:muncg88img.MunCG88-page530
urn:cite:episteme:muncg88.262v,530,urn:cite:ecod:muncg88img.MunCG88-page531
urn:cite:episteme:muncg88.263r,531,urn:cite:ecod:muncg88img.MunCG88-page532
urn:cite:episteme:muncg88.263v,532,urn:cite:ecod:muncg88img.MunCG88-page533
urn:cite:episteme:muncg88.264r,533,urn:cite:ecod:muncg88img.MunCG88-page534
urn:cite:episteme:muncg88.264v,534,urn:cite:ecod:muncg88img.MunCG88-page535
urn:cite:episteme:muncg88.265r,535,urn:cite:ecod:muncg88img.MunCG88-page536
urn:cite:episteme:muncg88.265v,536,urn:cite:ecod:muncg88img.MunCG88-page537
urn:cite:episteme:muncg88.266r,537,urn:cite:ecod:muncg88img.MunCG88-page538
urn:cite:episteme:muncg88.266v,538,urn:cite:ecod:muncg88img.MunCG88-page539
urn:cite:episteme:muncg88.267r,539,urn:cite:ecod:muncg88img.MunCG88-page540
urn:cite:episteme:muncg88.267v,540,urn:cite:ecod:muncg88img.MunCG88-page541
urn:cite:episteme:muncg88.268r,541,urn:cite:ecod:muncg88img.MunCG88-page542
urn:cite:episteme:muncg88.268v,542,urn:cite:ecod:muncg88img.MunCG88-page543
urn:cite:episteme:muncg88.269r,543,urn:cite:ecod:muncg88img.MunCG88-page544
urn:cite:episteme:muncg88.269v,544,urn:cite:ecod:muncg88img.MunCG88-page545
urn:cite:episteme:muncg88.270r,545,urn:cite:ecod:muncg88img.MunCG88-page546
urn:cite:episteme:muncg88.270v,546,urn:cite:ecod:muncg88img.MunCG88-page547
urn:cite:episteme:muncg88.271r,547,urn:cite:ecod:muncg88img.MunCG88-page548
urn:cite:episteme:muncg88.271v,548,urn:cite:ecod:muncg88img.MunCG88-page549
urn:cite:episteme:muncg88.272r,549,urn:cite:ecod:muncg88img.MunCG88-page550
urn:cite:episteme:muncg88.272v,550,urn:cite:ecod:muncg88img.MunCG88-page551
urn:cite:episteme:muncg88.273r,551,urn:cite:ecod:muncg88img.MunCG88-page552
urn:cite:episteme:muncg88.273v,552,urn:cite:ecod:muncg88img.MunCG88-page553
urn:cite:episteme:muncg88.274r,553,urn:cite:ecod:muncg88img.MunCG88-page554
urn:cite:episteme:muncg88.274v,554,urn:cite:ecod:muncg88img.MunCG88-page555
urn:cite:episteme:muncg88.275r,555,urn:cite:ecod:muncg88img.MunCG88-page556
urn:cite:episteme:muncg88.275v,556,urn:cite:ecod:muncg88img.MunCG88-page557
urn:cite:episteme:muncg88.276r,557,urn:cite:ecod:muncg88img.MunCG88-page558
urn:cite:episteme:muncg88.276v,558,urn:cite:ecod:muncg88img.MunCG88-page559
urn:cite:episteme:muncg88.277r,559,urn:cite:ecod:muncg88img.MunCG88-page560
urn:cite:episteme:muncg88.277v,560,urn:cite:ecod:muncg88img.MunCG88-page561
urn:cite:episteme:muncg88.278r,561,urn:cite:ecod:muncg88img.MunCG88-page562
urn:cite:episteme:muncg88.278v,562,urn:cite:ecod:muncg88img.MunCG88-page563
urn:cite:episteme:muncg88.279r,563,urn:cite:ecod:muncg88img.MunCG88-page564
urn:cite:episteme:muncg88.279v,564,urn:cite:ecod:muncg88img.MunCG88-page565
urn:cite:episteme:muncg88.280r,565,urn:cite:ecod:muncg88img.MunCG88-page566
urn:cite:episteme:muncg88.280v,566,urn:cite:ecod:muncg88img.MunCG88-page567
urn:cite:episteme:muncg88.281r,567,urn:cite:ecod:muncg88img.MunCG88-page568
urn:cite:episteme:muncg88.281v,568,urn:cite:ecod:muncg88img.MunCG88-page569
urn:cite:episteme:muncg88.282r,569,urn:cite:ecod:muncg88img.MunCG88-page570
urn:cite:episteme:muncg88.282v,570,urn:cite:ecod:muncg88img.MunCG88-page571
urn:cite:episteme:muncg88.283r,571,urn:cite:ecod:muncg88img.MunCG88-page572
urn:cite:episteme:muncg88.283v,572,urn:cite:ecod:muncg88img.MunCG88-page573
urn:cite:episteme:muncg88.284r,573,urn:cite:ecod:muncg88img.MunCG88-page574
urn:cite:episteme:muncg88.284v,574,urn:cite:ecod:muncg88img.MunCG88-page575
urn:cite:episteme:muncg88.285r,575,urn:cite:ecod:muncg88img.MunCG88-page576
urn:cite:episteme:muncg88.285v,576,urn:cite:ecod:muncg88img.MunCG88-page577
urn:cite:episteme:muncg88.286r,577,urn:cite:ecod:muncg88img.MunCG88-page578
urn:cite:episteme:muncg88.286v,578,urn:cite:ecod:muncg88img.MunCG88-page579
urn:cite:episteme:muncg88.287r,579,urn:cite:ecod:muncg88img.MunCG88-page580
urn:cite:episteme:muncg88.287v,580,urn:cite:ecod:muncg88img.MunCG88-page581
urn:cite:episteme:muncg88.288r,581,urn:cite:ecod:muncg88img.MunCG88-page582
urn:cite:episteme:muncg88.288v,582,urn:cite:ecod:muncg88img.MunCG88-page583
urn:cite:episteme:muncg88.289r,583,urn:cite:ecod:muncg88img.MunCG88-page584
urn:cite:episteme:muncg88.289v,584,urn:cite:ecod:muncg88img.MunCG88-page585
urn:cite:episteme:muncg88.290r,585,urn:cite:ecod:muncg88img.MunCG88-page586
urn:cite:episteme:muncg88.290v,586,urn:cite:ecod:muncg88img.MunCG88-page587
urn:cite:episteme:muncg88.291r,587,urn:cite:ecod:muncg88img.MunCG88-page588
urn:cite:episteme:muncg88.291v,588,urn:cite:ecod:muncg88img.MunCG88-page589
urn:cite:episteme:muncg88.292r,589,urn:cite:ecod:muncg88img.MunCG88-page590
urn:cite:episteme:muncg88.292v,590,urn:cite:ecod:muncg88img.MunCG88-page591
urn:cite:episteme:muncg88.293r,591,urn:cite:ecod:muncg88img.MunCG88-page592
urn:cite:episteme:muncg88.293v,592,urn:cite:ecod:muncg88img.MunCG88-page593
urn:cite:episteme:muncg88.294r,593,urn:cite:ecod:muncg88img.MunCG88-page594
urn:cite:episteme:muncg88.294v,594,urn:cite:ecod:muncg88img.MunCG88-page595
urn:cite:episteme:muncg88.295r,595,urn:cite:ecod:muncg88img.MunCG88-page596
urn:cite:episteme:muncg88.295v,596,urn:cite:ecod:muncg88img.MunCG88-page597
urn:cite:episteme:muncg88.296r,597,urn:cite:ecod:muncg88img.MunCG88-page598
urn:cite:episteme:muncg88.296v,598,urn:cite:ecod:muncg88img.MunCG88-page599
urn:cite:episteme:muncg88.297r,599,urn:cite:ecod:muncg88img.MunCG88-page600
urn:cite:episteme:muncg88.297v,600,urn:cite:ecod:muncg88img.MunCG88-page601
urn:cite:episteme:muncg88.298r,601,urn:cite:ecod:muncg88img.MunCG88-page602
urn:cite:episteme:muncg88.298v,602,urn:cite:ecod:muncg88img.MunCG88-page603
urn:cite:episteme:muncg88.299r,603,urn:cite:ecod:muncg88img.MunCG88-page604
urn:cite:episteme:muncg88.299v,604,urn:cite:ecod:muncg88img.MunCG88-page605
urn:cite:episteme:muncg88.300r,605,urn:cite:ecod:muncg88img.MunCG88-page606
urn:cite:episteme:muncg88.300v,606,urn:cite:ecod:muncg88img.MunCG88-page607
urn:cite:episteme:muncg88.301r,607,urn:cite:ecod:muncg88img.MunCG88-page608
urn:cite:episteme:muncg88.301v,608,urn:cite:ecod:muncg88img.MunCG88-page609
urn:cite:episteme:muncg88.302r,609,urn:cite:ecod:muncg88img.MunCG88-page610
urn:cite:episteme:muncg88.302v,610,urn:cite:ecod:muncg88img.MunCG88-page611
urn:cite:episteme:muncg88.303r,611,urn:cite:ecod:muncg88img.MunCG88-page612
urn:cite:episteme:muncg88.303v,612,urn:cite:ecod:muncg88img.MunCG88-page613
urn:cite:episteme:muncg88.304r,613,urn:cite:ecod:muncg88img.MunCG88-page614
urn:cite:episteme:muncg88.304v,614,urn:cite:ecod:muncg88img.MunCG88-page615
urn:cite:episteme:muncg88.305r,615,urn:cite:ecod:muncg88img.MunCG88-page616
urn:cite:episteme:muncg88.305v,616,urn:cite:ecod:muncg88img.MunCG88-page617
urn:cite:episteme:muncg88.306r,617,urn:cite:ecod:muncg88img.MunCG88-page618
urn:cite:episteme:muncg88.306v,618,urn:cite:ecod:muncg88img.MunCG88-page619
urn:cite:episteme:muncg88.307r,619,urn:cite:ecod:muncg88img.MunCG88-page620
urn:cite:episteme:muncg88.307v,620,urn:cite:ecod:muncg88img.MunCG88-page621
urn:cite:episteme:muncg88.308r,621,urn:cite:ecod:muncg88img.MunCG88-page622
urn:cite:episteme:muncg88.308v,622,urn:cite:ecod:muncg88img.MunCG88-page623
urn:cite:episteme:muncg88.309r,623,urn:cite:ecod:muncg88img.MunCG88-page624
urn:cite:episteme:muncg88.309v,624,urn:cite:ecod:muncg88img.MunCG88-page625
urn:cite:episteme:muncg88.310r,625,urn:cite:ecod:muncg88img.MunCG88-page626
urn:cite:episteme:muncg88.310v,626,urn:cite:ecod:muncg88img.MunCG88-page627
urn:cite:episteme:muncg88.311r,627,urn:cite:ecod:muncg88img.MunCG88-page628
urn:cite:episteme:muncg88.311v,628,urn:cite:ecod:muncg88img.MunCG88-page629
urn:cite:episteme:muncg88.312r,629,urn:cite:ecod:muncg88img.MunCG88-page630
urn:cite:episteme:muncg88.312v,630,urn:cite:ecod:muncg88img.MunCG88-page631
urn:cite:episteme:muncg88.313r,631,urn:cite:ecod:muncg88img.MunCG88-page632
urn:cite:episteme:muncg88.313v,632,urn:cite:ecod:muncg88img.MunCG88-page633
urn:cite:episteme:muncg88.314r,633,urn:cite:ecod:muncg88img.MunCG88-page634
urn:cite:episteme:muncg88.314v,634,urn:cite:ecod:muncg88img.MunCG88-page635
urn:cite:episteme:muncg88.315r,635,urn:cite:ecod:muncg88img.MunCG88-page636
urn:cite:episteme:muncg88.315v,636,urn:cite:ecod:muncg88img.MunCG88-page637
urn:cite:episteme:muncg88.316r,637,urn:cite:ecod:muncg88img.MunCG88-page638
urn:cite:episteme:muncg88.316v,638,urn:cite:ecod:muncg88img.MunCG88-page639
urn:cite:episteme:muncg88.317r,639,urn:cite:ecod:muncg88img.MunCG88-page640
urn:cite:episteme:muncg88.317v,640,urn:cite:ecod:muncg88img.MunCG88-page641
urn:cite:episteme:muncg88.318r,641,urn:cite:ecod:muncg88img.MunCG88-page642
urn:cite:episteme:muncg88.318v,642,urn:cite:ecod:muncg88img.MunCG88-page643
urn:cite:episteme:muncg88.319r,643,urn:cite:ecod:muncg88img.MunCG88-page644
urn:cite:episteme:muncg88.319v,644,urn:cite:ecod:muncg88img.MunCG88-page645
urn:cite:episteme:muncg88.320r,645,urn:cite:ecod:muncg88img.MunCG88-page646
urn:cite:episteme:muncg88.320v,646,urn:cite:ecod:muncg88img.MunCG88-page647
urn:cite:episteme:muncg88.321r,647,urn:cite:ecod:muncg88img.MunCG88-page648
urn:cite:episteme:muncg88.321v,648,urn:cite:ecod:muncg88img.MunCG88-page649
urn:cite:episteme:muncg88.322r,649,urn:cite:ecod:muncg88img.MunCG88-page650
urn:cite:episteme:muncg88.322v,650,urn:cite:ecod:muncg88img.MunCG88-page651
urn:cite:episteme:muncg88.323r,651,urn:cite:ecod:muncg88img.MunCG88-page652
urn:cite:episteme:muncg88.323v,652,urn:cite:ecod:muncg88img.MunCG88-page653
urn:cite:episteme:muncg88.324r,653,urn:cite:ecod:muncg88img.MunCG88-page654
urn:cite:episteme:muncg88.324v,654,urn:cite:ecod:muncg88img.MunCG88-page655
urn:cite:episteme:muncg88.325r,655,urn:cite:ecod:muncg88img.MunCG88-page656
urn:cite:episteme:muncg88.325v,656,urn:cite:ecod:muncg88img.MunCG88-page657
urn:cite:episteme:muncg88.326r,657,urn:cite:ecod:muncg88img.MunCG88-page658
urn:cite:episteme:muncg88.326v,658,urn:cite:ecod:muncg88img.MunCG88-page659
urn:cite:episteme:muncg88.327r,659,urn:cite:ecod:muncg88img.MunCG88-page660
urn:cite:episteme:muncg88.327v,660,urn:cite:ecod:muncg88img.MunCG88-page661
urn:cite:episteme:muncg88.328r,661,urn:cite:ecod:muncg88img.MunCG88-page662
urn:cite:episteme:muncg88.328v,662,urn:cite:ecod:muncg88img.MunCG88-page663
urn:cite:episteme:muncg88.329r,663,urn:cite:ecod:muncg88img.MunCG88-page664
urn:cite:episteme:muncg88.329v,664,urn:cite:ecod:muncg88img.MunCG88-page665
urn:cite:episteme:muncg88.330r,665,urn:cite:ecod:muncg88img.MunCG88-page666
urn:cite:episteme:muncg88.330v,666,urn:cite:ecod:muncg88img.MunCG88-page667
urn:cite:episteme:muncg88.331r,667,urn:cite:ecod:muncg88img.MunCG88-page668
urn:cite:episteme:muncg88.331v,668,urn:cite:ecod:muncg88img.MunCG88-page669
urn:cite:episteme:muncg88.332r,669,urn:cite:ecod:muncg88img.MunCG88-page670
urn:cite:episteme:muncg88.332v,670,urn:cite:ecod:muncg88img.MunCG88-page671
urn:cite:episteme:muncg88.333r,671,urn:cite:ecod:muncg88img.MunCG88-page672
urn:cite:episteme:muncg88.333v,672,urn:cite:ecod:muncg88img.MunCG88-page673
urn:cite:episteme:muncg88.334r,673,urn:cite:ecod:muncg88img.MunCG88-page674
urn:cite:episteme:muncg88.334v,674,urn:cite:ecod:muncg88img.MunCG88-page675
urn:cite:episteme:muncg88.335r,675,urn:cite:ecod:muncg88img.MunCG88-page676
urn:cite:episteme:muncg88.335v,676,urn:cite:ecod:muncg88img.MunCG88-page677
urn:cite:episteme:muncg88.336r,677,urn:cite:ecod:muncg88img.MunCG88-page678
urn:cite:episteme:muncg88.336v,678,urn:cite:ecod:muncg88img.MunCG88-page679
urn:cite:episteme:muncg88.337r,679,urn:cite:ecod:muncg88img.MunCG88-page680
urn:cite:episteme:muncg88.337v,680,urn:cite:ecod:muncg88img.MunCG88-page681
urn:cite:episteme:muncg88.338r,681,urn:cite:ecod:muncg88img.MunCG88-page682
urn:cite:episteme:muncg88.338v,682,urn:cite:ecod:muncg88img.MunCG88-page683
urn:cite:episteme:muncg88.339r,683,urn:cite:ecod:muncg88img.MunCG88-page684
urn:cite:episteme:muncg88.339v,684,urn:cite:ecod:muncg88img.MunCG88-page685
urn:cite:episteme:muncg88.340r,685,urn:cite:ecod:muncg88img.MunCG88-page686
urn:cite:episteme:muncg88.340v,686,urn:cite:ecod:muncg88img.MunCG88-page687
urn:cite:episteme:muncg88.341r,687,urn:cite:ecod:muncg88img.MunCG88-page688
urn:cite:episteme:muncg88.341v,688,urn:cite:ecod:muncg88img.MunCG88-page689
urn:cite:episteme:muncg88.342r,689,urn:cite:ecod:muncg88img.MunCG88-page690
urn:cite:episteme:muncg88.342v,690,urn:cite:ecod:muncg88img.MunCG88-page691
urn:cite:episteme:muncg88.343r,691,urn:cite:ecod:muncg88img.MunCG88-page692
urn:cite:episteme:muncg88.343v,692,urn:cite:ecod:muncg88img.MunCG88-page693
urn:cite:episteme:muncg88.344r,693,urn:cite:ecod:muncg88img.MunCG88-page694
urn:cite:episteme:muncg88.344v,694,urn:cite:ecod:muncg88img.MunCG88-page695
urn:cite:episteme:muncg88.345r,695,urn:cite:ecod:muncg88img.MunCG88-page696
urn:cite:episteme:muncg88.345v,696,urn:cite:ecod:muncg88img.MunCG88-page697
urn:cite:episteme:muncg88.346r,697,urn:cite:ecod:muncg88img.MunCG88-page698
urn:cite:episteme:muncg88.346v,698,urn:cite:ecod:muncg88img.MunCG88-page699
urn:cite:episteme:muncg88.347r,699,urn:cite:ecod:muncg88img.MunCG88-page700
urn:cite:episteme:muncg88.347v,700,urn:cite:ecod:muncg88img.MunCG88-page701
urn:cite:episteme:muncg88.348r,701,urn:cite:ecod:muncg88img.MunCG88-page702
urn:cite:episteme:muncg88.348v,702,urn:cite:ecod:muncg88img.MunCG88-page703
urn:cite:episteme:muncg88.349r,703,urn:cite:ecod:muncg88img.MunCG88-page704
urn:cite:episteme:muncg88.349v,704,urn:cite:ecod:muncg88img.MunCG88-page705
urn:cite:episteme:muncg88.350r,705,urn:cite:ecod:muncg88img.MunCG88-page706
urn:cite:episteme:muncg88.350v,706,urn:cite:ecod:muncg88img.MunCG88-page707
urn:cite:episteme:muncg88.351r,707,urn:cite:ecod:muncg88img.MunCG88-page708
urn:cite:episteme:muncg88.351v,708,urn:cite:ecod:muncg88img.MunCG88-page709
urn:cite:episteme:muncg88.352r,709,urn:cite:ecod:muncg88img.MunCG88-page710
urn:cite:episteme:muncg88.352v,710,urn:cite:ecod:muncg88img.MunCG88-page711
urn:cite:episteme:muncg88.353r,711,urn:cite:ecod:muncg88img.MunCG88-page712
urn:cite:episteme:muncg88.353v,712,urn:cite:ecod:muncg88img.MunCG88-page713
urn:cite:episteme:muncg88.354r,713,urn:cite:ecod:muncg88img.MunCG88-page714
urn:cite:episteme:muncg88.354v,714,urn:cite:ecod:muncg88img.MunCG88-page715
urn:cite:episteme:muncg88.355r,715,urn:cite:ecod:muncg88img.MunCG88-page716
urn:cite:episteme:muncg88.355v,716,urn:cite:ecod:muncg88img.MunCG88-page717
urn:cite:episteme:muncg88.356r,717,urn:cite:ecod:muncg88img.MunCG88-page718
urn:cite:episteme:muncg88.356v,718,urn:cite:ecod:muncg88img.MunCG88-page719
urn:cite:episteme:muncg88.357r,719,urn:cite:ecod:muncg88img.MunCG88-page720
urn:cite:episteme:muncg88.357v,720,urn:cite:ecod:muncg88img.MunCG88-page721
urn:cite:episteme:muncg88.358r,721,urn:cite:ecod:muncg88img.MunCG88-page722
urn:cite:episteme:muncg88.358v,722,urn:cite:ecod:muncg88img.MunCG88-page723
urn:cite:episteme:muncg88.359r,723,urn:cite:ecod:muncg88img.MunCG88-page724
urn:cite:episteme:muncg88.359v,724,urn:cite:ecod:muncg88img.MunCG88-page725
urn:cite:episteme:muncg88.360r,725,urn:cite:ecod:muncg88img.MunCG88-page726
urn:cite:episteme:muncg88.360v,726,urn:cite:ecod:muncg88img.MunCG88-page727
urn:cite:episteme:muncg88.361r,727,urn:cite:ecod:muncg88img.MunCG88-page728
urn:cite:episteme:muncg88.361v,728,urn:cite:ecod:muncg88img.MunCG88-page729
urn:cite:episteme:muncg88.362r,729,urn:cite:ecod:muncg88img.MunCG88-page730
urn:cite:episteme:muncg88.362v,730,urn:cite:ecod:muncg88img.MunCG88-page731
urn:cite:episteme:muncg88.363r,731,urn:cite:ecod:muncg88img.MunCG88-page732
urn:cite:episteme:muncg88.363v,732,urn:cite:ecod:muncg88img.MunCG88-page733
urn:cite:episteme:muncg88.364r,733,urn:cite:ecod:muncg88img.MunCG88-page734
urn:cite:episteme:muncg88.364v,734,urn:cite:ecod:muncg88img.MunCG88-page735
urn:cite:episteme:muncg88.365r,735,urn:cite:ecod:muncg88img.MunCG88-page736
urn:cite:episteme:muncg88.365v,736,urn:cite:ecod:muncg88img.MunCG88-page737
urn:cite:episteme:muncg88.366r,737,urn:cite:ecod:muncg88img.MunCG88-page738
urn:cite:episteme:muncg88.366v,738,urn:cite:ecod:muncg88img.MunCG88-page739
urn:cite:episteme:muncg88.367r,739,urn:cite:ecod:muncg88img.MunCG88-page740
urn:cite:episteme:muncg88.367v,740,urn:cite:ecod:muncg88img.MunCG88-page741
urn:cite:episteme:muncg88.368r,741,urn:cite:ecod:muncg88img.MunCG88-page742
urn:cite:episteme:muncg88.368v,742,urn:cite:ecod:muncg88img.MunCG88-page743
urn:cite:episteme:muncg88.369r,743,urn:cite:ecod:muncg88img.MunCG88-page744
urn:cite:episteme:muncg88.369v,744,urn:cite:ecod:muncg88img.MunCG88-page745
urn:cite:episteme:muncg88.370r,745,urn:cite:ecod:muncg88img.MunCG88-page746
urn:cite:episteme:muncg88.370v,746,urn:cite:ecod:muncg88img.MunCG88-page747
urn:cite:episteme:muncg88.371r,747,urn:cite:ecod:muncg88img.MunCG88-page748
urn:cite:episteme:muncg88.371v,748,urn:cite:ecod:muncg88img.MunCG88-page749
urn:cite:episteme:muncg88.372r,749,urn:cite:ecod:muncg88img.MunCG88-page750
urn:cite:episteme:muncg88.372v,750,urn:cite:ecod:muncg88img.MunCG88-page751
urn:cite:episteme:muncg88.373r,751,urn:cite:ecod:muncg88img.MunCG88-page752
urn:cite:episteme:muncg88.373v,752,urn:cite:ecod:muncg88img.MunCG88-page753
urn:cite:episteme:muncg88.374r,753,urn:cite:ecod:muncg88img.MunCG88-page754
urn:cite:episteme:muncg88.374v,754,urn:cite:ecod:muncg88img.MunCG88-page755
urn:cite:episteme:muncg88.375r,755,urn:cite:ecod:muncg88img.MunCG88-page756
urn:cite:episteme:muncg88.375v,756,urn:cite:ecod:muncg88img.MunCG88-page757
urn:cite:episteme:muncg88.376r,757,urn:cite:ecod:muncg88img.MunCG88-page758
urn:cite:episteme:muncg88.376v,758,urn:cite:ecod:muncg88img.MunCG88-page759
urn:cite:episteme:muncg88.377r,759,urn:cite:ecod:muncg88img.MunCG88-page760
urn:cite:episteme:muncg88.377v,760,urn:cite:ecod:muncg88img.MunCG88-page761
urn:cite:episteme:muncg88.377ar,761,urn:cite:ecod:muncg88img.MunCG88-page762
urn:cite:episteme:muncg88.377av,762,urn:cite:ecod:muncg88img.MunCG88-page763
urn:cite:episteme:muncg88.378r,763,urn:cite:ecod:muncg88img.MunCG88-page764
urn:cite:episteme:muncg88.378v,764,urn:cite:ecod:muncg88img.MunCG88-page765
urn:cite:episteme:muncg88.379r,765,urn:cite:ecod:muncg88img.MunCG88-page766
urn:cite:episteme:muncg88.379v,766,urn:cite:ecod:muncg88img.MunCG88-page767
urn:cite:episteme:muncg88.380r,767,urn:cite:ecod:muncg88img.MunCG88-page768
urn:cite:episteme:muncg88.380v,768,urn:cite:ecod:muncg88img.MunCG88-page769
urn:cite:episteme:muncg88.381r,769,urn:cite:ecod:muncg88img.MunCG88-page770
urn:cite:episteme:muncg88.381v,770,urn:cite:ecod:muncg88img.MunCG88-page771
urn:cite:episteme:muncg88.382r,771,urn:cite:ecod:muncg88img.MunCG88-page772
urn:cite:episteme:muncg88.382v,772,urn:cite:ecod:muncg88img.MunCG88-page773
urn:cite:episteme:muncg88.383r,773,urn:cite:ecod:muncg88img.MunCG88-page774
urn:cite:episteme:muncg88.383v,774,urn:cite:ecod:muncg88img.MunCG88-page775
urn:cite:episteme:muncg88.384r,775,urn:cite:ecod:muncg88img.MunCG88-page776
urn:cite:episteme:muncg88.384v,776,urn:cite:ecod:muncg88img.MunCG88-page777
urn:cite:episteme:muncg88.385r,777,urn:cite:ecod:muncg88img.MunCG88-page778
urn:cite:episteme:muncg88.385v,778,urn:cite:ecod:muncg88img.MunCG88-page779
urn:cite:episteme:muncg88.386r,779,urn:cite:ecod:muncg88img.MunCG88-page780
urn:cite:episteme:muncg88.386v,780,urn:cite:ecod:muncg88img.MunCG88-page781
urn:cite:episteme:muncg88.387r,781,urn:cite:ecod:muncg88img.MunCG88-page782
urn:cite:episteme:muncg88.387v,782,urn:cite:ecod:muncg88img.MunCG88-page783
urn:cite:episteme:muncg88.388r,783,urn:cite:ecod:muncg88img.MunCG88-page784
urn:cite:episteme:muncg88.388v,784,urn:cite:ecod:muncg88img.MunCG88-page785
urn:cite:episteme:muncg88.389r,785,urn:cite:ecod:muncg88img.MunCG88-page786
urn:cite:episteme:muncg88.389v,786,urn:cite:ecod:muncg88img.MunCG88-page787
urn:cite:episteme:muncg88.390r,787,urn:cite:ecod:muncg88img.MunCG88-page788
urn:cite:episteme:muncg88.390v,788,urn:cite:ecod:muncg88img.MunCG88-page789
urn:cite:episteme:muncg88.391r,789,urn:cite:ecod:muncg88img.MunCG88-page790
urn:cite:episteme:muncg88.391v,790,urn:cite:ecod:muncg88img.MunCG88-page791
urn:cite:episteme:muncg88.392r,791,urn:cite:ecod:muncg88img.MunCG88-page792
urn:cite:episteme:muncg88.392v,792,urn:cite:ecod:muncg88img.MunCG88-page793
urn:cite:episteme:muncg88.393r,793,urn:cite:ecod:muncg88img.MunCG88-page794
urn:cite:episteme:muncg88.393v,794,urn:cite:ecod:muncg88img.MunCG88-page795
urn:cite:episteme:muncg88.394r,795,urn:cite:ecod:muncg88img.MunCG88-page796
urn:cite:episteme:muncg88.394v,796,urn:cite:ecod:muncg88img.MunCG88-page797
urn:cite:episteme:muncg88.395r,797,urn:cite:ecod:muncg88img.MunCG88-page798
urn:cite:episteme:muncg88.395v,798,urn:cite:ecod:muncg88img.MunCG88-page799
urn:cite:episteme:muncg88.396r,799,urn:cite:ecod:muncg88img.MunCG88-page800
urn:cite:episteme:muncg88.396v,800,urn:cite:ecod:muncg88img.MunCG88-page801
urn:cite:episteme:muncg88.397r,801,urn:cite:ecod:muncg88img.MunCG88-page802
urn:cite:episteme:muncg88.397v,802,urn:cite:ecod:muncg88img.MunCG88-page803
urn:cite:episteme:muncg88.398r,803,urn:cite:ecod:muncg88img.MunCG88-page804
urn:cite:episteme:muncg88.398v,804,urn:cite:ecod:muncg88img.MunCG88-page805
urn:cite:episteme:muncg88.399r,805,urn:cite:ecod:muncg88img.MunCG88-page806
urn:cite:episteme:muncg88.399v,806,urn:cite:ecod:muncg88img.MunCG88-page807
urn:cite:episteme:muncg88.400r,807,urn:cite:ecod:muncg88img.MunCG88-page808
urn:cite:episteme:muncg88.400v,808,urn:cite:ecod:muncg88img.MunCG88-page809
urn:cite:episteme:muncg88.401r,809,urn:cite:ecod:muncg88img.MunCG88-page810
urn:cite:episteme:muncg88.401v,810,urn:cite:ecod:muncg88img.MunCG88-page811
urn:cite:episteme:muncg88.402r,811,urn:cite:ecod:muncg88img.MunCG88-page812
urn:cite:episteme:muncg88.402v,812,urn:cite:ecod:muncg88img.MunCG88-page813
urn:cite:episteme:muncg88.403r,813,urn:cite:ecod:muncg88img.MunCG88-page814
urn:cite:episteme:muncg88.403v,814,urn:cite:ecod:muncg88img.MunCG88-page815
urn:cite:episteme:muncg88.404r,815,urn:cite:ecod:muncg88img.MunCG88-page816
urn:cite:episteme:muncg88.404v,816,urn:cite:ecod:muncg88img.MunCG88-page817
urn:cite:episteme:muncg88.405r,817,urn:cite:ecod:muncg88img.MunCG88-page818
urn:cite:episteme:muncg88.405v,818,urn:cite:ecod:muncg88img.MunCG88-page819
urn:cite:episteme:muncg88.406r,819,urn:cite:ecod:muncg88img.MunCG88-page820
urn:cite:episteme:muncg88.406v,820,urn:cite:ecod:muncg88img.MunCG88-page821
urn:cite:episteme:muncg88.407r,821,urn:cite:ecod:muncg88img.MunCG88-page822
urn:cite:episteme:muncg88.407v,822,urn:cite:ecod:muncg88img.MunCG88-page823
urn:cite:episteme:muncg88.408r,823,urn:cite:ecod:muncg88img.MunCG88-page824
