Siglum	Sequence	URN	RV	MS	CodexURN
e4	1	urn:cite:hmt:e4.1r	recto	Escorialensis 509 (Ω.I.12, Allen E4, or West F), folio 1r	urn:cite:hmt:codex.e4
e4	2	urn:cite:hmt:e4.1v	verso	Escorialensis 509 (Ω.I.12, Allen E4, or West F), folio 1v	urn:cite:hmt:codex.e4
e4	3	urn:cite:hmt:e4.2r	recto	Escorialensis 509 (Ω.I.12, Allen E4, or West F), folio 2r	urn:cite:hmt:codex.e4
e4	4	urn:cite:hmt:e4.2v	verso	Escorialensis 509 (Ω.I.12, Allen E4, or West F), folio 2v	urn:cite:hmt:codex.e4
e4	5	urn:cite:hmt:e4.3r	recto	Escorialensis 509 (Ω.I.12, Allen E4, or West F), folio 3r	urn:cite:hmt:codex.e4
e4	6	urn:cite:hmt:e4.3v	verso	Escorialensis 509 (Ω.I.12, Allen E4, or West F), folio 3v	urn:cite:hmt:codex.e4
e4	7	urn:cite:hmt:e4.4r	recto	Escorialensis 509 (Ω.I.12, Allen E4, or West F), folio 4r	urn:cite:hmt:codex.e4
e4	8	urn:cite:hmt:e4.4v	verso	Escorialensis 509 (Ω.I.12, Allen E4, or West F), folio 4v	urn:cite:hmt:codex.e4
e4	9	urn:cite:hmt:e4.5r	recto	Escorialensis 509 (Ω.I.12, Allen E4, or West F), folio 5r	urn:cite:hmt:codex.e4
e4	10	urn:cite:hmt:e4.5v	verso	Escorialensis 509 (Ω.I.12, Allen E4, or West F), folio 5v	urn:cite:hmt:codex.e4
e4	11	urn:cite:hmt:e4.6r	recto	Escorialensis 509 (Ω.I.12, Allen E4, or West F), folio 6r	urn:cite:hmt:codex.e4
e4	12	urn:cite:hmt:e4.6v	verso	Escorialensis 509 (Ω.I.12, Allen E4, or West F), folio 6v	urn:cite:hmt:codex.e4
e4	13	urn:cite:hmt:e4.7r	recto	Escorialensis 509 (Ω.I.12, Allen E4, or West F), folio 7r	urn:cite:hmt:codex.e4
e4	14	urn:cite:hmt:e4.7v	verso	Escorialensis 509 (Ω.I.12, Allen E4, or West F), folio 7v	urn:cite:hmt:codex.e4
e4	15	urn:cite:hmt:e4.8r	recto	Escorialensis 509 (Ω.I.12, Allen E4, or West F), folio 8r	urn:cite:hmt:codex.e4
e4	16	urn:cite:hmt:e4.8v	verso	Escorialensis 509 (Ω.I.12, Allen E4, or West F), folio 8v	urn:cite:hmt:codex.e4
e4	17	urn:cite:hmt:e4.9r	recto	Escorialensis 509 (Ω.I.12, Allen E4, or West F), folio 9r	urn:cite:hmt:codex.e4
e4	18	urn:cite:hmt:e4.9v	verso	Escorialensis 509 (Ω.I.12, Allen E4, or West F), folio 9v	urn:cite:hmt:codex.e4
e4	19	urn:cite:hmt:e4.10r	recto	Escorialensis 509 (Ω.I.12, Allen E4, or West F), folio 10r	urn:cite:hmt:codex.e4
e4	20	urn:cite:hmt:e4.10v	verso	Escorialensis 509 (Ω.I.12, Allen E4, or West F), folio 10v	urn:cite:hmt:codex.e4
e4	21	urn:cite:hmt:e4.11r	recto	Escorialensis 509 (Ω.I.12, Allen E4, or West F), folio 11r	urn:cite:hmt:codex.e4
e4	22	urn:cite:hmt:e4.11v	verso	Escorialensis 509 (Ω.I.12, Allen E4, or West F), folio 11v	urn:cite:hmt:codex.e4
e4	23	urn:cite:hmt:e4.12r	recto	Escorialensis 509 (Ω.I.12, Allen E4, or West F), folio 12r	urn:cite:hmt:codex.e4
e4	24	urn:cite:hmt:e4.12v	verso	Escorialensis 509 (Ω.I.12, Allen E4, or West F), folio 12v	urn:cite:hmt:codex.e4
e4	25	urn:cite:hmt:e4.13r	recto	Escorialensis 509 (Ω.I.12, Allen E4, or West F), folio 13r	urn:cite:hmt:codex.e4
e4	26	urn:cite:hmt:e4.13v	verso	Escorialensis 509 (Ω.I.12, Allen E4, or West F), folio 13v	urn:cite:hmt:codex.e4
e4	27	urn:cite:hmt:e4.14r	recto	Escorialensis 509 (Ω.I.12, Allen E4, or West F), folio 14r	urn:cite:hmt:codex.e4
e4	28	urn:cite:hmt:e4.14v	verso	Escorialensis 509 (Ω.I.12, Allen E4, or West F), folio 14v	urn:cite:hmt:codex.e4
e4	29	urn:cite:hmt:e4.15r	recto	Escorialensis 509 (Ω.I.12, Allen E4, or West F), folio 15r	urn:cite:hmt:codex.e4
e4	30	urn:cite:hmt:e4.15v	verso	Escorialensis 509 (Ω.I.12, Allen E4, or West F), folio 15v	urn:cite:hmt:codex.e4
e4	31	urn:cite:hmt:e4.16r	recto	Escorialensis 509 (Ω.I.12, Allen E4, or West F), folio 16r	urn:cite:hmt:codex.e4
e4	32	urn:cite:hmt:e4.16v	verso	Escorialensis 509 (Ω.I.12, Allen E4, or West F), folio 16v	urn:cite:hmt:codex.e4
e4	33	urn:cite:hmt:e4.17r	recto	Escorialensis 509 (Ω.I.12, Allen E4, or West F), folio 17r	urn:cite:hmt:codex.e4
e4	34	urn:cite:hmt:e4.17v	verso	Escorialensis 509 (Ω.I.12, Allen E4, or West F), folio 17v	urn:cite:hmt:codex.e4
e4	35	urn:cite:hmt:e4.18r	recto	Escorialensis 509 (Ω.I.12, Allen E4, or West F), folio 18r	urn:cite:hmt:codex.e4
e4	36	urn:cite:hmt:e4.18v	verso	Escorialensis 509 (Ω.I.12, Allen E4, or West F), folio 18v	urn:cite:hmt:codex.e4
e4	37	urn:cite:hmt:e4.19r	recto	Escorialensis 509 (Ω.I.12, Allen E4, or West F), folio 19r	urn:cite:hmt:codex.e4
e4	38	urn:cite:hmt:e4.19v	verso	Escorialensis 509 (Ω.I.12, Allen E4, or West F), folio 19v	urn:cite:hmt:codex.e4
e4	39	urn:cite:hmt:e4.20r	recto	Escorialensis 509 (Ω.I.12, Allen E4, or West F), folio 20r	urn:cite:hmt:codex.e4
e4	40	urn:cite:hmt:e4.20v	verso	Escorialensis 509 (Ω.I.12, Allen E4, or West F), folio 20v	urn:cite:hmt:codex.e4
e4	41	urn:cite:hmt:e4.21r	recto	Escorialensis 509 (Ω.I.12, Allen E4, or West F), folio 21r	urn:cite:hmt:codex.e4
e4	42	urn:cite:hmt:e4.21v	verso	Escorialensis 509 (Ω.I.12, Allen E4, or West F), folio 21v	urn:cite:hmt:codex.e4
e4	43	urn:cite:hmt:e4.22r	recto	Escorialensis 509 (Ω.I.12, Allen E4, or West F), folio 22r	urn:cite:hmt:codex.e4
e4	44	urn:cite:hmt:e4.22v	verso	Escorialensis 509 (Ω.I.12, Allen E4, or West F), folio 22v	urn:cite:hmt:codex.e4
e4	45	urn:cite:hmt:e4.23r	recto	Escorialensis 509 (Ω.I.12, Allen E4, or West F), folio 23r	urn:cite:hmt:codex.e4
e4	46	urn:cite:hmt:e4.23v	verso	Escorialensis 509 (Ω.I.12, Allen E4, or West F), folio 23v	urn:cite:hmt:codex.e4
e4	47	urn:cite:hmt:e4.24r	recto	Escorialensis 509 (Ω.I.12, Allen E4, or West F), folio 24r	urn:cite:hmt:codex.e4
e4	48	urn:cite:hmt:e4.24v	verso	Escorialensis 509 (Ω.I.12, Allen E4, or West F), folio 24v	urn:cite:hmt:codex.e4
e4	49	urn:cite:hmt:e4.25r	recto	Escorialensis 509 (Ω.I.12, Allen E4, or West F), folio 25r	urn:cite:hmt:codex.e4
e4	50	urn:cite:hmt:e4.25v	verso	Escorialensis 509 (Ω.I.12, Allen E4, or West F), folio 25v	urn:cite:hmt:codex.e4
e4	51	urn:cite:hmt:e4.26r	recto	Escorialensis 509 (Ω.I.12, Allen E4, or West F), folio 26r	urn:cite:hmt:codex.e4
e4	52	urn:cite:hmt:e4.26v	verso	Escorialensis 509 (Ω.I.12, Allen E4, or West F), folio 26v	urn:cite:hmt:codex.e4
e4	53	urn:cite:hmt:e4.27r	recto	Escorialensis 509 (Ω.I.12, Allen E4, or West F), folio 27r	urn:cite:hmt:codex.e4
e4	54	urn:cite:hmt:e4.27v	verso	Escorialensis 509 (Ω.I.12, Allen E4, or West F), folio 27v	urn:cite:hmt:codex.e4
e4	55	urn:cite:hmt:e4.28r	recto	Escorialensis 509 (Ω.I.12, Allen E4, or West F), folio 28r	urn:cite:hmt:codex.e4
e4	56	urn:cite:hmt:e4.28v	verso	Escorialensis 509 (Ω.I.12, Allen E4, or West F), folio 28v	urn:cite:hmt:codex.e4
e4	57	urn:cite:hmt:e4.29r	recto	Escorialensis 509 (Ω.I.12, Allen E4, or West F), folio 29r	urn:cite:hmt:codex.e4
e4	58	urn:cite:hmt:e4.29v	verso	Escorialensis 509 (Ω.I.12, Allen E4, or West F), folio 29v	urn:cite:hmt:codex.e4
e4	59	urn:cite:hmt:e4.30r	recto	Escorialensis 509 (Ω.I.12, Allen E4, or West F), folio 30r	urn:cite:hmt:codex.e4
e4	60	urn:cite:hmt:e4.30v	verso	Escorialensis 509 (Ω.I.12, Allen E4, or West F), folio 30v	urn:cite:hmt:codex.e4
e4	61	urn:cite:hmt:e4.31r	recto	Escorialensis 509 (Ω.I.12, Allen E4, or West F), folio 31r	urn:cite:hmt:codex.e4
e4	62	urn:cite:hmt:e4.31v	verso	Escorialensis 509 (Ω.I.12, Allen E4, or West F), folio 31v	urn:cite:hmt:codex.e4
e4	63	urn:cite:hmt:e4.32r	recto	Escorialensis 509 (Ω.I.12, Allen E4, or West F), folio 32r	urn:cite:hmt:codex.e4
e4	64	urn:cite:hmt:e4.32v	verso	Escorialensis 509 (Ω.I.12, Allen E4, or West F), folio 32v	urn:cite:hmt:codex.e4
e4	65	urn:cite:hmt:e4.33r	recto	Escorialensis 509 (Ω.I.12, Allen E4, or West F), folio 33r	urn:cite:hmt:codex.e4
e4	66	urn:cite:hmt:e4.33v	verso	Escorialensis 509 (Ω.I.12, Allen E4, or West F), folio 33v	urn:cite:hmt:codex.e4
e4	67	urn:cite:hmt:e4.34r	recto	Escorialensis 509 (Ω.I.12, Allen E4, or West F), folio 34r	urn:cite:hmt:codex.e4
e4	68	urn:cite:hmt:e4.34v	verso	Escorialensis 509 (Ω.I.12, Allen E4, or West F), folio 34v	urn:cite:hmt:codex.e4
e4	69	urn:cite:hmt:e4.35r	recto	Escorialensis 509 (Ω.I.12, Allen E4, or West F), folio 35r	urn:cite:hmt:codex.e4
e4	70	urn:cite:hmt:e4.35v	verso	Escorialensis 509 (Ω.I.12, Allen E4, or West F), folio 35v	urn:cite:hmt:codex.e4
e4	71	urn:cite:hmt:e4.36r	recto	Escorialensis 509 (Ω.I.12, Allen E4, or West F), folio 36r	urn:cite:hmt:codex.e4
e4	72	urn:cite:hmt:e4.36v	verso	Escorialensis 509 (Ω.I.12, Allen E4, or West F), folio 36v	urn:cite:hmt:codex.e4
e4	73	urn:cite:hmt:e4.37r	recto	Escorialensis 509 (Ω.I.12, Allen E4, or West F), folio 37r	urn:cite:hmt:codex.e4
e4	74	urn:cite:hmt:e4.37v	verso	Escorialensis 509 (Ω.I.12, Allen E4, or West F), folio 37v	urn:cite:hmt:codex.e4
e4	75	urn:cite:hmt:e4.38r	recto	Escorialensis 509 (Ω.I.12, Allen E4, or West F), folio 38r	urn:cite:hmt:codex.e4
e4	76	urn:cite:hmt:e4.38v	verso	Escorialensis 509 (Ω.I.12, Allen E4, or West F), folio 38v	urn:cite:hmt:codex.e4
e4	77	urn:cite:hmt:e4.39r	recto	Escorialensis 509 (Ω.I.12, Allen E4, or West F), folio 39r	urn:cite:hmt:codex.e4
e4	78	urn:cite:hmt:e4.39v	verso	Escorialensis 509 (Ω.I.12, Allen E4, or West F), folio 39v	urn:cite:hmt:codex.e4
e4	79	urn:cite:hmt:e4.40r	recto	Escorialensis 509 (Ω.I.12, Allen E4, or West F), folio 40r	urn:cite:hmt:codex.e4
e4	80	urn:cite:hmt:e4.40v	verso	Escorialensis 509 (Ω.I.12, Allen E4, or West F), folio 40v	urn:cite:hmt:codex.e4
e4	81	urn:cite:hmt:e4.41r	recto	Escorialensis 509 (Ω.I.12, Allen E4, or West F), folio 41r	urn:cite:hmt:codex.e4
e4	82	urn:cite:hmt:e4.41v	verso	Escorialensis 509 (Ω.I.12, Allen E4, or West F), folio 41v	urn:cite:hmt:codex.e4
e4	83	urn:cite:hmt:e4.42r	recto	Escorialensis 509 (Ω.I.12, Allen E4, or West F), folio 42r	urn:cite:hmt:codex.e4
e4	84	urn:cite:hmt:e4.42v	verso	Escorialensis 509 (Ω.I.12, Allen E4, or West F), folio 42v	urn:cite:hmt:codex.e4
e4	85	urn:cite:hmt:e4.43r	recto	Escorialensis 509 (Ω.I.12, Allen E4, or West F), folio 43r	urn:cite:hmt:codex.e4
e4	86	urn:cite:hmt:e4.43v	verso	Escorialensis 509 (Ω.I.12, Allen E4, or West F), folio 43v	urn:cite:hmt:codex.e4
e4	87	urn:cite:hmt:e4.44r	recto	Escorialensis 509 (Ω.I.12, Allen E4, or West F), folio 44r	urn:cite:hmt:codex.e4
e4	88	urn:cite:hmt:e4.44v	verso	Escorialensis 509 (Ω.I.12, Allen E4, or West F), folio 44v	urn:cite:hmt:codex.e4
e4	89	urn:cite:hmt:e4.45r	recto	Escorialensis 509 (Ω.I.12, Allen E4, or West F), folio 45r	urn:cite:hmt:codex.e4
e4	90	urn:cite:hmt:e4.45v	verso	Escorialensis 509 (Ω.I.12, Allen E4, or West F), folio 45v	urn:cite:hmt:codex.e4
e4	91	urn:cite:hmt:e4.46r	recto	Escorialensis 509 (Ω.I.12, Allen E4, or West F), folio 46r	urn:cite:hmt:codex.e4
e4	92	urn:cite:hmt:e4.46v	verso	Escorialensis 509 (Ω.I.12, Allen E4, or West F), folio 46v	urn:cite:hmt:codex.e4
e4	93	urn:cite:hmt:e4.47r	recto	Escorialensis 509 (Ω.I.12, Allen E4, or West F), folio 47r	urn:cite:hmt:codex.e4
e4	94	urn:cite:hmt:e4.47v	verso	Escorialensis 509 (Ω.I.12, Allen E4, or West F), folio 47v	urn:cite:hmt:codex.e4
e4	95	urn:cite:hmt:e4.48r	recto	Escorialensis 509 (Ω.I.12, Allen E4, or West F), folio 48r	urn:cite:hmt:codex.e4
e4	96	urn:cite:hmt:e4.48v	verso	Escorialensis 509 (Ω.I.12, Allen E4, or West F), folio 48v	urn:cite:hmt:codex.e4
e4	97	urn:cite:hmt:e4.49r	recto	Escorialensis 509 (Ω.I.12, Allen E4, or West F), folio 49r	urn:cite:hmt:codex.e4
e4	98	urn:cite:hmt:e4.49v	verso	Escorialensis 509 (Ω.I.12, Allen E4, or West F), folio 49v	urn:cite:hmt:codex.e4
e4	99	urn:cite:hmt:e4.50r	recto	Escorialensis 509 (Ω.I.12, Allen E4, or West F), folio 50r	urn:cite:hmt:codex.e4
e4	100	urn:cite:hmt:e4.50v	verso	Escorialensis 509 (Ω.I.12, Allen E4, or West F), folio 50v	urn:cite:hmt:codex.e4
e4	101	urn:cite:hmt:e4.51r	recto	Escorialensis 509 (Ω.I.12, Allen E4, or West F), folio 51r	urn:cite:hmt:codex.e4
e4	102	urn:cite:hmt:e4.51v	verso	Escorialensis 509 (Ω.I.12, Allen E4, or West F), folio 51v	urn:cite:hmt:codex.e4
e4	103	urn:cite:hmt:e4.52r	recto	Escorialensis 509 (Ω.I.12, Allen E4, or West F), folio 52r	urn:cite:hmt:codex.e4
e4	104	urn:cite:hmt:e4.52v	verso	Escorialensis 509 (Ω.I.12, Allen E4, or West F), folio 52v	urn:cite:hmt:codex.e4
e4	105	urn:cite:hmt:e4.53r	recto	Escorialensis 509 (Ω.I.12, Allen E4, or West F), folio 53r	urn:cite:hmt:codex.e4
e4	106	urn:cite:hmt:e4.53v	verso	Escorialensis 509 (Ω.I.12, Allen E4, or West F), folio 53v	urn:cite:hmt:codex.e4
e4	107	urn:cite:hmt:e4.54r	recto	Escorialensis 509 (Ω.I.12, Allen E4, or West F), folio 54r	urn:cite:hmt:codex.e4
e4	108	urn:cite:hmt:e4.54v	verso	Escorialensis 509 (Ω.I.12, Allen E4, or West F), folio 54v	urn:cite:hmt:codex.e4
e4	109	urn:cite:hmt:e4.55r	recto	Escorialensis 509 (Ω.I.12, Allen E4, or West F), folio 55r	urn:cite:hmt:codex.e4
e4	110	urn:cite:hmt:e4.55v	verso	Escorialensis 509 (Ω.I.12, Allen E4, or West F), folio 55v	urn:cite:hmt:codex.e4
e4	111	urn:cite:hmt:e4.56r	recto	Escorialensis 509 (Ω.I.12, Allen E4, or West F), folio 56r	urn:cite:hmt:codex.e4
e4	112	urn:cite:hmt:e4.56v	verso	Escorialensis 509 (Ω.I.12, Allen E4, or West F), folio 56v	urn:cite:hmt:codex.e4
e4	113	urn:cite:hmt:e4.57r	recto	Escorialensis 509 (Ω.I.12, Allen E4, or West F), folio 57r	urn:cite:hmt:codex.e4
e4	114	urn:cite:hmt:e4.57v	verso	Escorialensis 509 (Ω.I.12, Allen E4, or West F), folio 57v	urn:cite:hmt:codex.e4
e4	115	urn:cite:hmt:e4.58r	recto	Escorialensis 509 (Ω.I.12, Allen E4, or West F), folio 58r	urn:cite:hmt:codex.e4
e4	116	urn:cite:hmt:e4.58v	verso	Escorialensis 509 (Ω.I.12, Allen E4, or West F), folio 58v	urn:cite:hmt:codex.e4
e4	117	urn:cite:hmt:e4.59r	recto	Escorialensis 509 (Ω.I.12, Allen E4, or West F), folio 59r	urn:cite:hmt:codex.e4
e4	118	urn:cite:hmt:e4.59v	verso	Escorialensis 509 (Ω.I.12, Allen E4, or West F), folio 59v	urn:cite:hmt:codex.e4
e4	119	urn:cite:hmt:e4.60r	recto	Escorialensis 509 (Ω.I.12, Allen E4, or West F), folio 60r	urn:cite:hmt:codex.e4
e4	120	urn:cite:hmt:e4.60v	verso	Escorialensis 509 (Ω.I.12, Allen E4, or West F), folio 60v	urn:cite:hmt:codex.e4
e4	121	urn:cite:hmt:e4.61r	recto	Escorialensis 509 (Ω.I.12, Allen E4, or West F), folio 61r	urn:cite:hmt:codex.e4
e4	122	urn:cite:hmt:e4.61v	verso	Escorialensis 509 (Ω.I.12, Allen E4, or West F), folio 61v	urn:cite:hmt:codex.e4
e4	123	urn:cite:hmt:e4.62r	recto	Escorialensis 509 (Ω.I.12, Allen E4, or West F), folio 62r	urn:cite:hmt:codex.e4
e4	124	urn:cite:hmt:e4.62v	verso	Escorialensis 509 (Ω.I.12, Allen E4, or West F), folio 62v	urn:cite:hmt:codex.e4
e4	125	urn:cite:hmt:e4.63r	recto	Escorialensis 509 (Ω.I.12, Allen E4, or West F), folio 63r	urn:cite:hmt:codex.e4
e4	126	urn:cite:hmt:e4.63v	verso	Escorialensis 509 (Ω.I.12, Allen E4, or West F), folio 63v	urn:cite:hmt:codex.e4
e4	127	urn:cite:hmt:e4.64r	recto	Escorialensis 509 (Ω.I.12, Allen E4, or West F), folio 64r	urn:cite:hmt:codex.e4
e4	128	urn:cite:hmt:e4.64v	verso	Escorialensis 509 (Ω.I.12, Allen E4, or West F), folio 64v	urn:cite:hmt:codex.e4
e4	129	urn:cite:hmt:e4.65r	recto	Escorialensis 509 (Ω.I.12, Allen E4, or West F), folio 65r	urn:cite:hmt:codex.e4
e4	130	urn:cite:hmt:e4.65v	verso	Escorialensis 509 (Ω.I.12, Allen E4, or West F), folio 65v	urn:cite:hmt:codex.e4
e4	131	urn:cite:hmt:e4.67r	recto	Escorialensis 509 (Ω.I.12, Allen E4, or West F), folio 67r	urn:cite:hmt:codex.e4
e4	132	urn:cite:hmt:e4.67v	verso	Escorialensis 509 (Ω.I.12, Allen E4, or West F), folio 67v	urn:cite:hmt:codex.e4
e4	133	urn:cite:hmt:e4.68r	recto	Escorialensis 509 (Ω.I.12, Allen E4, or West F), folio 68r	urn:cite:hmt:codex.e4
e4	134	urn:cite:hmt:e4.68v	verso	Escorialensis 509 (Ω.I.12, Allen E4, or West F), folio 68v	urn:cite:hmt:codex.e4
e4	135	urn:cite:hmt:e4.69r	recto	Escorialensis 509 (Ω.I.12, Allen E4, or West F), folio 69r	urn:cite:hmt:codex.e4
e4	136	urn:cite:hmt:e4.69v	verso	Escorialensis 509 (Ω.I.12, Allen E4, or West F), folio 69v	urn:cite:hmt:codex.e4
e4	137	urn:cite:hmt:e4.70r	recto	Escorialensis 509 (Ω.I.12, Allen E4, or West F), folio 70r	urn:cite:hmt:codex.e4
e4	138	urn:cite:hmt:e4.70v	verso	Escorialensis 509 (Ω.I.12, Allen E4, or West F), folio 70v	urn:cite:hmt:codex.e4
e4	139	urn:cite:hmt:e4.71r	recto	Escorialensis 509 (Ω.I.12, Allen E4, or West F), folio 71r	urn:cite:hmt:codex.e4
e4	140	urn:cite:hmt:e4.71v	verso	Escorialensis 509 (Ω.I.12, Allen E4, or West F), folio 71v	urn:cite:hmt:codex.e4
e4	141	urn:cite:hmt:e4.72r	recto	Escorialensis 509 (Ω.I.12, Allen E4, or West F), folio 72r	urn:cite:hmt:codex.e4
e4	142	urn:cite:hmt:e4.72v	verso	Escorialensis 509 (Ω.I.12, Allen E4, or West F), folio 72v	urn:cite:hmt:codex.e4
e4	143	urn:cite:hmt:e4.73r	recto	Escorialensis 509 (Ω.I.12, Allen E4, or West F), folio 73r	urn:cite:hmt:codex.e4
e4	144	urn:cite:hmt:e4.73v	verso	Escorialensis 509 (Ω.I.12, Allen E4, or West F), folio 73v	urn:cite:hmt:codex.e4
e4	145	urn:cite:hmt:e4.74r	recto	Escorialensis 509 (Ω.I.12, Allen E4, or West F), folio 74r	urn:cite:hmt:codex.e4
e4	146	urn:cite:hmt:e4.74v	verso	Escorialensis 509 (Ω.I.12, Allen E4, or West F), folio 74v	urn:cite:hmt:codex.e4
e4	147	urn:cite:hmt:e4.75r	recto	Escorialensis 509 (Ω.I.12, Allen E4, or West F), folio 75r	urn:cite:hmt:codex.e4
e4	148	urn:cite:hmt:e4.75v	verso	Escorialensis 509 (Ω.I.12, Allen E4, or West F), folio 75v	urn:cite:hmt:codex.e4
e4	149	urn:cite:hmt:e4.76r	recto	Escorialensis 509 (Ω.I.12, Allen E4, or West F), folio 76r	urn:cite:hmt:codex.e4
e4	150	urn:cite:hmt:e4.76v	verso	Escorialensis 509 (Ω.I.12, Allen E4, or West F), folio 76v	urn:cite:hmt:codex.e4
e4	151	urn:cite:hmt:e4.77r	recto	Escorialensis 509 (Ω.I.12, Allen E4, or West F), folio 77r	urn:cite:hmt:codex.e4
e4	152	urn:cite:hmt:e4.77v	verso	Escorialensis 509 (Ω.I.12, Allen E4, or West F), folio 77v	urn:cite:hmt:codex.e4
e4	153	urn:cite:hmt:e4.78r	recto	Escorialensis 509 (Ω.I.12, Allen E4, or West F), folio 78r	urn:cite:hmt:codex.e4
e4	154	urn:cite:hmt:e4.78v	verso	Escorialensis 509 (Ω.I.12, Allen E4, or West F), folio 78v	urn:cite:hmt:codex.e4
e4	155	urn:cite:hmt:e4.79r	recto	Escorialensis 509 (Ω.I.12, Allen E4, or West F), folio 79r	urn:cite:hmt:codex.e4
e4	156	urn:cite:hmt:e4.79v	verso	Escorialensis 509 (Ω.I.12, Allen E4, or West F), folio 79v	urn:cite:hmt:codex.e4
e4	157	urn:cite:hmt:e4.80r	recto	Escorialensis 509 (Ω.I.12, Allen E4, or West F), folio 80r	urn:cite:hmt:codex.e4
e4	158	urn:cite:hmt:e4.80v	verso	Escorialensis 509 (Ω.I.12, Allen E4, or West F), folio 80v	urn:cite:hmt:codex.e4
e4	159	urn:cite:hmt:e4.81r	recto	Escorialensis 509 (Ω.I.12, Allen E4, or West F), folio 81r	urn:cite:hmt:codex.e4
e4	160	urn:cite:hmt:e4.81v	verso	Escorialensis 509 (Ω.I.12, Allen E4, or West F), folio 81v	urn:cite:hmt:codex.e4
e4	161	urn:cite:hmt:e4.82r	recto	Escorialensis 509 (Ω.I.12, Allen E4, or West F), folio 82r	urn:cite:hmt:codex.e4
e4	162	urn:cite:hmt:e4.82v	verso	Escorialensis 509 (Ω.I.12, Allen E4, or West F), folio 82v	urn:cite:hmt:codex.e4
e4	163	urn:cite:hmt:e4.83r	recto	Escorialensis 509 (Ω.I.12, Allen E4, or West F), folio 83r	urn:cite:hmt:codex.e4
e4	164	urn:cite:hmt:e4.83v	verso	Escorialensis 509 (Ω.I.12, Allen E4, or West F), folio 83v	urn:cite:hmt:codex.e4
e4	165	urn:cite:hmt:e4.84r	recto	Escorialensis 509 (Ω.I.12, Allen E4, or West F), folio 84r	urn:cite:hmt:codex.e4
e4	166	urn:cite:hmt:e4.84v	verso	Escorialensis 509 (Ω.I.12, Allen E4, or West F), folio 84v	urn:cite:hmt:codex.e4
e4	167	urn:cite:hmt:e4.85r	recto	Escorialensis 509 (Ω.I.12, Allen E4, or West F), folio 85r	urn:cite:hmt:codex.e4
e4	168	urn:cite:hmt:e4.85v	verso	Escorialensis 509 (Ω.I.12, Allen E4, or West F), folio 85v	urn:cite:hmt:codex.e4
e4	169	urn:cite:hmt:e4.86r	recto	Escorialensis 509 (Ω.I.12, Allen E4, or West F), folio 86r	urn:cite:hmt:codex.e4
e4	170	urn:cite:hmt:e4.86v	verso	Escorialensis 509 (Ω.I.12, Allen E4, or West F), folio 86v	urn:cite:hmt:codex.e4
e4	171	urn:cite:hmt:e4.87r	recto	Escorialensis 509 (Ω.I.12, Allen E4, or West F), folio 87r	urn:cite:hmt:codex.e4
e4	172	urn:cite:hmt:e4.87v	verso	Escorialensis 509 (Ω.I.12, Allen E4, or West F), folio 87v	urn:cite:hmt:codex.e4
e4	173	urn:cite:hmt:e4.88r	recto	Escorialensis 509 (Ω.I.12, Allen E4, or West F), folio 88r	urn:cite:hmt:codex.e4
e4	174	urn:cite:hmt:e4.88v	verso	Escorialensis 509 (Ω.I.12, Allen E4, or West F), folio 88v	urn:cite:hmt:codex.e4
e4	175	urn:cite:hmt:e4.89r	recto	Escorialensis 509 (Ω.I.12, Allen E4, or West F), folio 89r	urn:cite:hmt:codex.e4
e4	176	urn:cite:hmt:e4.89v	verso	Escorialensis 509 (Ω.I.12, Allen E4, or West F), folio 89v	urn:cite:hmt:codex.e4
e4	177	urn:cite:hmt:e4.90r	recto	Escorialensis 509 (Ω.I.12, Allen E4, or West F), folio 90r	urn:cite:hmt:codex.e4
e4	178	urn:cite:hmt:e4.90v	verso	Escorialensis 509 (Ω.I.12, Allen E4, or West F), folio 90v	urn:cite:hmt:codex.e4
e4	179	urn:cite:hmt:e4.91r	recto	Escorialensis 509 (Ω.I.12, Allen E4, or West F), folio 91r	urn:cite:hmt:codex.e4
e4	180	urn:cite:hmt:e4.91v	verso	Escorialensis 509 (Ω.I.12, Allen E4, or West F), folio 91v	urn:cite:hmt:codex.e4
e4	181	urn:cite:hmt:e4.92r	recto	Escorialensis 509 (Ω.I.12, Allen E4, or West F), folio 92r	urn:cite:hmt:codex.e4
e4	182	urn:cite:hmt:e4.92v	verso	Escorialensis 509 (Ω.I.12, Allen E4, or West F), folio 92v	urn:cite:hmt:codex.e4
e4	183	urn:cite:hmt:e4.93r	recto	Escorialensis 509 (Ω.I.12, Allen E4, or West F), folio 93r	urn:cite:hmt:codex.e4
e4	184	urn:cite:hmt:e4.93v	verso	Escorialensis 509 (Ω.I.12, Allen E4, or West F), folio 93v	urn:cite:hmt:codex.e4
e4	185	urn:cite:hmt:e4.94r	recto	Escorialensis 509 (Ω.I.12, Allen E4, or West F), folio 94r	urn:cite:hmt:codex.e4
e4	186	urn:cite:hmt:e4.94v	verso	Escorialensis 509 (Ω.I.12, Allen E4, or West F), folio 94v	urn:cite:hmt:codex.e4
e4	187	urn:cite:hmt:e4.95r	recto	Escorialensis 509 (Ω.I.12, Allen E4, or West F), folio 95r	urn:cite:hmt:codex.e4
e4	188	urn:cite:hmt:e4.95v	verso	Escorialensis 509 (Ω.I.12, Allen E4, or West F), folio 95v	urn:cite:hmt:codex.e4
e4	189	urn:cite:hmt:e4.96r	recto	Escorialensis 509 (Ω.I.12, Allen E4, or West F), folio 96r	urn:cite:hmt:codex.e4
e4	190	urn:cite:hmt:e4.96v	verso	Escorialensis 509 (Ω.I.12, Allen E4, or West F), folio 96v	urn:cite:hmt:codex.e4
e4	191	urn:cite:hmt:e4.97r	recto	Escorialensis 509 (Ω.I.12, Allen E4, or West F), folio 97r	urn:cite:hmt:codex.e4
e4	192	urn:cite:hmt:e4.97v	verso	Escorialensis 509 (Ω.I.12, Allen E4, or West F), folio 97v	urn:cite:hmt:codex.e4
e4	193	urn:cite:hmt:e4.98r	recto	Escorialensis 509 (Ω.I.12, Allen E4, or West F), folio 98r	urn:cite:hmt:codex.e4
e4	194	urn:cite:hmt:e4.98v	verso	Escorialensis 509 (Ω.I.12, Allen E4, or West F), folio 98v	urn:cite:hmt:codex.e4
e4	195	urn:cite:hmt:e4.99r	recto	Escorialensis 509 (Ω.I.12, Allen E4, or West F), folio 99r	urn:cite:hmt:codex.e4
e4	196	urn:cite:hmt:e4.99v	verso	Escorialensis 509 (Ω.I.12, Allen E4, or West F), folio 99v	urn:cite:hmt:codex.e4
e4	197	urn:cite:hmt:e4.100r	recto	Escorialensis 509 (Ω.I.12, Allen E4, or West F), folio 100r	urn:cite:hmt:codex.e4
e4	198	urn:cite:hmt:e4.100v	verso	Escorialensis 509 (Ω.I.12, Allen E4, or West F), folio 100v	urn:cite:hmt:codex.e4
e4	199	urn:cite:hmt:e4.101r	recto	Escorialensis 509 (Ω.I.12, Allen E4, or West F), folio 101r	urn:cite:hmt:codex.e4
e4	200	urn:cite:hmt:e4.101v	verso	Escorialensis 509 (Ω.I.12, Allen E4, or West F), folio 101v	urn:cite:hmt:codex.e4
e4	201	urn:cite:hmt:e4.102r	recto	Escorialensis 509 (Ω.I.12, Allen E4, or West F), folio 102r	urn:cite:hmt:codex.e4
e4	202	urn:cite:hmt:e4.102v	verso	Escorialensis 509 (Ω.I.12, Allen E4, or West F), folio 102v	urn:cite:hmt:codex.e4
e4	203	urn:cite:hmt:e4.103r	recto	Escorialensis 509 (Ω.I.12, Allen E4, or West F), folio 103r	urn:cite:hmt:codex.e4
e4	204	urn:cite:hmt:e4.103v	verso	Escorialensis 509 (Ω.I.12, Allen E4, or West F), folio 103v	urn:cite:hmt:codex.e4
e4	205	urn:cite:hmt:e4.104r	recto	Escorialensis 509 (Ω.I.12, Allen E4, or West F), folio 104r	urn:cite:hmt:codex.e4
e4	206	urn:cite:hmt:e4.104v	verso	Escorialensis 509 (Ω.I.12, Allen E4, or West F), folio 104v	urn:cite:hmt:codex.e4
e4	207	urn:cite:hmt:e4.105r	recto	Escorialensis 509 (Ω.I.12, Allen E4, or West F), folio 105r	urn:cite:hmt:codex.e4
e4	208	urn:cite:hmt:e4.105v	verso	Escorialensis 509 (Ω.I.12, Allen E4, or West F), folio 105v	urn:cite:hmt:codex.e4
e4	209	urn:cite:hmt:e4.106r	recto	Escorialensis 509 (Ω.I.12, Allen E4, or West F), folio 106r	urn:cite:hmt:codex.e4
e4	210	urn:cite:hmt:e4.106v	verso	Escorialensis 509 (Ω.I.12, Allen E4, or West F), folio 106v	urn:cite:hmt:codex.e4
e4	211	urn:cite:hmt:e4.107r	recto	Escorialensis 509 (Ω.I.12, Allen E4, or West F), folio 107r	urn:cite:hmt:codex.e4
e4	212	urn:cite:hmt:e4.107v	verso	Escorialensis 509 (Ω.I.12, Allen E4, or West F), folio 107v	urn:cite:hmt:codex.e4
e4	213	urn:cite:hmt:e4.108r	recto	Escorialensis 509 (Ω.I.12, Allen E4, or West F), folio 108r	urn:cite:hmt:codex.e4
e4	214	urn:cite:hmt:e4.108v	verso	Escorialensis 509 (Ω.I.12, Allen E4, or West F), folio 108v	urn:cite:hmt:codex.e4
e4	215	urn:cite:hmt:e4.109r	recto	Escorialensis 509 (Ω.I.12, Allen E4, or West F), folio 109r	urn:cite:hmt:codex.e4
e4	216	urn:cite:hmt:e4.109v	verso	Escorialensis 509 (Ω.I.12, Allen E4, or West F), folio 109v	urn:cite:hmt:codex.e4
e4	217	urn:cite:hmt:e4.110r	recto	Escorialensis 509 (Ω.I.12, Allen E4, or West F), folio 110r	urn:cite:hmt:codex.e4
e4	218	urn:cite:hmt:e4.110v	verso	Escorialensis 509 (Ω.I.12, Allen E4, or West F), folio 110v	urn:cite:hmt:codex.e4
e4	219	urn:cite:hmt:e4.111r	recto	Escorialensis 509 (Ω.I.12, Allen E4, or West F), folio 111r	urn:cite:hmt:codex.e4
e4	220	urn:cite:hmt:e4.111v	verso	Escorialensis 509 (Ω.I.12, Allen E4, or West F), folio 111v	urn:cite:hmt:codex.e4
e4	221	urn:cite:hmt:e4.112r	recto	Escorialensis 509 (Ω.I.12, Allen E4, or West F), folio 112r	urn:cite:hmt:codex.e4
e4	222	urn:cite:hmt:e4.112v	verso	Escorialensis 509 (Ω.I.12, Allen E4, or West F), folio 112v	urn:cite:hmt:codex.e4
e4	223	urn:cite:hmt:e4.113r	recto	Escorialensis 509 (Ω.I.12, Allen E4, or West F), folio 113r	urn:cite:hmt:codex.e4
e4	224	urn:cite:hmt:e4.113v	verso	Escorialensis 509 (Ω.I.12, Allen E4, or West F), folio 113v	urn:cite:hmt:codex.e4
e4	225	urn:cite:hmt:e4.114r	recto	Escorialensis 509 (Ω.I.12, Allen E4, or West F), folio 114r	urn:cite:hmt:codex.e4
e4	226	urn:cite:hmt:e4.114v	verso	Escorialensis 509 (Ω.I.12, Allen E4, or West F), folio 114v	urn:cite:hmt:codex.e4
e4	227	urn:cite:hmt:e4.115r	recto	Escorialensis 509 (Ω.I.12, Allen E4, or West F), folio 115r	urn:cite:hmt:codex.e4
e4	228	urn:cite:hmt:e4.115v	verso	Escorialensis 509 (Ω.I.12, Allen E4, or West F), folio 115v	urn:cite:hmt:codex.e4
e4	229	urn:cite:hmt:e4.116r	recto	Escorialensis 509 (Ω.I.12, Allen E4, or West F), folio 116r	urn:cite:hmt:codex.e4
e4	230	urn:cite:hmt:e4.116v	verso	Escorialensis 509 (Ω.I.12, Allen E4, or West F), folio 116v	urn:cite:hmt:codex.e4
e4	231	urn:cite:hmt:e4.117r	recto	Escorialensis 509 (Ω.I.12, Allen E4, or West F), folio 117r	urn:cite:hmt:codex.e4
e4	232	urn:cite:hmt:e4.117v	verso	Escorialensis 509 (Ω.I.12, Allen E4, or West F), folio 117v	urn:cite:hmt:codex.e4
e4	233	urn:cite:hmt:e4.118r	recto	Escorialensis 509 (Ω.I.12, Allen E4, or West F), folio 118r	urn:cite:hmt:codex.e4
e4	234	urn:cite:hmt:e4.118v	verso	Escorialensis 509 (Ω.I.12, Allen E4, or West F), folio 118v	urn:cite:hmt:codex.e4
e4	235	urn:cite:hmt:e4.119r	recto	Escorialensis 509 (Ω.I.12, Allen E4, or West F), folio 119r	urn:cite:hmt:codex.e4
e4	236	urn:cite:hmt:e4.119v	verso	Escorialensis 509 (Ω.I.12, Allen E4, or West F), folio 119v	urn:cite:hmt:codex.e4
e4	237	urn:cite:hmt:e4.120r	recto	Escorialensis 509 (Ω.I.12, Allen E4, or West F), folio 120r	urn:cite:hmt:codex.e4
e4	238	urn:cite:hmt:e4.120v	verso	Escorialensis 509 (Ω.I.12, Allen E4, or West F), folio 120v	urn:cite:hmt:codex.e4
e4	239	urn:cite:hmt:e4.121r	recto	Escorialensis 509 (Ω.I.12, Allen E4, or West F), folio 121r	urn:cite:hmt:codex.e4
e4	240	urn:cite:hmt:e4.121v	verso	Escorialensis 509 (Ω.I.12, Allen E4, or West F), folio 121v	urn:cite:hmt:codex.e4
e4	241	urn:cite:hmt:e4.122bisr	recto	Escorialensis 509 (Ω.I.12, Allen E4, or West F), folio 122bisr	urn:cite:hmt:codex.e4
e4	242	urn:cite:hmt:e4.122bisv	verso	Escorialensis 509 (Ω.I.12, Allen E4, or West F), folio 122bisv	urn:cite:hmt:codex.e4
e4	243	urn:cite:hmt:e4.122r	recto	Escorialensis 509 (Ω.I.12, Allen E4, or West F), folio 122r	urn:cite:hmt:codex.e4
e4	244	urn:cite:hmt:e4.122v	verso	Escorialensis 509 (Ω.I.12, Allen E4, or West F), folio 122v	urn:cite:hmt:codex.e4
e4	245	urn:cite:hmt:e4.123bisr	recto	Escorialensis 509 (Ω.I.12, Allen E4, or West F), folio 123bisr	urn:cite:hmt:codex.e4
e4	246	urn:cite:hmt:e4.123bisv	verso	Escorialensis 509 (Ω.I.12, Allen E4, or West F), folio 123bisv	urn:cite:hmt:codex.e4
e4	247	urn:cite:hmt:e4.123r	recto	Escorialensis 509 (Ω.I.12, Allen E4, or West F), folio 123r	urn:cite:hmt:codex.e4
e4	248	urn:cite:hmt:e4.123v	verso	Escorialensis 509 (Ω.I.12, Allen E4, or West F), folio 123v	urn:cite:hmt:codex.e4
e4	249	urn:cite:hmt:e4.124r	recto	Escorialensis 509 (Ω.I.12, Allen E4, or West F), folio 124r	urn:cite:hmt:codex.e4
e4	250	urn:cite:hmt:e4.124v	verso	Escorialensis 509 (Ω.I.12, Allen E4, or West F), folio 124v	urn:cite:hmt:codex.e4
e4	251	urn:cite:hmt:e4.125r	recto	Escorialensis 509 (Ω.I.12, Allen E4, or West F), folio 125r	urn:cite:hmt:codex.e4
e4	252	urn:cite:hmt:e4.125v	verso	Escorialensis 509 (Ω.I.12, Allen E4, or West F), folio 125v	urn:cite:hmt:codex.e4
e4	253	urn:cite:hmt:e4.126r	recto	Escorialensis 509 (Ω.I.12, Allen E4, or West F), folio 126r	urn:cite:hmt:codex.e4
e4	254	urn:cite:hmt:e4.126v	verso	Escorialensis 509 (Ω.I.12, Allen E4, or West F), folio 126v	urn:cite:hmt:codex.e4
e4	255	urn:cite:hmt:e4.127r	recto	Escorialensis 509 (Ω.I.12, Allen E4, or West F), folio 127r	urn:cite:hmt:codex.e4
e4	256	urn:cite:hmt:e4.127v	verso	Escorialensis 509 (Ω.I.12, Allen E4, or West F), folio 127v	urn:cite:hmt:codex.e4
e4	257	urn:cite:hmt:e4.128r	recto	Escorialensis 509 (Ω.I.12, Allen E4, or West F), folio 128r	urn:cite:hmt:codex.e4
e4	258	urn:cite:hmt:e4.128v	verso	Escorialensis 509 (Ω.I.12, Allen E4, or West F), folio 128v	urn:cite:hmt:codex.e4
e4	259	urn:cite:hmt:e4.129r	recto	Escorialensis 509 (Ω.I.12, Allen E4, or West F), folio 129r	urn:cite:hmt:codex.e4
e4	260	urn:cite:hmt:e4.129v	verso	Escorialensis 509 (Ω.I.12, Allen E4, or West F), folio 129v	urn:cite:hmt:codex.e4
e4	261	urn:cite:hmt:e4.130r	recto	Escorialensis 509 (Ω.I.12, Allen E4, or West F), folio 130r	urn:cite:hmt:codex.e4
e4	262	urn:cite:hmt:e4.130v	verso	Escorialensis 509 (Ω.I.12, Allen E4, or West F), folio 130v	urn:cite:hmt:codex.e4
e4	263	urn:cite:hmt:e4.131r	recto	Escorialensis 509 (Ω.I.12, Allen E4, or West F), folio 131r	urn:cite:hmt:codex.e4
e4	264	urn:cite:hmt:e4.131v	verso	Escorialensis 509 (Ω.I.12, Allen E4, or West F), folio 131v	urn:cite:hmt:codex.e4
e4	265	urn:cite:hmt:e4.132r	recto	Escorialensis 509 (Ω.I.12, Allen E4, or West F), folio 132r	urn:cite:hmt:codex.e4
e4	266	urn:cite:hmt:e4.132v	verso	Escorialensis 509 (Ω.I.12, Allen E4, or West F), folio 132v	urn:cite:hmt:codex.e4
e4	267	urn:cite:hmt:e4.133r	recto	Escorialensis 509 (Ω.I.12, Allen E4, or West F), folio 133r	urn:cite:hmt:codex.e4
e4	268	urn:cite:hmt:e4.133v	verso	Escorialensis 509 (Ω.I.12, Allen E4, or West F), folio 133v	urn:cite:hmt:codex.e4
e4	269	urn:cite:hmt:e4.134r	recto	Escorialensis 509 (Ω.I.12, Allen E4, or West F), folio 134r	urn:cite:hmt:codex.e4
e4	270	urn:cite:hmt:e4.134v	verso	Escorialensis 509 (Ω.I.12, Allen E4, or West F), folio 134v	urn:cite:hmt:codex.e4
e4	271	urn:cite:hmt:e4.135r	recto	Escorialensis 509 (Ω.I.12, Allen E4, or West F), folio 135r	urn:cite:hmt:codex.e4
e4	272	urn:cite:hmt:e4.135v	verso	Escorialensis 509 (Ω.I.12, Allen E4, or West F), folio 135v	urn:cite:hmt:codex.e4
e4	273	urn:cite:hmt:e4.136r	recto	Escorialensis 509 (Ω.I.12, Allen E4, or West F), folio 136r	urn:cite:hmt:codex.e4
e4	274	urn:cite:hmt:e4.136v	verso	Escorialensis 509 (Ω.I.12, Allen E4, or West F), folio 136v	urn:cite:hmt:codex.e4
e4	275	urn:cite:hmt:e4.137r	recto	Escorialensis 509 (Ω.I.12, Allen E4, or West F), folio 137r	urn:cite:hmt:codex.e4
e4	276	urn:cite:hmt:e4.137v	verso	Escorialensis 509 (Ω.I.12, Allen E4, or West F), folio 137v	urn:cite:hmt:codex.e4
e4	277	urn:cite:hmt:e4.138r	recto	Escorialensis 509 (Ω.I.12, Allen E4, or West F), folio 138r	urn:cite:hmt:codex.e4
e4	278	urn:cite:hmt:e4.138v	verso	Escorialensis 509 (Ω.I.12, Allen E4, or West F), folio 138v	urn:cite:hmt:codex.e4
e4	279	urn:cite:hmt:e4.139r	recto	Escorialensis 509 (Ω.I.12, Allen E4, or West F), folio 139r	urn:cite:hmt:codex.e4
e4	280	urn:cite:hmt:e4.139v	verso	Escorialensis 509 (Ω.I.12, Allen E4, or West F), folio 139v	urn:cite:hmt:codex.e4
e4	281	urn:cite:hmt:e4.140r	recto	Escorialensis 509 (Ω.I.12, Allen E4, or West F), folio 140r	urn:cite:hmt:codex.e4
e4	282	urn:cite:hmt:e4.140v	verso	Escorialensis 509 (Ω.I.12, Allen E4, or West F), folio 140v	urn:cite:hmt:codex.e4
e4	283	urn:cite:hmt:e4.141r	recto	Escorialensis 509 (Ω.I.12, Allen E4, or West F), folio 141r	urn:cite:hmt:codex.e4
e4	284	urn:cite:hmt:e4.141v	verso	Escorialensis 509 (Ω.I.12, Allen E4, or West F), folio 141v	urn:cite:hmt:codex.e4
e4	285	urn:cite:hmt:e4.142r	recto	Escorialensis 509 (Ω.I.12, Allen E4, or West F), folio 142r	urn:cite:hmt:codex.e4
e4	286	urn:cite:hmt:e4.142v	verso	Escorialensis 509 (Ω.I.12, Allen E4, or West F), folio 142v	urn:cite:hmt:codex.e4
e4	287	urn:cite:hmt:e4.143bisr	recto	Escorialensis 509 (Ω.I.12, Allen E4, or West F), folio 143bisr	urn:cite:hmt:codex.e4
e4	288	urn:cite:hmt:e4.143bisv	verso	Escorialensis 509 (Ω.I.12, Allen E4, or West F), folio 143bisv	urn:cite:hmt:codex.e4
e4	289	urn:cite:hmt:e4.143r	recto	Escorialensis 509 (Ω.I.12, Allen E4, or West F), folio 143r	urn:cite:hmt:codex.e4
e4	290	urn:cite:hmt:e4.143v	verso	Escorialensis 509 (Ω.I.12, Allen E4, or West F), folio 143v	urn:cite:hmt:codex.e4
e4	291	urn:cite:hmt:e4.144r	recto	Escorialensis 509 (Ω.I.12, Allen E4, or West F), folio 144r	urn:cite:hmt:codex.e4
e4	292	urn:cite:hmt:e4.144v	verso	Escorialensis 509 (Ω.I.12, Allen E4, or West F), folio 144v	urn:cite:hmt:codex.e4
e4	293	urn:cite:hmt:e4.145r	recto	Escorialensis 509 (Ω.I.12, Allen E4, or West F), folio 145r	urn:cite:hmt:codex.e4
e4	294	urn:cite:hmt:e4.145v	verso	Escorialensis 509 (Ω.I.12, Allen E4, or West F), folio 145v	urn:cite:hmt:codex.e4
e4	295	urn:cite:hmt:e4.146r	recto	Escorialensis 509 (Ω.I.12, Allen E4, or West F), folio 146r	urn:cite:hmt:codex.e4
e4	296	urn:cite:hmt:e4.146v	verso	Escorialensis 509 (Ω.I.12, Allen E4, or West F), folio 146v	urn:cite:hmt:codex.e4
e4	297	urn:cite:hmt:e4.147r	recto	Escorialensis 509 (Ω.I.12, Allen E4, or West F), folio 147r	urn:cite:hmt:codex.e4
e4	298	urn:cite:hmt:e4.147v	verso	Escorialensis 509 (Ω.I.12, Allen E4, or West F), folio 147v	urn:cite:hmt:codex.e4
e4	299	urn:cite:hmt:e4.148r	recto	Escorialensis 509 (Ω.I.12, Allen E4, or West F), folio 148r	urn:cite:hmt:codex.e4
e4	300	urn:cite:hmt:e4.148v	verso	Escorialensis 509 (Ω.I.12, Allen E4, or West F), folio 148v	urn:cite:hmt:codex.e4
e4	301	urn:cite:hmt:e4.149r	recto	Escorialensis 509 (Ω.I.12, Allen E4, or West F), folio 149r	urn:cite:hmt:codex.e4
e4	302	urn:cite:hmt:e4.149v	verso	Escorialensis 509 (Ω.I.12, Allen E4, or West F), folio 149v	urn:cite:hmt:codex.e4
e4	303	urn:cite:hmt:e4.150r	recto	Escorialensis 509 (Ω.I.12, Allen E4, or West F), folio 150r	urn:cite:hmt:codex.e4
e4	304	urn:cite:hmt:e4.150v	verso	Escorialensis 509 (Ω.I.12, Allen E4, or West F), folio 150v	urn:cite:hmt:codex.e4
e4	305	urn:cite:hmt:e4.151r	recto	Escorialensis 509 (Ω.I.12, Allen E4, or West F), folio 151r	urn:cite:hmt:codex.e4
e4	306	urn:cite:hmt:e4.151v	verso	Escorialensis 509 (Ω.I.12, Allen E4, or West F), folio 151v	urn:cite:hmt:codex.e4
e4	307	urn:cite:hmt:e4.152r	recto	Escorialensis 509 (Ω.I.12, Allen E4, or West F), folio 152r	urn:cite:hmt:codex.e4
e4	308	urn:cite:hmt:e4.152v	verso	Escorialensis 509 (Ω.I.12, Allen E4, or West F), folio 152v	urn:cite:hmt:codex.e4
e4	309	urn:cite:hmt:e4.153r	recto	Escorialensis 509 (Ω.I.12, Allen E4, or West F), folio 153r	urn:cite:hmt:codex.e4
e4	310	urn:cite:hmt:e4.153v	verso	Escorialensis 509 (Ω.I.12, Allen E4, or West F), folio 153v	urn:cite:hmt:codex.e4
e4	311	urn:cite:hmt:e4.154r	recto	Escorialensis 509 (Ω.I.12, Allen E4, or West F), folio 154r	urn:cite:hmt:codex.e4
e4	312	urn:cite:hmt:e4.154v	verso	Escorialensis 509 (Ω.I.12, Allen E4, or West F), folio 154v	urn:cite:hmt:codex.e4
e4	313	urn:cite:hmt:e4.155r	recto	Escorialensis 509 (Ω.I.12, Allen E4, or West F), folio 155r	urn:cite:hmt:codex.e4
e4	314	urn:cite:hmt:e4.155v	verso	Escorialensis 509 (Ω.I.12, Allen E4, or West F), folio 155v	urn:cite:hmt:codex.e4
e4	315	urn:cite:hmt:e4.156r	recto	Escorialensis 509 (Ω.I.12, Allen E4, or West F), folio 156r	urn:cite:hmt:codex.e4
e4	316	urn:cite:hmt:e4.156v	verso	Escorialensis 509 (Ω.I.12, Allen E4, or West F), folio 156v	urn:cite:hmt:codex.e4
e4	317	urn:cite:hmt:e4.157r	recto	Escorialensis 509 (Ω.I.12, Allen E4, or West F), folio 157r	urn:cite:hmt:codex.e4
e4	318	urn:cite:hmt:e4.157v	verso	Escorialensis 509 (Ω.I.12, Allen E4, or West F), folio 157v	urn:cite:hmt:codex.e4
e4	319	urn:cite:hmt:e4.158r	recto	Escorialensis 509 (Ω.I.12, Allen E4, or West F), folio 158r	urn:cite:hmt:codex.e4
e4	320	urn:cite:hmt:e4.158v	verso	Escorialensis 509 (Ω.I.12, Allen E4, or West F), folio 158v	urn:cite:hmt:codex.e4
e4	321	urn:cite:hmt:e4.159r	recto	Escorialensis 509 (Ω.I.12, Allen E4, or West F), folio 159r	urn:cite:hmt:codex.e4
e4	322	urn:cite:hmt:e4.159v	verso	Escorialensis 509 (Ω.I.12, Allen E4, or West F), folio 159v	urn:cite:hmt:codex.e4
e4	323	urn:cite:hmt:e4.160r	recto	Escorialensis 509 (Ω.I.12, Allen E4, or West F), folio 160r	urn:cite:hmt:codex.e4
e4	324	urn:cite:hmt:e4.160v	verso	Escorialensis 509 (Ω.I.12, Allen E4, or West F), folio 160v	urn:cite:hmt:codex.e4
e4	325	urn:cite:hmt:e4.161r	recto	Escorialensis 509 (Ω.I.12, Allen E4, or West F), folio 161r	urn:cite:hmt:codex.e4
e4	326	urn:cite:hmt:e4.161v	verso	Escorialensis 509 (Ω.I.12, Allen E4, or West F), folio 161v	urn:cite:hmt:codex.e4
e4	327	urn:cite:hmt:e4.162r	recto	Escorialensis 509 (Ω.I.12, Allen E4, or West F), folio 162r	urn:cite:hmt:codex.e4
e4	328	urn:cite:hmt:e4.162v	verso	Escorialensis 509 (Ω.I.12, Allen E4, or West F), folio 162v	urn:cite:hmt:codex.e4
e4	329	urn:cite:hmt:e4.163r	recto	Escorialensis 509 (Ω.I.12, Allen E4, or West F), folio 163r	urn:cite:hmt:codex.e4
e4	330	urn:cite:hmt:e4.163v	verso	Escorialensis 509 (Ω.I.12, Allen E4, or West F), folio 163v	urn:cite:hmt:codex.e4
e4	331	urn:cite:hmt:e4.164r	recto	Escorialensis 509 (Ω.I.12, Allen E4, or West F), folio 164r	urn:cite:hmt:codex.e4
e4	332	urn:cite:hmt:e4.164v	verso	Escorialensis 509 (Ω.I.12, Allen E4, or West F), folio 164v	urn:cite:hmt:codex.e4
e4	333	urn:cite:hmt:e4.165r	recto	Escorialensis 509 (Ω.I.12, Allen E4, or West F), folio 165r	urn:cite:hmt:codex.e4
e4	334	urn:cite:hmt:e4.165v	verso	Escorialensis 509 (Ω.I.12, Allen E4, or West F), folio 165v	urn:cite:hmt:codex.e4
e4	335	urn:cite:hmt:e4.166r	recto	Escorialensis 509 (Ω.I.12, Allen E4, or West F), folio 166r	urn:cite:hmt:codex.e4
e4	336	urn:cite:hmt:e4.166v	verso	Escorialensis 509 (Ω.I.12, Allen E4, or West F), folio 166v	urn:cite:hmt:codex.e4
e4	337	urn:cite:hmt:e4.167r	recto	Escorialensis 509 (Ω.I.12, Allen E4, or West F), folio 167r	urn:cite:hmt:codex.e4
e4	338	urn:cite:hmt:e4.167v	verso	Escorialensis 509 (Ω.I.12, Allen E4, or West F), folio 167v	urn:cite:hmt:codex.e4
e4	339	urn:cite:hmt:e4.168r	recto	Escorialensis 509 (Ω.I.12, Allen E4, or West F), folio 168r	urn:cite:hmt:codex.e4
e4	340	urn:cite:hmt:e4.168v	verso	Escorialensis 509 (Ω.I.12, Allen E4, or West F), folio 168v	urn:cite:hmt:codex.e4
e4	341	urn:cite:hmt:e4.169r	recto	Escorialensis 509 (Ω.I.12, Allen E4, or West F), folio 169r	urn:cite:hmt:codex.e4
e4	342	urn:cite:hmt:e4.169v	verso	Escorialensis 509 (Ω.I.12, Allen E4, or West F), folio 169v	urn:cite:hmt:codex.e4
e4	343	urn:cite:hmt:e4.170r	recto	Escorialensis 509 (Ω.I.12, Allen E4, or West F), folio 170r	urn:cite:hmt:codex.e4
e4	344	urn:cite:hmt:e4.170v	verso	Escorialensis 509 (Ω.I.12, Allen E4, or West F), folio 170v	urn:cite:hmt:codex.e4
e4	345	urn:cite:hmt:e4.171r	recto	Escorialensis 509 (Ω.I.12, Allen E4, or West F), folio 171r	urn:cite:hmt:codex.e4
e4	346	urn:cite:hmt:e4.171v	verso	Escorialensis 509 (Ω.I.12, Allen E4, or West F), folio 171v	urn:cite:hmt:codex.e4
e4	347	urn:cite:hmt:e4.172r	recto	Escorialensis 509 (Ω.I.12, Allen E4, or West F), folio 172r	urn:cite:hmt:codex.e4
e4	348	urn:cite:hmt:e4.172v	verso	Escorialensis 509 (Ω.I.12, Allen E4, or West F), folio 172v	urn:cite:hmt:codex.e4
e4	349	urn:cite:hmt:e4.173r	recto	Escorialensis 509 (Ω.I.12, Allen E4, or West F), folio 173r	urn:cite:hmt:codex.e4
e4	350	urn:cite:hmt:e4.173v	verso	Escorialensis 509 (Ω.I.12, Allen E4, or West F), folio 173v	urn:cite:hmt:codex.e4
e4	351	urn:cite:hmt:e4.174r	recto	Escorialensis 509 (Ω.I.12, Allen E4, or West F), folio 174r	urn:cite:hmt:codex.e4
e4	352	urn:cite:hmt:e4.174v	verso	Escorialensis 509 (Ω.I.12, Allen E4, or West F), folio 174v	urn:cite:hmt:codex.e4
e4	353	urn:cite:hmt:e4.175r	recto	Escorialensis 509 (Ω.I.12, Allen E4, or West F), folio 175r	urn:cite:hmt:codex.e4
e4	354	urn:cite:hmt:e4.175v	verso	Escorialensis 509 (Ω.I.12, Allen E4, or West F), folio 175v	urn:cite:hmt:codex.e4
e4	355	urn:cite:hmt:e4.176r	recto	Escorialensis 509 (Ω.I.12, Allen E4, or West F), folio 176r	urn:cite:hmt:codex.e4
e4	356	urn:cite:hmt:e4.176v	verso	Escorialensis 509 (Ω.I.12, Allen E4, or West F), folio 176v	urn:cite:hmt:codex.e4
e4	357	urn:cite:hmt:e4.177r	recto	Escorialensis 509 (Ω.I.12, Allen E4, or West F), folio 177r	urn:cite:hmt:codex.e4
e4	358	urn:cite:hmt:e4.177v	verso	Escorialensis 509 (Ω.I.12, Allen E4, or West F), folio 177v	urn:cite:hmt:codex.e4
e4	359	urn:cite:hmt:e4.178r	recto	Escorialensis 509 (Ω.I.12, Allen E4, or West F), folio 178r	urn:cite:hmt:codex.e4
e4	360	urn:cite:hmt:e4.178v	verso	Escorialensis 509 (Ω.I.12, Allen E4, or West F), folio 178v	urn:cite:hmt:codex.e4
e4	361	urn:cite:hmt:e4.179r	recto	Escorialensis 509 (Ω.I.12, Allen E4, or West F), folio 179r	urn:cite:hmt:codex.e4
e4	362	urn:cite:hmt:e4.179v	verso	Escorialensis 509 (Ω.I.12, Allen E4, or West F), folio 179v	urn:cite:hmt:codex.e4
e4	363	urn:cite:hmt:e4.180r	recto	Escorialensis 509 (Ω.I.12, Allen E4, or West F), folio 180r	urn:cite:hmt:codex.e4
e4	364	urn:cite:hmt:e4.180v	verso	Escorialensis 509 (Ω.I.12, Allen E4, or West F), folio 180v	urn:cite:hmt:codex.e4
e4	365	urn:cite:hmt:e4.181r	recto	Escorialensis 509 (Ω.I.12, Allen E4, or West F), folio 181r	urn:cite:hmt:codex.e4
e4	366	urn:cite:hmt:e4.181v	verso	Escorialensis 509 (Ω.I.12, Allen E4, or West F), folio 181v	urn:cite:hmt:codex.e4
e4	367	urn:cite:hmt:e4.182r	recto	Escorialensis 509 (Ω.I.12, Allen E4, or West F), folio 182r	urn:cite:hmt:codex.e4
e4	368	urn:cite:hmt:e4.182v	verso	Escorialensis 509 (Ω.I.12, Allen E4, or West F), folio 182v	urn:cite:hmt:codex.e4
e4	369	urn:cite:hmt:e4.183r	recto	Escorialensis 509 (Ω.I.12, Allen E4, or West F), folio 183r	urn:cite:hmt:codex.e4
e4	370	urn:cite:hmt:e4.183v	verso	Escorialensis 509 (Ω.I.12, Allen E4, or West F), folio 183v	urn:cite:hmt:codex.e4
e4	371	urn:cite:hmt:e4.184r	recto	Escorialensis 509 (Ω.I.12, Allen E4, or West F), folio 184r	urn:cite:hmt:codex.e4
e4	372	urn:cite:hmt:e4.184v	verso	Escorialensis 509 (Ω.I.12, Allen E4, or West F), folio 184v	urn:cite:hmt:codex.e4
e4	373	urn:cite:hmt:e4.185r	recto	Escorialensis 509 (Ω.I.12, Allen E4, or West F), folio 185r	urn:cite:hmt:codex.e4
e4	374	urn:cite:hmt:e4.185v	verso	Escorialensis 509 (Ω.I.12, Allen E4, or West F), folio 185v	urn:cite:hmt:codex.e4
e4	375	urn:cite:hmt:e4.186r	recto	Escorialensis 509 (Ω.I.12, Allen E4, or West F), folio 186r	urn:cite:hmt:codex.e4
e4	376	urn:cite:hmt:e4.186v	verso	Escorialensis 509 (Ω.I.12, Allen E4, or West F), folio 186v	urn:cite:hmt:codex.e4
e4	377	urn:cite:hmt:e4.187r	recto	Escorialensis 509 (Ω.I.12, Allen E4, or West F), folio 187r	urn:cite:hmt:codex.e4
e4	378	urn:cite:hmt:e4.187v	verso	Escorialensis 509 (Ω.I.12, Allen E4, or West F), folio 187v	urn:cite:hmt:codex.e4
e4	379	urn:cite:hmt:e4.188r	recto	Escorialensis 509 (Ω.I.12, Allen E4, or West F), folio 188r	urn:cite:hmt:codex.e4
e4	380	urn:cite:hmt:e4.188v	verso	Escorialensis 509 (Ω.I.12, Allen E4, or West F), folio 188v	urn:cite:hmt:codex.e4
e4	381	urn:cite:hmt:e4.189r	recto	Escorialensis 509 (Ω.I.12, Allen E4, or West F), folio 189r	urn:cite:hmt:codex.e4
e4	382	urn:cite:hmt:e4.189v	verso	Escorialensis 509 (Ω.I.12, Allen E4, or West F), folio 189v	urn:cite:hmt:codex.e4
e4	383	urn:cite:hmt:e4.190bisr	recto	Escorialensis 509 (Ω.I.12, Allen E4, or West F), folio 190bisr	urn:cite:hmt:codex.e4
e4	384	urn:cite:hmt:e4.190bisv	verso	Escorialensis 509 (Ω.I.12, Allen E4, or West F), folio 190bisv	urn:cite:hmt:codex.e4
e4	385	urn:cite:hmt:e4.190r	recto	Escorialensis 509 (Ω.I.12, Allen E4, or West F), folio 190r	urn:cite:hmt:codex.e4
e4	386	urn:cite:hmt:e4.190v	verso	Escorialensis 509 (Ω.I.12, Allen E4, or West F), folio 190v	urn:cite:hmt:codex.e4
e4	387	urn:cite:hmt:e4.191r	recto	Escorialensis 509 (Ω.I.12, Allen E4, or West F), folio 191r	urn:cite:hmt:codex.e4
e4	388	urn:cite:hmt:e4.191v	verso	Escorialensis 509 (Ω.I.12, Allen E4, or West F), folio 191v	urn:cite:hmt:codex.e4
e4	389	urn:cite:hmt:e4.192r	recto	Escorialensis 509 (Ω.I.12, Allen E4, or West F), folio 192r	urn:cite:hmt:codex.e4
e4	390	urn:cite:hmt:e4.192v	verso	Escorialensis 509 (Ω.I.12, Allen E4, or West F), folio 192v	urn:cite:hmt:codex.e4
e4	391	urn:cite:hmt:e4.193r	recto	Escorialensis 509 (Ω.I.12, Allen E4, or West F), folio 193r	urn:cite:hmt:codex.e4
e4	392	urn:cite:hmt:e4.193v	verso	Escorialensis 509 (Ω.I.12, Allen E4, or West F), folio 193v	urn:cite:hmt:codex.e4
e4	393	urn:cite:hmt:e4.194r	recto	Escorialensis 509 (Ω.I.12, Allen E4, or West F), folio 194r	urn:cite:hmt:codex.e4
e4	394	urn:cite:hmt:e4.194v	verso	Escorialensis 509 (Ω.I.12, Allen E4, or West F), folio 194v	urn:cite:hmt:codex.e4
e4	395	urn:cite:hmt:e4.195r	recto	Escorialensis 509 (Ω.I.12, Allen E4, or West F), folio 195r	urn:cite:hmt:codex.e4
e4	396	urn:cite:hmt:e4.195v	verso	Escorialensis 509 (Ω.I.12, Allen E4, or West F), folio 195v	urn:cite:hmt:codex.e4
e4	397	urn:cite:hmt:e4.196r	recto	Escorialensis 509 (Ω.I.12, Allen E4, or West F), folio 196r	urn:cite:hmt:codex.e4
e4	398	urn:cite:hmt:e4.196v	verso	Escorialensis 509 (Ω.I.12, Allen E4, or West F), folio 196v	urn:cite:hmt:codex.e4
e4	399	urn:cite:hmt:e4.197r	recto	Escorialensis 509 (Ω.I.12, Allen E4, or West F), folio 197r	urn:cite:hmt:codex.e4
e4	400	urn:cite:hmt:e4.197v	verso	Escorialensis 509 (Ω.I.12, Allen E4, or West F), folio 197v	urn:cite:hmt:codex.e4
e4	401	urn:cite:hmt:e4.198r	recto	Escorialensis 509 (Ω.I.12, Allen E4, or West F), folio 198r	urn:cite:hmt:codex.e4
e4	402	urn:cite:hmt:e4.198v	verso	Escorialensis 509 (Ω.I.12, Allen E4, or West F), folio 198v	urn:cite:hmt:codex.e4
e4	403	urn:cite:hmt:e4.199r	recto	Escorialensis 509 (Ω.I.12, Allen E4, or West F), folio 199r	urn:cite:hmt:codex.e4
e4	404	urn:cite:hmt:e4.199v	verso	Escorialensis 509 (Ω.I.12, Allen E4, or West F), folio 199v	urn:cite:hmt:codex.e4
e4	405	urn:cite:hmt:e4.200r	recto	Escorialensis 509 (Ω.I.12, Allen E4, or West F), folio 200r	urn:cite:hmt:codex.e4
e4	406	urn:cite:hmt:e4.200v	verso	Escorialensis 509 (Ω.I.12, Allen E4, or West F), folio 200v	urn:cite:hmt:codex.e4
e4	407	urn:cite:hmt:e4.201r	recto	Escorialensis 509 (Ω.I.12, Allen E4, or West F), folio 201r	urn:cite:hmt:codex.e4
e4	408	urn:cite:hmt:e4.201v	verso	Escorialensis 509 (Ω.I.12, Allen E4, or West F), folio 201v	urn:cite:hmt:codex.e4
e4	409	urn:cite:hmt:e4.202r	recto	Escorialensis 509 (Ω.I.12, Allen E4, or West F), folio 202r	urn:cite:hmt:codex.e4
e4	410	urn:cite:hmt:e4.202v	verso	Escorialensis 509 (Ω.I.12, Allen E4, or West F), folio 202v	urn:cite:hmt:codex.e4
e4	411	urn:cite:hmt:e4.203r	recto	Escorialensis 509 (Ω.I.12, Allen E4, or West F), folio 203r	urn:cite:hmt:codex.e4
e4	412	urn:cite:hmt:e4.203v	verso	Escorialensis 509 (Ω.I.12, Allen E4, or West F), folio 203v	urn:cite:hmt:codex.e4
e4	413	urn:cite:hmt:e4.204r	recto	Escorialensis 509 (Ω.I.12, Allen E4, or West F), folio 204r	urn:cite:hmt:codex.e4
e4	414	urn:cite:hmt:e4.204v	verso	Escorialensis 509 (Ω.I.12, Allen E4, or West F), folio 204v	urn:cite:hmt:codex.e4
e4	415	urn:cite:hmt:e4.205r	recto	Escorialensis 509 (Ω.I.12, Allen E4, or West F), folio 205r	urn:cite:hmt:codex.e4
e4	416	urn:cite:hmt:e4.205v	verso	Escorialensis 509 (Ω.I.12, Allen E4, or West F), folio 205v	urn:cite:hmt:codex.e4
e4	417	urn:cite:hmt:e4.206r	recto	Escorialensis 509 (Ω.I.12, Allen E4, or West F), folio 206r	urn:cite:hmt:codex.e4
e4	418	urn:cite:hmt:e4.206v	verso	Escorialensis 509 (Ω.I.12, Allen E4, or West F), folio 206v	urn:cite:hmt:codex.e4
e4	419	urn:cite:hmt:e4.207r	recto	Escorialensis 509 (Ω.I.12, Allen E4, or West F), folio 207r	urn:cite:hmt:codex.e4
e4	420	urn:cite:hmt:e4.207v	verso	Escorialensis 509 (Ω.I.12, Allen E4, or West F), folio 207v	urn:cite:hmt:codex.e4
e4	421	urn:cite:hmt:e4.208r	recto	Escorialensis 509 (Ω.I.12, Allen E4, or West F), folio 208r	urn:cite:hmt:codex.e4
e4	422	urn:cite:hmt:e4.208v	verso	Escorialensis 509 (Ω.I.12, Allen E4, or West F), folio 208v	urn:cite:hmt:codex.e4
e4	423	urn:cite:hmt:e4.209r	recto	Escorialensis 509 (Ω.I.12, Allen E4, or West F), folio 209r	urn:cite:hmt:codex.e4
e4	424	urn:cite:hmt:e4.209v	verso	Escorialensis 509 (Ω.I.12, Allen E4, or West F), folio 209v	urn:cite:hmt:codex.e4
e4	425	urn:cite:hmt:e4.210r	recto	Escorialensis 509 (Ω.I.12, Allen E4, or West F), folio 210r	urn:cite:hmt:codex.e4
e4	426	urn:cite:hmt:e4.210v	verso	Escorialensis 509 (Ω.I.12, Allen E4, or West F), folio 210v	urn:cite:hmt:codex.e4
e4	427	urn:cite:hmt:e4.211r	recto	Escorialensis 509 (Ω.I.12, Allen E4, or West F), folio 211r	urn:cite:hmt:codex.e4
e4	428	urn:cite:hmt:e4.211v	verso	Escorialensis 509 (Ω.I.12, Allen E4, or West F), folio 211v	urn:cite:hmt:codex.e4
e4	429	urn:cite:hmt:e4.212r	recto	Escorialensis 509 (Ω.I.12, Allen E4, or West F), folio 212r	urn:cite:hmt:codex.e4
e4	430	urn:cite:hmt:e4.212v	verso	Escorialensis 509 (Ω.I.12, Allen E4, or West F), folio 212v	urn:cite:hmt:codex.e4
e4	431	urn:cite:hmt:e4.213r	recto	Escorialensis 509 (Ω.I.12, Allen E4, or West F), folio 213r	urn:cite:hmt:codex.e4
e4	432	urn:cite:hmt:e4.213v	verso	Escorialensis 509 (Ω.I.12, Allen E4, or West F), folio 213v	urn:cite:hmt:codex.e4
e4	433	urn:cite:hmt:e4.214r	recto	Escorialensis 509 (Ω.I.12, Allen E4, or West F), folio 214r	urn:cite:hmt:codex.e4
e4	434	urn:cite:hmt:e4.214v	verso	Escorialensis 509 (Ω.I.12, Allen E4, or West F), folio 214v	urn:cite:hmt:codex.e4
e4	435	urn:cite:hmt:e4.215r	recto	Escorialensis 509 (Ω.I.12, Allen E4, or West F), folio 215r	urn:cite:hmt:codex.e4
e4	436	urn:cite:hmt:e4.215v	verso	Escorialensis 509 (Ω.I.12, Allen E4, or West F), folio 215v	urn:cite:hmt:codex.e4
e4	437	urn:cite:hmt:e4.216r	recto	Escorialensis 509 (Ω.I.12, Allen E4, or West F), folio 216r	urn:cite:hmt:codex.e4
