Siglum	Sequence	URN	RV	Label	CodexURN
msA	1	urn:cite:hmt:msA.1r	recto	Marcianus Graecus Z. 454 (= 822) (Venetus A), folio 1r	urn:cite:hmt:codex.msA
msA	2	urn:cite:hmt:msA.1v	verso	Marcianus Graecus Z. 454 (= 822) (Venetus A), folio 1v	urn:cite:hmt:codex.msA
msA	3	urn:cite:hmt:msA.2r	recto	Marcianus Graecus Z. 454 (= 822) (Venetus A), folio 2r	urn:cite:hmt:codex.msA
msA	4	urn:cite:hmt:msA.2v	verso	Marcianus Graecus Z. 454 (= 822) (Venetus A), folio 2v	urn:cite:hmt:codex.msA
msA	5	urn:cite:hmt:msA.3r	recto	Marcianus Graecus Z. 454 (= 822) (Venetus A), folio 3r	urn:cite:hmt:codex.msA
msA	6	urn:cite:hmt:msA.3v	verso	Marcianus Graecus Z. 454 (= 822) (Venetus A), folio 3v	urn:cite:hmt:codex.msA
msA	7	urn:cite:hmt:msA.4r	recto	Marcianus Graecus Z. 454 (= 822) (Venetus A), folio 4r	urn:cite:hmt:codex.msA
msA	8	urn:cite:hmt:msA.4v	verso	Marcianus Graecus Z. 454 (= 822) (Venetus A), folio 4v	urn:cite:hmt:codex.msA
msA	9	urn:cite:hmt:msA.5r	recto	Marcianus Graecus Z. 454 (= 822) (Venetus A), folio 5r	urn:cite:hmt:codex.msA
msA	10	urn:cite:hmt:msA.5v	verso	Marcianus Graecus Z. 454 (= 822) (Venetus A), folio 5v	urn:cite:hmt:codex.msA
msA	11	urn:cite:hmt:msA.6r	recto	Marcianus Graecus Z. 454 (= 822) (Venetus A), folio 6r	urn:cite:hmt:codex.msA
msA	12	urn:cite:hmt:msA.6v	verso	Marcianus Graecus Z. 454 (= 822) (Venetus A), folio 6v	urn:cite:hmt:codex.msA
msA	13	urn:cite:hmt:msA.7r	recto	Marcianus Graecus Z. 454 (= 822) (Venetus A), folio 7r	urn:cite:hmt:codex.msA
msA	14	urn:cite:hmt:msA.7v	verso	Marcianus Graecus Z. 454 (= 822) (Venetus A), folio 7v	urn:cite:hmt:codex.msA
msA	15	urn:cite:hmt:msA.8r	recto	Marcianus Graecus Z. 454 (= 822) (Venetus A), folio 8r	urn:cite:hmt:codex.msA
msA	16	urn:cite:hmt:msA.8v	verso	Marcianus Graecus Z. 454 (= 822) (Venetus A), folio 8v	urn:cite:hmt:codex.msA
msA	17	urn:cite:hmt:msA.9r	recto	Marcianus Graecus Z. 454 (= 822) (Venetus A), folio 9r	urn:cite:hmt:codex.msA
msA	18	urn:cite:hmt:msA.9v	verso	Marcianus Graecus Z. 454 (= 822) (Venetus A), folio 9v	urn:cite:hmt:codex.msA
msA	19	urn:cite:hmt:msA.10r	recto	Marcianus Graecus Z. 454 (= 822) (Venetus A), folio 10r	urn:cite:hmt:codex.msA
msA	20	urn:cite:hmt:msA.10v	verso	Marcianus Graecus Z. 454 (= 822) (Venetus A), folio 10v	urn:cite:hmt:codex.msA
msA	21	urn:cite:hmt:msA.11r	recto	Marcianus Graecus Z. 454 (= 822) (Venetus A), folio 11r	urn:cite:hmt:codex.msA
msA	22	urn:cite:hmt:msA.11v	verso	Marcianus Graecus Z. 454 (= 822) (Venetus A), folio 11v	urn:cite:hmt:codex.msA
msA	23	urn:cite:hmt:msA.12r	recto	Marcianus Graecus Z. 454 (= 822) (Venetus A), folio 12r	urn:cite:hmt:codex.msA
msA	24	urn:cite:hmt:msA.12v	verso	Marcianus Graecus Z. 454 (= 822) (Venetus A), folio 12v	urn:cite:hmt:codex.msA
msA	25	urn:cite:hmt:msA.13r	recto	Marcianus Graecus Z. 454 (= 822) (Venetus A), folio 13r	urn:cite:hmt:codex.msA
msA	26	urn:cite:hmt:msA.13v	verso	Marcianus Graecus Z. 454 (= 822) (Venetus A), folio 13v	urn:cite:hmt:codex.msA
msA	27	urn:cite:hmt:msA.14r	recto	Marcianus Graecus Z. 454 (= 822) (Venetus A), folio 14r	urn:cite:hmt:codex.msA
msA	28	urn:cite:hmt:msA.14v	verso	Marcianus Graecus Z. 454 (= 822) (Venetus A), folio 14v	urn:cite:hmt:codex.msA
msA	29	urn:cite:hmt:msA.15r	recto	Marcianus Graecus Z. 454 (= 822) (Venetus A), folio 15r	urn:cite:hmt:codex.msA
msA	30	urn:cite:hmt:msA.15v	verso	Marcianus Graecus Z. 454 (= 822) (Venetus A), folio 15v	urn:cite:hmt:codex.msA
msA	31	urn:cite:hmt:msA.16r	recto	Marcianus Graecus Z. 454 (= 822) (Venetus A), folio 16r	urn:cite:hmt:codex.msA
msA	32	urn:cite:hmt:msA.16v	verso	Marcianus Graecus Z. 454 (= 822) (Venetus A), folio 16v	urn:cite:hmt:codex.msA
msA	33	urn:cite:hmt:msA.17r	recto	Marcianus Graecus Z. 454 (= 822) (Venetus A), folio 17r	urn:cite:hmt:codex.msA
msA	34	urn:cite:hmt:msA.17v	verso	Marcianus Graecus Z. 454 (= 822) (Venetus A), folio 17v	urn:cite:hmt:codex.msA
msA	35	urn:cite:hmt:msA.18r	recto	Marcianus Graecus Z. 454 (= 822) (Venetus A), folio 18r	urn:cite:hmt:codex.msA
msA	36	urn:cite:hmt:msA.18v	verso	Marcianus Graecus Z. 454 (= 822) (Venetus A), folio 18v	urn:cite:hmt:codex.msA
msA	37	urn:cite:hmt:msA.19r	recto	Marcianus Graecus Z. 454 (= 822) (Venetus A), folio 19r	urn:cite:hmt:codex.msA
msA	38	urn:cite:hmt:msA.19v	verso	Marcianus Graecus Z. 454 (= 822) (Venetus A), folio 19v	urn:cite:hmt:codex.msA
msA	39	urn:cite:hmt:msA.20r	recto	Marcianus Graecus Z. 454 (= 822) (Venetus A), folio 20r	urn:cite:hmt:codex.msA
msA	40	urn:cite:hmt:msA.20v	verso	Marcianus Graecus Z. 454 (= 822) (Venetus A), folio 20v	urn:cite:hmt:codex.msA
msA	41	urn:cite:hmt:msA.21r	recto	Marcianus Graecus Z. 454 (= 822) (Venetus A), folio 21r	urn:cite:hmt:codex.msA
msA	42	urn:cite:hmt:msA.21v	verso	Marcianus Graecus Z. 454 (= 822) (Venetus A), folio 21v	urn:cite:hmt:codex.msA
msA	43	urn:cite:hmt:msA.22r	recto	Marcianus Graecus Z. 454 (= 822) (Venetus A), folio 22r	urn:cite:hmt:codex.msA
msA	44	urn:cite:hmt:msA.22v	verso	Marcianus Graecus Z. 454 (= 822) (Venetus A), folio 22v	urn:cite:hmt:codex.msA
msA	45	urn:cite:hmt:msA.23r	recto	Marcianus Graecus Z. 454 (= 822) (Venetus A), folio 23r	urn:cite:hmt:codex.msA
msA	46	urn:cite:hmt:msA.23v	verso	Marcianus Graecus Z. 454 (= 822) (Venetus A), folio 23v	urn:cite:hmt:codex.msA
msA	47	urn:cite:hmt:msA.24r	recto	Marcianus Graecus Z. 454 (= 822) (Venetus A), folio 24r	urn:cite:hmt:codex.msA
msA	48	urn:cite:hmt:msA.24v	verso	Marcianus Graecus Z. 454 (= 822) (Venetus A), folio 24v	urn:cite:hmt:codex.msA
msA	49	urn:cite:hmt:msA.25r	recto	Marcianus Graecus Z. 454 (= 822) (Venetus A), folio 25r	urn:cite:hmt:codex.msA
msA	50	urn:cite:hmt:msA.25v	verso	Marcianus Graecus Z. 454 (= 822) (Venetus A), folio 25v	urn:cite:hmt:codex.msA
msA	51	urn:cite:hmt:msA.26r	recto	Marcianus Graecus Z. 454 (= 822) (Venetus A), folio 26r	urn:cite:hmt:codex.msA
msA	52	urn:cite:hmt:msA.26v	verso	Marcianus Graecus Z. 454 (= 822) (Venetus A), folio 26v	urn:cite:hmt:codex.msA
msA	53	urn:cite:hmt:msA.27r	recto	Marcianus Graecus Z. 454 (= 822) (Venetus A), folio 27r	urn:cite:hmt:codex.msA
msA	54	urn:cite:hmt:msA.27v	verso	Marcianus Graecus Z. 454 (= 822) (Venetus A), folio 27v	urn:cite:hmt:codex.msA
msA	55	urn:cite:hmt:msA.28r	recto	Marcianus Graecus Z. 454 (= 822) (Venetus A), folio 28r	urn:cite:hmt:codex.msA
msA	56	urn:cite:hmt:msA.28v	verso	Marcianus Graecus Z. 454 (= 822) (Venetus A), folio 28v	urn:cite:hmt:codex.msA
msA	57	urn:cite:hmt:msA.29r	recto	Marcianus Graecus Z. 454 (= 822) (Venetus A), folio 29r	urn:cite:hmt:codex.msA
msA	58	urn:cite:hmt:msA.29v	verso	Marcianus Graecus Z. 454 (= 822) (Venetus A), folio 29v	urn:cite:hmt:codex.msA
msA	59	urn:cite:hmt:msA.30r	recto	Marcianus Graecus Z. 454 (= 822) (Venetus A), folio 30r	urn:cite:hmt:codex.msA
msA	60	urn:cite:hmt:msA.30v	verso	Marcianus Graecus Z. 454 (= 822) (Venetus A), folio 30v	urn:cite:hmt:codex.msA
msA	61	urn:cite:hmt:msA.31r	recto	Marcianus Graecus Z. 454 (= 822) (Venetus A), folio 31r	urn:cite:hmt:codex.msA
msA	62	urn:cite:hmt:msA.31v	verso	Marcianus Graecus Z. 454 (= 822) (Venetus A), folio 31v	urn:cite:hmt:codex.msA
msA	63	urn:cite:hmt:msA.32r	recto	Marcianus Graecus Z. 454 (= 822) (Venetus A), folio 32r	urn:cite:hmt:codex.msA
msA	64	urn:cite:hmt:msA.32v	verso	Marcianus Graecus Z. 454 (= 822) (Venetus A), folio 32v	urn:cite:hmt:codex.msA
msA	65	urn:cite:hmt:msA.33r	recto	Marcianus Graecus Z. 454 (= 822) (Venetus A), folio 33r	urn:cite:hmt:codex.msA
msA	66	urn:cite:hmt:msA.33v	verso	Marcianus Graecus Z. 454 (= 822) (Venetus A), folio 33v	urn:cite:hmt:codex.msA
msA	67	urn:cite:hmt:msA.34r	recto	Marcianus Graecus Z. 454 (= 822) (Venetus A), folio 34r	urn:cite:hmt:codex.msA
msA	68	urn:cite:hmt:msA.34v	verso	Marcianus Graecus Z. 454 (= 822) (Venetus A), folio 34v	urn:cite:hmt:codex.msA
msA	69	urn:cite:hmt:msA.35r	recto	Marcianus Graecus Z. 454 (= 822) (Venetus A), folio 35r	urn:cite:hmt:codex.msA
msA	70	urn:cite:hmt:msA.35v	verso	Marcianus Graecus Z. 454 (= 822) (Venetus A), folio 35v	urn:cite:hmt:codex.msA
msA	71	urn:cite:hmt:msA.36r	recto	Marcianus Graecus Z. 454 (= 822) (Venetus A), folio 36r	urn:cite:hmt:codex.msA
msA	72	urn:cite:hmt:msA.36v	verso	Marcianus Graecus Z. 454 (= 822) (Venetus A), folio 36v	urn:cite:hmt:codex.msA
msA	73	urn:cite:hmt:msA.37r	recto	Marcianus Graecus Z. 454 (= 822) (Venetus A), folio 37r	urn:cite:hmt:codex.msA
msA	74	urn:cite:hmt:msA.37v	verso	Marcianus Graecus Z. 454 (= 822) (Venetus A), folio 37v	urn:cite:hmt:codex.msA
msA	75	urn:cite:hmt:msA.38r	recto	Marcianus Graecus Z. 454 (= 822) (Venetus A), folio 38r	urn:cite:hmt:codex.msA
msA	76	urn:cite:hmt:msA.38v	verso	Marcianus Graecus Z. 454 (= 822) (Venetus A), folio 38v	urn:cite:hmt:codex.msA
msA	77	urn:cite:hmt:msA.39r	recto	Marcianus Graecus Z. 454 (= 822) (Venetus A), folio 39r	urn:cite:hmt:codex.msA
msA	78	urn:cite:hmt:msA.39v	verso	Marcianus Graecus Z. 454 (= 822) (Venetus A), folio 39v	urn:cite:hmt:codex.msA
msA	79	urn:cite:hmt:msA.40r	recto	Marcianus Graecus Z. 454 (= 822) (Venetus A), folio 40r	urn:cite:hmt:codex.msA
msA	80	urn:cite:hmt:msA.40v	verso	Marcianus Graecus Z. 454 (= 822) (Venetus A), folio 40v	urn:cite:hmt:codex.msA
msA	81	urn:cite:hmt:msA.41r	recto	Marcianus Graecus Z. 454 (= 822) (Venetus A), folio 41r	urn:cite:hmt:codex.msA
msA	82	urn:cite:hmt:msA.41v	verso	Marcianus Graecus Z. 454 (= 822) (Venetus A), folio 41v	urn:cite:hmt:codex.msA
msA	83	urn:cite:hmt:msA.42r	recto	Marcianus Graecus Z. 454 (= 822) (Venetus A), folio 42r	urn:cite:hmt:codex.msA
msA	84	urn:cite:hmt:msA.42v	verso	Marcianus Graecus Z. 454 (= 822) (Venetus A), folio 42v	urn:cite:hmt:codex.msA
msA	85	urn:cite:hmt:msA.43r	recto	Marcianus Graecus Z. 454 (= 822) (Venetus A), folio 43r	urn:cite:hmt:codex.msA
msA	86	urn:cite:hmt:msA.43v	verso	Marcianus Graecus Z. 454 (= 822) (Venetus A), folio 43v	urn:cite:hmt:codex.msA
msA	87	urn:cite:hmt:msA.44r	recto	Marcianus Graecus Z. 454 (= 822) (Venetus A), folio 44r	urn:cite:hmt:codex.msA
msA	88	urn:cite:hmt:msA.44v	verso	Marcianus Graecus Z. 454 (= 822) (Venetus A), folio 44v	urn:cite:hmt:codex.msA
msA	89	urn:cite:hmt:msA.45r	recto	Marcianus Graecus Z. 454 (= 822) (Venetus A), folio 45r	urn:cite:hmt:codex.msA
msA	90	urn:cite:hmt:msA.45v	verso	Marcianus Graecus Z. 454 (= 822) (Venetus A), folio 45v	urn:cite:hmt:codex.msA
msA	91	urn:cite:hmt:msA.46r	recto	Marcianus Graecus Z. 454 (= 822) (Venetus A), folio 46r	urn:cite:hmt:codex.msA
msA	92	urn:cite:hmt:msA.46v	verso	Marcianus Graecus Z. 454 (= 822) (Venetus A), folio 46v	urn:cite:hmt:codex.msA
msA	93	urn:cite:hmt:msA.47r	recto	Marcianus Graecus Z. 454 (= 822) (Venetus A), folio 47r	urn:cite:hmt:codex.msA
msA	94	urn:cite:hmt:msA.47v	verso	Marcianus Graecus Z. 454 (= 822) (Venetus A), folio 47v	urn:cite:hmt:codex.msA
msA	95	urn:cite:hmt:msA.48r	recto	Marcianus Graecus Z. 454 (= 822) (Venetus A), folio 48r	urn:cite:hmt:codex.msA
msA	96	urn:cite:hmt:msA.48v	verso	Marcianus Graecus Z. 454 (= 822) (Venetus A), folio 48v	urn:cite:hmt:codex.msA
msA	97	urn:cite:hmt:msA.49r	recto	Marcianus Graecus Z. 454 (= 822) (Venetus A), folio 49r	urn:cite:hmt:codex.msA
msA	98	urn:cite:hmt:msA.49v	verso	Marcianus Graecus Z. 454 (= 822) (Venetus A), folio 49v	urn:cite:hmt:codex.msA
msA	99	urn:cite:hmt:msA.50r	recto	Marcianus Graecus Z. 454 (= 822) (Venetus A), folio 50r	urn:cite:hmt:codex.msA
msA	100	urn:cite:hmt:msA.50v	verso	Marcianus Graecus Z. 454 (= 822) (Venetus A), folio 50v	urn:cite:hmt:codex.msA
msA	101	urn:cite:hmt:msA.51r	recto	Marcianus Graecus Z. 454 (= 822) (Venetus A), folio 51r	urn:cite:hmt:codex.msA
msA	102	urn:cite:hmt:msA.51v	verso	Marcianus Graecus Z. 454 (= 822) (Venetus A), folio 51v	urn:cite:hmt:codex.msA
msA	103	urn:cite:hmt:msA.52r	recto	Marcianus Graecus Z. 454 (= 822) (Venetus A), folio 52r	urn:cite:hmt:codex.msA
msA	104	urn:cite:hmt:msA.52v	verso	Marcianus Graecus Z. 454 (= 822) (Venetus A), folio 52v	urn:cite:hmt:codex.msA
msA	105	urn:cite:hmt:msA.53r	recto	Marcianus Graecus Z. 454 (= 822) (Venetus A), folio 53r	urn:cite:hmt:codex.msA
msA	106	urn:cite:hmt:msA.53v	verso	Marcianus Graecus Z. 454 (= 822) (Venetus A), folio 53v	urn:cite:hmt:codex.msA
msA	107	urn:cite:hmt:msA.54r	recto	Marcianus Graecus Z. 454 (= 822) (Venetus A), folio 54r	urn:cite:hmt:codex.msA
msA	108	urn:cite:hmt:msA.54v	verso	Marcianus Graecus Z. 454 (= 822) (Venetus A), folio 54v	urn:cite:hmt:codex.msA
msA	109	urn:cite:hmt:msA.55r	recto	Marcianus Graecus Z. 454 (= 822) (Venetus A), folio 55r	urn:cite:hmt:codex.msA
msA	110	urn:cite:hmt:msA.55v	verso	Marcianus Graecus Z. 454 (= 822) (Venetus A), folio 55v	urn:cite:hmt:codex.msA
msA	111	urn:cite:hmt:msA.56r	recto	Marcianus Graecus Z. 454 (= 822) (Venetus A), folio 56r	urn:cite:hmt:codex.msA
msA	112	urn:cite:hmt:msA.56v	verso	Marcianus Graecus Z. 454 (= 822) (Venetus A), folio 56v	urn:cite:hmt:codex.msA
msA	113	urn:cite:hmt:msA.57r	recto	Marcianus Graecus Z. 454 (= 822) (Venetus A), folio 57r	urn:cite:hmt:codex.msA
msA	114	urn:cite:hmt:msA.57v	verso	Marcianus Graecus Z. 454 (= 822) (Venetus A), folio 57v	urn:cite:hmt:codex.msA
msA	115	urn:cite:hmt:msA.58r	recto	Marcianus Graecus Z. 454 (= 822) (Venetus A), folio 58r	urn:cite:hmt:codex.msA
msA	116	urn:cite:hmt:msA.58v	verso	Marcianus Graecus Z. 454 (= 822) (Venetus A), folio 58v	urn:cite:hmt:codex.msA
msA	117	urn:cite:hmt:msA.59r	recto	Marcianus Graecus Z. 454 (= 822) (Venetus A), folio 59r	urn:cite:hmt:codex.msA
msA	118	urn:cite:hmt:msA.59v	verso	Marcianus Graecus Z. 454 (= 822) (Venetus A), folio 59v	urn:cite:hmt:codex.msA
msA	119	urn:cite:hmt:msA.60r	recto	Marcianus Graecus Z. 454 (= 822) (Venetus A), folio 60r	urn:cite:hmt:codex.msA
msA	120	urn:cite:hmt:msA.60v	verso	Marcianus Graecus Z. 454 (= 822) (Venetus A), folio 60v	urn:cite:hmt:codex.msA
msA	121	urn:cite:hmt:msA.61r	recto	Marcianus Graecus Z. 454 (= 822) (Venetus A), folio 61r	urn:cite:hmt:codex.msA
msA	122	urn:cite:hmt:msA.61v	verso	Marcianus Graecus Z. 454 (= 822) (Venetus A), folio 61v	urn:cite:hmt:codex.msA
msA	123	urn:cite:hmt:msA.62r	recto	Marcianus Graecus Z. 454 (= 822) (Venetus A), folio 62r	urn:cite:hmt:codex.msA
msA	124	urn:cite:hmt:msA.62v	verso	Marcianus Graecus Z. 454 (= 822) (Venetus A), folio 62v	urn:cite:hmt:codex.msA
msA	125	urn:cite:hmt:msA.63r	recto	Marcianus Graecus Z. 454 (= 822) (Venetus A), folio 63r	urn:cite:hmt:codex.msA
msA	126	urn:cite:hmt:msA.63v	verso	Marcianus Graecus Z. 454 (= 822) (Venetus A), folio 63v	urn:cite:hmt:codex.msA
msA	127	urn:cite:hmt:msA.64r	recto	Marcianus Graecus Z. 454 (= 822) (Venetus A), folio 64r	urn:cite:hmt:codex.msA
msA	128	urn:cite:hmt:msA.64v	verso	Marcianus Graecus Z. 454 (= 822) (Venetus A), folio 64v	urn:cite:hmt:codex.msA
msA	129	urn:cite:hmt:msA.65r	recto	Marcianus Graecus Z. 454 (= 822) (Venetus A), folio 65r	urn:cite:hmt:codex.msA
msA	130	urn:cite:hmt:msA.65v	verso	Marcianus Graecus Z. 454 (= 822) (Venetus A), folio 65v	urn:cite:hmt:codex.msA
msA	131	urn:cite:hmt:msA.66r	recto	Marcianus Graecus Z. 454 (= 822) (Venetus A), folio 66r	urn:cite:hmt:codex.msA
msA	132	urn:cite:hmt:msA.66v	verso	Marcianus Graecus Z. 454 (= 822) (Venetus A), folio 66v	urn:cite:hmt:codex.msA
msA	133	urn:cite:hmt:msA.67r	recto	Marcianus Graecus Z. 454 (= 822) (Venetus A), folio 67r	urn:cite:hmt:codex.msA
msA	134	urn:cite:hmt:msA.67v	verso	Marcianus Graecus Z. 454 (= 822) (Venetus A), folio 67v	urn:cite:hmt:codex.msA
msA	135	urn:cite:hmt:msA.68r	recto	Marcianus Graecus Z. 454 (= 822) (Venetus A), folio 68r	urn:cite:hmt:codex.msA
msA	136	urn:cite:hmt:msA.68v	verso	Marcianus Graecus Z. 454 (= 822) (Venetus A), folio 68v	urn:cite:hmt:codex.msA
msA	137	urn:cite:hmt:msA.69r	recto	Marcianus Graecus Z. 454 (= 822) (Venetus A), folio 69r	urn:cite:hmt:codex.msA
msA	138	urn:cite:hmt:msA.69v	verso	Marcianus Graecus Z. 454 (= 822) (Venetus A), folio 69v	urn:cite:hmt:codex.msA
msA	139	urn:cite:hmt:msA.70r	recto	Marcianus Graecus Z. 454 (= 822) (Venetus A), folio 70r	urn:cite:hmt:codex.msA
msA	140	urn:cite:hmt:msA.70v	verso	Marcianus Graecus Z. 454 (= 822) (Venetus A), folio 70v	urn:cite:hmt:codex.msA
msA	141	urn:cite:hmt:msA.71r	recto	Marcianus Graecus Z. 454 (= 822) (Venetus A), folio 71r	urn:cite:hmt:codex.msA
msA	142	urn:cite:hmt:msA.71v	verso	Marcianus Graecus Z. 454 (= 822) (Venetus A), folio 71v	urn:cite:hmt:codex.msA
msA	143	urn:cite:hmt:msA.72r	recto	Marcianus Graecus Z. 454 (= 822) (Venetus A), folio 72r	urn:cite:hmt:codex.msA
msA	144	urn:cite:hmt:msA.72v	verso	Marcianus Graecus Z. 454 (= 822) (Venetus A), folio 72v	urn:cite:hmt:codex.msA
msA	145	urn:cite:hmt:msA.73r	recto	Marcianus Graecus Z. 454 (= 822) (Venetus A), folio 73r	urn:cite:hmt:codex.msA
msA	146	urn:cite:hmt:msA.73v	verso	Marcianus Graecus Z. 454 (= 822) (Venetus A), folio 73v	urn:cite:hmt:codex.msA
msA	147	urn:cite:hmt:msA.74r	recto	Marcianus Graecus Z. 454 (= 822) (Venetus A), folio 74r	urn:cite:hmt:codex.msA
msA	148	urn:cite:hmt:msA.74v	verso	Marcianus Graecus Z. 454 (= 822) (Venetus A), folio 74v	urn:cite:hmt:codex.msA
msA	149	urn:cite:hmt:msA.75r	recto	Marcianus Graecus Z. 454 (= 822) (Venetus A), folio 75r	urn:cite:hmt:codex.msA
msA	150	urn:cite:hmt:msA.75v	verso	Marcianus Graecus Z. 454 (= 822) (Venetus A), folio 75v	urn:cite:hmt:codex.msA
msA	151	urn:cite:hmt:msA.76r	recto	Marcianus Graecus Z. 454 (= 822) (Venetus A), folio 76r	urn:cite:hmt:codex.msA
msA	152	urn:cite:hmt:msA.76v	verso	Marcianus Graecus Z. 454 (= 822) (Venetus A), folio 76v	urn:cite:hmt:codex.msA
msA	153	urn:cite:hmt:msA.77r	recto	Marcianus Graecus Z. 454 (= 822) (Venetus A), folio 77r	urn:cite:hmt:codex.msA
msA	154	urn:cite:hmt:msA.77v	verso	Marcianus Graecus Z. 454 (= 822) (Venetus A), folio 77v	urn:cite:hmt:codex.msA
msA	155	urn:cite:hmt:msA.78r	recto	Marcianus Graecus Z. 454 (= 822) (Venetus A), folio 78r	urn:cite:hmt:codex.msA
msA	156	urn:cite:hmt:msA.78v	verso	Marcianus Graecus Z. 454 (= 822) (Venetus A), folio 78v	urn:cite:hmt:codex.msA
msA	157	urn:cite:hmt:msA.79r	recto	Marcianus Graecus Z. 454 (= 822) (Venetus A), folio 79r	urn:cite:hmt:codex.msA
msA	158	urn:cite:hmt:msA.79v	verso	Marcianus Graecus Z. 454 (= 822) (Venetus A), folio 79v	urn:cite:hmt:codex.msA
msA	159	urn:cite:hmt:msA.80r	recto	Marcianus Graecus Z. 454 (= 822) (Venetus A), folio 80r	urn:cite:hmt:codex.msA
msA	160	urn:cite:hmt:msA.80v	verso	Marcianus Graecus Z. 454 (= 822) (Venetus A), folio 80v	urn:cite:hmt:codex.msA
msA	161	urn:cite:hmt:msA.81r	recto	Marcianus Graecus Z. 454 (= 822) (Venetus A), folio 81r	urn:cite:hmt:codex.msA
msA	162	urn:cite:hmt:msA.81v	verso	Marcianus Graecus Z. 454 (= 822) (Venetus A), folio 81v	urn:cite:hmt:codex.msA
msA	163	urn:cite:hmt:msA.82r	recto	Marcianus Graecus Z. 454 (= 822) (Venetus A), folio 82r	urn:cite:hmt:codex.msA
msA	164	urn:cite:hmt:msA.82v	verso	Marcianus Graecus Z. 454 (= 822) (Venetus A), folio 82v	urn:cite:hmt:codex.msA
msA	165	urn:cite:hmt:msA.83r	recto	Marcianus Graecus Z. 454 (= 822) (Venetus A), folio 83r	urn:cite:hmt:codex.msA
msA	166	urn:cite:hmt:msA.83v	verso	Marcianus Graecus Z. 454 (= 822) (Venetus A), folio 83v	urn:cite:hmt:codex.msA
msA	167	urn:cite:hmt:msA.84r	recto	Marcianus Graecus Z. 454 (= 822) (Venetus A), folio 84r	urn:cite:hmt:codex.msA
msA	168	urn:cite:hmt:msA.84v	verso	Marcianus Graecus Z. 454 (= 822) (Venetus A), folio 84v	urn:cite:hmt:codex.msA
msA	169	urn:cite:hmt:msA.85r	recto	Marcianus Graecus Z. 454 (= 822) (Venetus A), folio 85r	urn:cite:hmt:codex.msA
msA	170	urn:cite:hmt:msA.85v	verso	Marcianus Graecus Z. 454 (= 822) (Venetus A), folio 85v	urn:cite:hmt:codex.msA
msA	171	urn:cite:hmt:msA.86r	recto	Marcianus Graecus Z. 454 (= 822) (Venetus A), folio 86r	urn:cite:hmt:codex.msA
msA	172	urn:cite:hmt:msA.86v	verso	Marcianus Graecus Z. 454 (= 822) (Venetus A), folio 86v	urn:cite:hmt:codex.msA
msA	173	urn:cite:hmt:msA.87r	recto	Marcianus Graecus Z. 454 (= 822) (Venetus A), folio 87r	urn:cite:hmt:codex.msA
msA	174	urn:cite:hmt:msA.87v	verso	Marcianus Graecus Z. 454 (= 822) (Venetus A), folio 87v	urn:cite:hmt:codex.msA
msA	175	urn:cite:hmt:msA.88r	recto	Marcianus Graecus Z. 454 (= 822) (Venetus A), folio 88r	urn:cite:hmt:codex.msA
msA	176	urn:cite:hmt:msA.88v	verso	Marcianus Graecus Z. 454 (= 822) (Venetus A), folio 88v	urn:cite:hmt:codex.msA
msA	177	urn:cite:hmt:msA.89r	recto	Marcianus Graecus Z. 454 (= 822) (Venetus A), folio 89r	urn:cite:hmt:codex.msA
msA	178	urn:cite:hmt:msA.89v	verso	Marcianus Graecus Z. 454 (= 822) (Venetus A), folio 89v	urn:cite:hmt:codex.msA
msA	179	urn:cite:hmt:msA.90r	recto	Marcianus Graecus Z. 454 (= 822) (Venetus A), folio 90r	urn:cite:hmt:codex.msA
msA	180	urn:cite:hmt:msA.90v	verso	Marcianus Graecus Z. 454 (= 822) (Venetus A), folio 90v	urn:cite:hmt:codex.msA
msA	181	urn:cite:hmt:msA.91r	recto	Marcianus Graecus Z. 454 (= 822) (Venetus A), folio 91r	urn:cite:hmt:codex.msA
msA	182	urn:cite:hmt:msA.91v	verso	Marcianus Graecus Z. 454 (= 822) (Venetus A), folio 91v	urn:cite:hmt:codex.msA
msA	183	urn:cite:hmt:msA.92r	recto	Marcianus Graecus Z. 454 (= 822) (Venetus A), folio 92r	urn:cite:hmt:codex.msA
msA	184	urn:cite:hmt:msA.92v	verso	Marcianus Graecus Z. 454 (= 822) (Venetus A), folio 92v	urn:cite:hmt:codex.msA
msA	185	urn:cite:hmt:msA.93r	recto	Marcianus Graecus Z. 454 (= 822) (Venetus A), folio 93r	urn:cite:hmt:codex.msA
msA	186	urn:cite:hmt:msA.93v	verso	Marcianus Graecus Z. 454 (= 822) (Venetus A), folio 93v	urn:cite:hmt:codex.msA
msA	187	urn:cite:hmt:msA.94r	recto	Marcianus Graecus Z. 454 (= 822) (Venetus A), folio 94r	urn:cite:hmt:codex.msA
msA	188	urn:cite:hmt:msA.94v	verso	Marcianus Graecus Z. 454 (= 822) (Venetus A), folio 94v	urn:cite:hmt:codex.msA
msA	189	urn:cite:hmt:msA.95r	recto	Marcianus Graecus Z. 454 (= 822) (Venetus A), folio 95r	urn:cite:hmt:codex.msA
msA	190	urn:cite:hmt:msA.95v	verso	Marcianus Graecus Z. 454 (= 822) (Venetus A), folio 95v	urn:cite:hmt:codex.msA
msA	191	urn:cite:hmt:msA.96r	recto	Marcianus Graecus Z. 454 (= 822) (Venetus A), folio 96r	urn:cite:hmt:codex.msA
msA	192	urn:cite:hmt:msA.96v	verso	Marcianus Graecus Z. 454 (= 822) (Venetus A), folio 96v	urn:cite:hmt:codex.msA
msA	193	urn:cite:hmt:msA.97r	recto	Marcianus Graecus Z. 454 (= 822) (Venetus A), folio 97r	urn:cite:hmt:codex.msA
msA	194	urn:cite:hmt:msA.97v	verso	Marcianus Graecus Z. 454 (= 822) (Venetus A), folio 97v	urn:cite:hmt:codex.msA
msA	195	urn:cite:hmt:msA.98r	recto	Marcianus Graecus Z. 454 (= 822) (Venetus A), folio 98r	urn:cite:hmt:codex.msA
msA	196	urn:cite:hmt:msA.98v	verso	Marcianus Graecus Z. 454 (= 822) (Venetus A), folio 98v	urn:cite:hmt:codex.msA
msA	197	urn:cite:hmt:msA.99r	recto	Marcianus Graecus Z. 454 (= 822) (Venetus A), folio 99r	urn:cite:hmt:codex.msA
msA	198	urn:cite:hmt:msA.99v	verso	Marcianus Graecus Z. 454 (= 822) (Venetus A), folio 99v	urn:cite:hmt:codex.msA
msA	199	urn:cite:hmt:msA.100r	recto	Marcianus Graecus Z. 454 (= 822) (Venetus A), folio 100r	urn:cite:hmt:codex.msA
msA	200	urn:cite:hmt:msA.100v	verso	Marcianus Graecus Z. 454 (= 822) (Venetus A), folio 100v	urn:cite:hmt:codex.msA
msA	201	urn:cite:hmt:msA.101r	recto	Marcianus Graecus Z. 454 (= 822) (Venetus A), folio 101r	urn:cite:hmt:codex.msA
msA	202	urn:cite:hmt:msA.101v	verso	Marcianus Graecus Z. 454 (= 822) (Venetus A), folio 101v	urn:cite:hmt:codex.msA
msA	203	urn:cite:hmt:msA.102r	recto	Marcianus Graecus Z. 454 (= 822) (Venetus A), folio 102r	urn:cite:hmt:codex.msA
msA	204	urn:cite:hmt:msA.102v	verso	Marcianus Graecus Z. 454 (= 822) (Venetus A), folio 102v	urn:cite:hmt:codex.msA
msA	205	urn:cite:hmt:msA.103r	recto	Marcianus Graecus Z. 454 (= 822) (Venetus A), folio 103r	urn:cite:hmt:codex.msA
msA	206	urn:cite:hmt:msA.103v	verso	Marcianus Graecus Z. 454 (= 822) (Venetus A), folio 103v	urn:cite:hmt:codex.msA
msA	207	urn:cite:hmt:msA.104r	recto	Marcianus Graecus Z. 454 (= 822) (Venetus A), folio 104r	urn:cite:hmt:codex.msA
msA	208	urn:cite:hmt:msA.104v	verso	Marcianus Graecus Z. 454 (= 822) (Venetus A), folio 104v	urn:cite:hmt:codex.msA
msA	209	urn:cite:hmt:msA.105r	recto	Marcianus Graecus Z. 454 (= 822) (Venetus A), folio 105r	urn:cite:hmt:codex.msA
msA	210	urn:cite:hmt:msA.105v	verso	Marcianus Graecus Z. 454 (= 822) (Venetus A), folio 105v	urn:cite:hmt:codex.msA
msA	211	urn:cite:hmt:msA.106r	recto	Marcianus Graecus Z. 454 (= 822) (Venetus A), folio 106r	urn:cite:hmt:codex.msA
msA	212	urn:cite:hmt:msA.106v	verso	Marcianus Graecus Z. 454 (= 822) (Venetus A), folio 106v	urn:cite:hmt:codex.msA
msA	213	urn:cite:hmt:msA.107r	recto	Marcianus Graecus Z. 454 (= 822) (Venetus A), folio 107r	urn:cite:hmt:codex.msA
msA	214	urn:cite:hmt:msA.107v	verso	Marcianus Graecus Z. 454 (= 822) (Venetus A), folio 107v	urn:cite:hmt:codex.msA
msA	215	urn:cite:hmt:msA.108r	recto	Marcianus Graecus Z. 454 (= 822) (Venetus A), folio 108r	urn:cite:hmt:codex.msA
msA	216	urn:cite:hmt:msA.108v	verso	Marcianus Graecus Z. 454 (= 822) (Venetus A), folio 108v	urn:cite:hmt:codex.msA
msA	217	urn:cite:hmt:msA.109r	recto	Marcianus Graecus Z. 454 (= 822) (Venetus A), folio 109r	urn:cite:hmt:codex.msA
msA	218	urn:cite:hmt:msA.109v	verso	Marcianus Graecus Z. 454 (= 822) (Venetus A), folio 109v	urn:cite:hmt:codex.msA
msA	219	urn:cite:hmt:msA.110r	recto	Marcianus Graecus Z. 454 (= 822) (Venetus A), folio 110r	urn:cite:hmt:codex.msA
msA	220	urn:cite:hmt:msA.110v	verso	Marcianus Graecus Z. 454 (= 822) (Venetus A), folio 110v	urn:cite:hmt:codex.msA
msA	221	urn:cite:hmt:msA.111r	recto	Marcianus Graecus Z. 454 (= 822) (Venetus A), folio 111r	urn:cite:hmt:codex.msA
msA	222	urn:cite:hmt:msA.111v	verso	Marcianus Graecus Z. 454 (= 822) (Venetus A), folio 111v	urn:cite:hmt:codex.msA
msA	223	urn:cite:hmt:msA.112r	recto	Marcianus Graecus Z. 454 (= 822) (Venetus A), folio 112r	urn:cite:hmt:codex.msA
msA	224	urn:cite:hmt:msA.112v	verso	Marcianus Graecus Z. 454 (= 822) (Venetus A), folio 112v	urn:cite:hmt:codex.msA
msA	225	urn:cite:hmt:msA.113r	recto	Marcianus Graecus Z. 454 (= 822) (Venetus A), folio 113r	urn:cite:hmt:codex.msA
msA	226	urn:cite:hmt:msA.113v	verso	Marcianus Graecus Z. 454 (= 822) (Venetus A), folio 113v	urn:cite:hmt:codex.msA
msA	227	urn:cite:hmt:msA.114r	recto	Marcianus Graecus Z. 454 (= 822) (Venetus A), folio 114r	urn:cite:hmt:codex.msA
msA	228	urn:cite:hmt:msA.114v	verso	Marcianus Graecus Z. 454 (= 822) (Venetus A), folio 114v	urn:cite:hmt:codex.msA
msA	229	urn:cite:hmt:msA.115r	recto	Marcianus Graecus Z. 454 (= 822) (Venetus A), folio 115r	urn:cite:hmt:codex.msA
msA	230	urn:cite:hmt:msA.115v	verso	Marcianus Graecus Z. 454 (= 822) (Venetus A), folio 115v	urn:cite:hmt:codex.msA
msA	231	urn:cite:hmt:msA.116r	recto	Marcianus Graecus Z. 454 (= 822) (Venetus A), folio 116r	urn:cite:hmt:codex.msA
msA	232	urn:cite:hmt:msA.116v	verso	Marcianus Graecus Z. 454 (= 822) (Venetus A), folio 116v	urn:cite:hmt:codex.msA
msA	233	urn:cite:hmt:msA.117r	recto	Marcianus Graecus Z. 454 (= 822) (Venetus A), folio 117r	urn:cite:hmt:codex.msA
msA	234	urn:cite:hmt:msA.117v	verso	Marcianus Graecus Z. 454 (= 822) (Venetus A), folio 117v	urn:cite:hmt:codex.msA
msA	235	urn:cite:hmt:msA.118r	recto	Marcianus Graecus Z. 454 (= 822) (Venetus A), folio 118r	urn:cite:hmt:codex.msA
msA	236	urn:cite:hmt:msA.118v	verso	Marcianus Graecus Z. 454 (= 822) (Venetus A), folio 118v	urn:cite:hmt:codex.msA
msA	237	urn:cite:hmt:msA.119r	recto	Marcianus Graecus Z. 454 (= 822) (Venetus A), folio 119r	urn:cite:hmt:codex.msA
msA	238	urn:cite:hmt:msA.119v	verso	Marcianus Graecus Z. 454 (= 822) (Venetus A), folio 119v	urn:cite:hmt:codex.msA
msA	239	urn:cite:hmt:msA.120r	recto	Marcianus Graecus Z. 454 (= 822) (Venetus A), folio 120r	urn:cite:hmt:codex.msA
msA	240	urn:cite:hmt:msA.120v	verso	Marcianus Graecus Z. 454 (= 822) (Venetus A), folio 120v	urn:cite:hmt:codex.msA
msA	241	urn:cite:hmt:msA.121r	recto	Marcianus Graecus Z. 454 (= 822) (Venetus A), folio 121r	urn:cite:hmt:codex.msA
msA	242	urn:cite:hmt:msA.121v	verso	Marcianus Graecus Z. 454 (= 822) (Venetus A), folio 121v	urn:cite:hmt:codex.msA
msA	243	urn:cite:hmt:msA.122r	recto	Marcianus Graecus Z. 454 (= 822) (Venetus A), folio 122r	urn:cite:hmt:codex.msA
msA	244	urn:cite:hmt:msA.122v	verso	Marcianus Graecus Z. 454 (= 822) (Venetus A), folio 122v	urn:cite:hmt:codex.msA
msA	245	urn:cite:hmt:msA.123r	recto	Marcianus Graecus Z. 454 (= 822) (Venetus A), folio 123r	urn:cite:hmt:codex.msA
msA	246	urn:cite:hmt:msA.123v	verso	Marcianus Graecus Z. 454 (= 822) (Venetus A), folio 123v	urn:cite:hmt:codex.msA
msA	247	urn:cite:hmt:msA.124r	recto	Marcianus Graecus Z. 454 (= 822) (Venetus A), folio 124r	urn:cite:hmt:codex.msA
msA	248	urn:cite:hmt:msA.124v	verso	Marcianus Graecus Z. 454 (= 822) (Venetus A), folio 124v	urn:cite:hmt:codex.msA
msA	249	urn:cite:hmt:msA.125r	recto	Marcianus Graecus Z. 454 (= 822) (Venetus A), folio 125r	urn:cite:hmt:codex.msA
msA	250	urn:cite:hmt:msA.125v	verso	Marcianus Graecus Z. 454 (= 822) (Venetus A), folio 125v	urn:cite:hmt:codex.msA
msA	251	urn:cite:hmt:msA.126r	recto	Marcianus Graecus Z. 454 (= 822) (Venetus A), folio 126r	urn:cite:hmt:codex.msA
msA	252	urn:cite:hmt:msA.126v	verso	Marcianus Graecus Z. 454 (= 822) (Venetus A), folio 126v	urn:cite:hmt:codex.msA
msA	253	urn:cite:hmt:msA.127r	recto	Marcianus Graecus Z. 454 (= 822) (Venetus A), folio 127r	urn:cite:hmt:codex.msA
msA	254	urn:cite:hmt:msA.127v	verso	Marcianus Graecus Z. 454 (= 822) (Venetus A), folio 127v	urn:cite:hmt:codex.msA
msA	255	urn:cite:hmt:msA.128r	recto	Marcianus Graecus Z. 454 (= 822) (Venetus A), folio 128r	urn:cite:hmt:codex.msA
msA	256	urn:cite:hmt:msA.128v	verso	Marcianus Graecus Z. 454 (= 822) (Venetus A), folio 128v	urn:cite:hmt:codex.msA
msA	257	urn:cite:hmt:msA.129r	recto	Marcianus Graecus Z. 454 (= 822) (Venetus A), folio 129r	urn:cite:hmt:codex.msA
msA	258	urn:cite:hmt:msA.129v	verso	Marcianus Graecus Z. 454 (= 822) (Venetus A), folio 129v	urn:cite:hmt:codex.msA
msA	259	urn:cite:hmt:msA.130r	recto	Marcianus Graecus Z. 454 (= 822) (Venetus A), folio 130r	urn:cite:hmt:codex.msA
msA	260	urn:cite:hmt:msA.130v	verso	Marcianus Graecus Z. 454 (= 822) (Venetus A), folio 130v	urn:cite:hmt:codex.msA
msA	261	urn:cite:hmt:msA.131r	recto	Marcianus Graecus Z. 454 (= 822) (Venetus A), folio 131r	urn:cite:hmt:codex.msA
msA	262	urn:cite:hmt:msA.131v	verso	Marcianus Graecus Z. 454 (= 822) (Venetus A), folio 131v	urn:cite:hmt:codex.msA
msA	263	urn:cite:hmt:msA.132r	recto	Marcianus Graecus Z. 454 (= 822) (Venetus A), folio 132r	urn:cite:hmt:codex.msA
msA	264	urn:cite:hmt:msA.132v	verso	Marcianus Graecus Z. 454 (= 822) (Venetus A), folio 132v	urn:cite:hmt:codex.msA
msA	265	urn:cite:hmt:msA.133r	recto	Marcianus Graecus Z. 454 (= 822) (Venetus A), folio 133r	urn:cite:hmt:codex.msA
msA	266	urn:cite:hmt:msA.133v	verso	Marcianus Graecus Z. 454 (= 822) (Venetus A), folio 133v	urn:cite:hmt:codex.msA
msA	267	urn:cite:hmt:msA.134r	recto	Marcianus Graecus Z. 454 (= 822) (Venetus A), folio 134r	urn:cite:hmt:codex.msA
msA	268	urn:cite:hmt:msA.134v	verso	Marcianus Graecus Z. 454 (= 822) (Venetus A), folio 134v	urn:cite:hmt:codex.msA
msA	269	urn:cite:hmt:msA.135r	recto	Marcianus Graecus Z. 454 (= 822) (Venetus A), folio 135r	urn:cite:hmt:codex.msA
msA	270	urn:cite:hmt:msA.135v	verso	Marcianus Graecus Z. 454 (= 822) (Venetus A), folio 135v	urn:cite:hmt:codex.msA
msA	271	urn:cite:hmt:msA.136r	recto	Marcianus Graecus Z. 454 (= 822) (Venetus A), folio 136r	urn:cite:hmt:codex.msA
msA	272	urn:cite:hmt:msA.136v	verso	Marcianus Graecus Z. 454 (= 822) (Venetus A), folio 136v	urn:cite:hmt:codex.msA
msA	273	urn:cite:hmt:msA.137r	recto	Marcianus Graecus Z. 454 (= 822) (Venetus A), folio 137r	urn:cite:hmt:codex.msA
msA	274	urn:cite:hmt:msA.137v	verso	Marcianus Graecus Z. 454 (= 822) (Venetus A), folio 137v	urn:cite:hmt:codex.msA
msA	275	urn:cite:hmt:msA.138r	recto	Marcianus Graecus Z. 454 (= 822) (Venetus A), folio 138r	urn:cite:hmt:codex.msA
msA	276	urn:cite:hmt:msA.138v	verso	Marcianus Graecus Z. 454 (= 822) (Venetus A), folio 138v	urn:cite:hmt:codex.msA
msA	277	urn:cite:hmt:msA.139r	recto	Marcianus Graecus Z. 454 (= 822) (Venetus A), folio 139r	urn:cite:hmt:codex.msA
msA	278	urn:cite:hmt:msA.139v	verso	Marcianus Graecus Z. 454 (= 822) (Venetus A), folio 139v	urn:cite:hmt:codex.msA
msA	279	urn:cite:hmt:msA.140r	recto	Marcianus Graecus Z. 454 (= 822) (Venetus A), folio 140r	urn:cite:hmt:codex.msA
msA	280	urn:cite:hmt:msA.140v	verso	Marcianus Graecus Z. 454 (= 822) (Venetus A), folio 140v	urn:cite:hmt:codex.msA
msA	281	urn:cite:hmt:msA.141r	recto	Marcianus Graecus Z. 454 (= 822) (Venetus A), folio 141r	urn:cite:hmt:codex.msA
msA	282	urn:cite:hmt:msA.141v	verso	Marcianus Graecus Z. 454 (= 822) (Venetus A), folio 141v	urn:cite:hmt:codex.msA
msA	283	urn:cite:hmt:msA.142r	recto	Marcianus Graecus Z. 454 (= 822) (Venetus A), folio 142r	urn:cite:hmt:codex.msA
msA	284	urn:cite:hmt:msA.142v	verso	Marcianus Graecus Z. 454 (= 822) (Venetus A), folio 142v	urn:cite:hmt:codex.msA
msA	285	urn:cite:hmt:msA.143r	recto	Marcianus Graecus Z. 454 (= 822) (Venetus A), folio 143r	urn:cite:hmt:codex.msA
msA	286	urn:cite:hmt:msA.143v	verso	Marcianus Graecus Z. 454 (= 822) (Venetus A), folio 143v	urn:cite:hmt:codex.msA
msA	287	urn:cite:hmt:msA.144r	recto	Marcianus Graecus Z. 454 (= 822) (Venetus A), folio 144r	urn:cite:hmt:codex.msA
msA	288	urn:cite:hmt:msA.144v	verso	Marcianus Graecus Z. 454 (= 822) (Venetus A), folio 144v	urn:cite:hmt:codex.msA
msA	289	urn:cite:hmt:msA.145r	recto	Marcianus Graecus Z. 454 (= 822) (Venetus A), folio 145r	urn:cite:hmt:codex.msA
msA	290	urn:cite:hmt:msA.145v	verso	Marcianus Graecus Z. 454 (= 822) (Venetus A), folio 145v	urn:cite:hmt:codex.msA
msA	291	urn:cite:hmt:msA.146r	recto	Marcianus Graecus Z. 454 (= 822) (Venetus A), folio 146r	urn:cite:hmt:codex.msA
msA	292	urn:cite:hmt:msA.146v	verso	Marcianus Graecus Z. 454 (= 822) (Venetus A), folio 146v	urn:cite:hmt:codex.msA
msA	293	urn:cite:hmt:msA.147r	recto	Marcianus Graecus Z. 454 (= 822) (Venetus A), folio 147r	urn:cite:hmt:codex.msA
msA	294	urn:cite:hmt:msA.147v	verso	Marcianus Graecus Z. 454 (= 822) (Venetus A), folio 147v	urn:cite:hmt:codex.msA
msA	295	urn:cite:hmt:msA.148r	recto	Marcianus Graecus Z. 454 (= 822) (Venetus A), folio 148r	urn:cite:hmt:codex.msA
msA	296	urn:cite:hmt:msA.148v	verso	Marcianus Graecus Z. 454 (= 822) (Venetus A), folio 148v	urn:cite:hmt:codex.msA
msA	297	urn:cite:hmt:msA.149r	recto	Marcianus Graecus Z. 454 (= 822) (Venetus A), folio 149r	urn:cite:hmt:codex.msA
msA	298	urn:cite:hmt:msA.149v	verso	Marcianus Graecus Z. 454 (= 822) (Venetus A), folio 149v	urn:cite:hmt:codex.msA
msA	299	urn:cite:hmt:msA.150r	recto	Marcianus Graecus Z. 454 (= 822) (Venetus A), folio 150r	urn:cite:hmt:codex.msA
msA	300	urn:cite:hmt:msA.150v	verso	Marcianus Graecus Z. 454 (= 822) (Venetus A), folio 150v	urn:cite:hmt:codex.msA
msA	301	urn:cite:hmt:msA.151r	recto	Marcianus Graecus Z. 454 (= 822) (Venetus A), folio 151r	urn:cite:hmt:codex.msA
msA	302	urn:cite:hmt:msA.151v	verso	Marcianus Graecus Z. 454 (= 822) (Venetus A), folio 151v	urn:cite:hmt:codex.msA
msA	303	urn:cite:hmt:msA.152r	recto	Marcianus Graecus Z. 454 (= 822) (Venetus A), folio 152r	urn:cite:hmt:codex.msA
msA	304	urn:cite:hmt:msA.152v	verso	Marcianus Graecus Z. 454 (= 822) (Venetus A), folio 152v	urn:cite:hmt:codex.msA
msA	305	urn:cite:hmt:msA.153r	recto	Marcianus Graecus Z. 454 (= 822) (Venetus A), folio 153r	urn:cite:hmt:codex.msA
msA	306	urn:cite:hmt:msA.153v	verso	Marcianus Graecus Z. 454 (= 822) (Venetus A), folio 153v	urn:cite:hmt:codex.msA
msA	307	urn:cite:hmt:msA.154r	recto	Marcianus Graecus Z. 454 (= 822) (Venetus A), folio 154r	urn:cite:hmt:codex.msA
msA	308	urn:cite:hmt:msA.154v	verso	Marcianus Graecus Z. 454 (= 822) (Venetus A), folio 154v	urn:cite:hmt:codex.msA
msA	309	urn:cite:hmt:msA.155r	recto	Marcianus Graecus Z. 454 (= 822) (Venetus A), folio 155r	urn:cite:hmt:codex.msA
msA	310	urn:cite:hmt:msA.155v	verso	Marcianus Graecus Z. 454 (= 822) (Venetus A), folio 155v	urn:cite:hmt:codex.msA
msA	311	urn:cite:hmt:msA.156r	recto	Marcianus Graecus Z. 454 (= 822) (Venetus A), folio 156r	urn:cite:hmt:codex.msA
msA	312	urn:cite:hmt:msA.156v	verso	Marcianus Graecus Z. 454 (= 822) (Venetus A), folio 156v	urn:cite:hmt:codex.msA
msA	313	urn:cite:hmt:msA.157r	recto	Marcianus Graecus Z. 454 (= 822) (Venetus A), folio 157r	urn:cite:hmt:codex.msA
msA	314	urn:cite:hmt:msA.157v	verso	Marcianus Graecus Z. 454 (= 822) (Venetus A), folio 157v	urn:cite:hmt:codex.msA
msA	315	urn:cite:hmt:msA.158r	recto	Marcianus Graecus Z. 454 (= 822) (Venetus A), folio 158r	urn:cite:hmt:codex.msA
msA	316	urn:cite:hmt:msA.158v	verso	Marcianus Graecus Z. 454 (= 822) (Venetus A), folio 158v	urn:cite:hmt:codex.msA
msA	317	urn:cite:hmt:msA.159r	recto	Marcianus Graecus Z. 454 (= 822) (Venetus A), folio 159r	urn:cite:hmt:codex.msA
msA	318	urn:cite:hmt:msA.159v	verso	Marcianus Graecus Z. 454 (= 822) (Venetus A), folio 159v	urn:cite:hmt:codex.msA
msA	319	urn:cite:hmt:msA.160r	recto	Marcianus Graecus Z. 454 (= 822) (Venetus A), folio 160r	urn:cite:hmt:codex.msA
msA	320	urn:cite:hmt:msA.160v	verso	Marcianus Graecus Z. 454 (= 822) (Venetus A), folio 160v	urn:cite:hmt:codex.msA
msA	321	urn:cite:hmt:msA.161r	recto	Marcianus Graecus Z. 454 (= 822) (Venetus A), folio 161r	urn:cite:hmt:codex.msA
msA	322	urn:cite:hmt:msA.161v	verso	Marcianus Graecus Z. 454 (= 822) (Venetus A), folio 161v	urn:cite:hmt:codex.msA
msA	323	urn:cite:hmt:msA.162r	recto	Marcianus Graecus Z. 454 (= 822) (Venetus A), folio 162r	urn:cite:hmt:codex.msA
msA	324	urn:cite:hmt:msA.162v	verso	Marcianus Graecus Z. 454 (= 822) (Venetus A), folio 162v	urn:cite:hmt:codex.msA
msA	325	urn:cite:hmt:msA.163r	recto	Marcianus Graecus Z. 454 (= 822) (Venetus A), folio 163r	urn:cite:hmt:codex.msA
msA	326	urn:cite:hmt:msA.163v	verso	Marcianus Graecus Z. 454 (= 822) (Venetus A), folio 163v	urn:cite:hmt:codex.msA
msA	327	urn:cite:hmt:msA.164r	recto	Marcianus Graecus Z. 454 (= 822) (Venetus A), folio 164r	urn:cite:hmt:codex.msA
msA	328	urn:cite:hmt:msA.164v	verso	Marcianus Graecus Z. 454 (= 822) (Venetus A), folio 164v	urn:cite:hmt:codex.msA
msA	329	urn:cite:hmt:msA.165r	recto	Marcianus Graecus Z. 454 (= 822) (Venetus A), folio 165r	urn:cite:hmt:codex.msA
msA	330	urn:cite:hmt:msA.165v	verso	Marcianus Graecus Z. 454 (= 822) (Venetus A), folio 165v	urn:cite:hmt:codex.msA
msA	331	urn:cite:hmt:msA.166r	recto	Marcianus Graecus Z. 454 (= 822) (Venetus A), folio 166r	urn:cite:hmt:codex.msA
msA	332	urn:cite:hmt:msA.166v	verso	Marcianus Graecus Z. 454 (= 822) (Venetus A), folio 166v	urn:cite:hmt:codex.msA
msA	333	urn:cite:hmt:msA.167r	recto	Marcianus Graecus Z. 454 (= 822) (Venetus A), folio 167r	urn:cite:hmt:codex.msA
msA	334	urn:cite:hmt:msA.167v	verso	Marcianus Graecus Z. 454 (= 822) (Venetus A), folio 167v	urn:cite:hmt:codex.msA
msA	335	urn:cite:hmt:msA.168r	recto	Marcianus Graecus Z. 454 (= 822) (Venetus A), folio 168r	urn:cite:hmt:codex.msA
msA	336	urn:cite:hmt:msA.168v	verso	Marcianus Graecus Z. 454 (= 822) (Venetus A), folio 168v	urn:cite:hmt:codex.msA
msA	337	urn:cite:hmt:msA.169r	recto	Marcianus Graecus Z. 454 (= 822) (Venetus A), folio 169r	urn:cite:hmt:codex.msA
msA	338	urn:cite:hmt:msA.169v	verso	Marcianus Graecus Z. 454 (= 822) (Venetus A), folio 169v	urn:cite:hmt:codex.msA
msA	339	urn:cite:hmt:msA.170r	recto	Marcianus Graecus Z. 454 (= 822) (Venetus A), folio 170r	urn:cite:hmt:codex.msA
msA	340	urn:cite:hmt:msA.170v	verso	Marcianus Graecus Z. 454 (= 822) (Venetus A), folio 170v	urn:cite:hmt:codex.msA
msA	341	urn:cite:hmt:msA.171r	recto	Marcianus Graecus Z. 454 (= 822) (Venetus A), folio 171r	urn:cite:hmt:codex.msA
msA	342	urn:cite:hmt:msA.171v	verso	Marcianus Graecus Z. 454 (= 822) (Venetus A), folio 171v	urn:cite:hmt:codex.msA
msA	343	urn:cite:hmt:msA.172r	recto	Marcianus Graecus Z. 454 (= 822) (Venetus A), folio 172r	urn:cite:hmt:codex.msA
msA	344	urn:cite:hmt:msA.172v	verso	Marcianus Graecus Z. 454 (= 822) (Venetus A), folio 172v	urn:cite:hmt:codex.msA
msA	345	urn:cite:hmt:msA.173r	recto	Marcianus Graecus Z. 454 (= 822) (Venetus A), folio 173r	urn:cite:hmt:codex.msA
msA	346	urn:cite:hmt:msA.173v	verso	Marcianus Graecus Z. 454 (= 822) (Venetus A), folio 173v	urn:cite:hmt:codex.msA
msA	347	urn:cite:hmt:msA.174r	recto	Marcianus Graecus Z. 454 (= 822) (Venetus A), folio 174r	urn:cite:hmt:codex.msA
msA	348	urn:cite:hmt:msA.174v	verso	Marcianus Graecus Z. 454 (= 822) (Venetus A), folio 174v	urn:cite:hmt:codex.msA
msA	349	urn:cite:hmt:msA.175r	recto	Marcianus Graecus Z. 454 (= 822) (Venetus A), folio 175r	urn:cite:hmt:codex.msA
msA	350	urn:cite:hmt:msA.175v	verso	Marcianus Graecus Z. 454 (= 822) (Venetus A), folio 175v	urn:cite:hmt:codex.msA
msA	351	urn:cite:hmt:msA.176r	recto	Marcianus Graecus Z. 454 (= 822) (Venetus A), folio 176r	urn:cite:hmt:codex.msA
msA	352	urn:cite:hmt:msA.176v	verso	Marcianus Graecus Z. 454 (= 822) (Venetus A), folio 176v	urn:cite:hmt:codex.msA
msA	353	urn:cite:hmt:msA.177r	recto	Marcianus Graecus Z. 454 (= 822) (Venetus A), folio 177r	urn:cite:hmt:codex.msA
msA	354	urn:cite:hmt:msA.177v	verso	Marcianus Graecus Z. 454 (= 822) (Venetus A), folio 177v	urn:cite:hmt:codex.msA
msA	355	urn:cite:hmt:msA.178r	recto	Marcianus Graecus Z. 454 (= 822) (Venetus A), folio 178r	urn:cite:hmt:codex.msA
msA	356	urn:cite:hmt:msA.178v	verso	Marcianus Graecus Z. 454 (= 822) (Venetus A), folio 178v	urn:cite:hmt:codex.msA
msA	357	urn:cite:hmt:msA.179r	recto	Marcianus Graecus Z. 454 (= 822) (Venetus A), folio 179r	urn:cite:hmt:codex.msA
msA	358	urn:cite:hmt:msA.179v	verso	Marcianus Graecus Z. 454 (= 822) (Venetus A), folio 179v	urn:cite:hmt:codex.msA
msA	359	urn:cite:hmt:msA.180r	recto	Marcianus Graecus Z. 454 (= 822) (Venetus A), folio 180r	urn:cite:hmt:codex.msA
msA	360	urn:cite:hmt:msA.180v	verso	Marcianus Graecus Z. 454 (= 822) (Venetus A), folio 180v	urn:cite:hmt:codex.msA
msA	361	urn:cite:hmt:msA.181r	recto	Marcianus Graecus Z. 454 (= 822) (Venetus A), folio 181r	urn:cite:hmt:codex.msA
msA	362	urn:cite:hmt:msA.181v	verso	Marcianus Graecus Z. 454 (= 822) (Venetus A), folio 181v	urn:cite:hmt:codex.msA
msA	363	urn:cite:hmt:msA.182r	recto	Marcianus Graecus Z. 454 (= 822) (Venetus A), folio 182r	urn:cite:hmt:codex.msA
msA	364	urn:cite:hmt:msA.182v	verso	Marcianus Graecus Z. 454 (= 822) (Venetus A), folio 182v	urn:cite:hmt:codex.msA
msA	365	urn:cite:hmt:msA.183r	recto	Marcianus Graecus Z. 454 (= 822) (Venetus A), folio 183r	urn:cite:hmt:codex.msA
msA	366	urn:cite:hmt:msA.183v	verso	Marcianus Graecus Z. 454 (= 822) (Venetus A), folio 183v	urn:cite:hmt:codex.msA
msA	367	urn:cite:hmt:msA.184r	recto	Marcianus Graecus Z. 454 (= 822) (Venetus A), folio 184r	urn:cite:hmt:codex.msA
msA	368	urn:cite:hmt:msA.184v	verso	Marcianus Graecus Z. 454 (= 822) (Venetus A), folio 184v	urn:cite:hmt:codex.msA
msA	369	urn:cite:hmt:msA.185r	recto	Marcianus Graecus Z. 454 (= 822) (Venetus A), folio 185r	urn:cite:hmt:codex.msA
msA	370	urn:cite:hmt:msA.185v	verso	Marcianus Graecus Z. 454 (= 822) (Venetus A), folio 185v	urn:cite:hmt:codex.msA
msA	371	urn:cite:hmt:msA.186r	recto	Marcianus Graecus Z. 454 (= 822) (Venetus A), folio 186r	urn:cite:hmt:codex.msA
msA	372	urn:cite:hmt:msA.186v	verso	Marcianus Graecus Z. 454 (= 822) (Venetus A), folio 186v	urn:cite:hmt:codex.msA
msA	373	urn:cite:hmt:msA.187r	recto	Marcianus Graecus Z. 454 (= 822) (Venetus A), folio 187r	urn:cite:hmt:codex.msA
msA	374	urn:cite:hmt:msA.187v	verso	Marcianus Graecus Z. 454 (= 822) (Venetus A), folio 187v	urn:cite:hmt:codex.msA
msA	375	urn:cite:hmt:msA.188r	recto	Marcianus Graecus Z. 454 (= 822) (Venetus A), folio 188r	urn:cite:hmt:codex.msA
msA	376	urn:cite:hmt:msA.188v	verso	Marcianus Graecus Z. 454 (= 822) (Venetus A), folio 188v	urn:cite:hmt:codex.msA
msA	377	urn:cite:hmt:msA.189r	recto	Marcianus Graecus Z. 454 (= 822) (Venetus A), folio 189r	urn:cite:hmt:codex.msA
msA	378	urn:cite:hmt:msA.189v	verso	Marcianus Graecus Z. 454 (= 822) (Venetus A), folio 189v	urn:cite:hmt:codex.msA
msA	379	urn:cite:hmt:msA.190r	recto	Marcianus Graecus Z. 454 (= 822) (Venetus A), folio 190r	urn:cite:hmt:codex.msA
msA	380	urn:cite:hmt:msA.190v	verso	Marcianus Graecus Z. 454 (= 822) (Venetus A), folio 190v	urn:cite:hmt:codex.msA
msA	381	urn:cite:hmt:msA.191r	recto	Marcianus Graecus Z. 454 (= 822) (Venetus A), folio 191r	urn:cite:hmt:codex.msA
msA	382	urn:cite:hmt:msA.191v	verso	Marcianus Graecus Z. 454 (= 822) (Venetus A), folio 191v	urn:cite:hmt:codex.msA
msA	383	urn:cite:hmt:msA.192r	recto	Marcianus Graecus Z. 454 (= 822) (Venetus A), folio 192r	urn:cite:hmt:codex.msA
msA	384	urn:cite:hmt:msA.192v	verso	Marcianus Graecus Z. 454 (= 822) (Venetus A), folio 192v	urn:cite:hmt:codex.msA
msA	385	urn:cite:hmt:msA.193r	recto	Marcianus Graecus Z. 454 (= 822) (Venetus A), folio 193r	urn:cite:hmt:codex.msA
msA	386	urn:cite:hmt:msA.193v	verso	Marcianus Graecus Z. 454 (= 822) (Venetus A), folio 193v	urn:cite:hmt:codex.msA
msA	387	urn:cite:hmt:msA.194r	recto	Marcianus Graecus Z. 454 (= 822) (Venetus A), folio 194r	urn:cite:hmt:codex.msA
msA	388	urn:cite:hmt:msA.194v	verso	Marcianus Graecus Z. 454 (= 822) (Venetus A), folio 194v	urn:cite:hmt:codex.msA
msA	389	urn:cite:hmt:msA.195r	recto	Marcianus Graecus Z. 454 (= 822) (Venetus A), folio 195r	urn:cite:hmt:codex.msA
msA	390	urn:cite:hmt:msA.195v	verso	Marcianus Graecus Z. 454 (= 822) (Venetus A), folio 195v	urn:cite:hmt:codex.msA
msA	391	urn:cite:hmt:msA.196r	recto	Marcianus Graecus Z. 454 (= 822) (Venetus A), folio 196r	urn:cite:hmt:codex.msA
msA	392	urn:cite:hmt:msA.196v	verso	Marcianus Graecus Z. 454 (= 822) (Venetus A), folio 196v	urn:cite:hmt:codex.msA
msA	393	urn:cite:hmt:msA.197r	recto	Marcianus Graecus Z. 454 (= 822) (Venetus A), folio 197r	urn:cite:hmt:codex.msA
msA	394	urn:cite:hmt:msA.197v	verso	Marcianus Graecus Z. 454 (= 822) (Venetus A), folio 197v	urn:cite:hmt:codex.msA
msA	395	urn:cite:hmt:msA.198r	recto	Marcianus Graecus Z. 454 (= 822) (Venetus A), folio 198r	urn:cite:hmt:codex.msA
msA	396	urn:cite:hmt:msA.198v	verso	Marcianus Graecus Z. 454 (= 822) (Venetus A), folio 198v	urn:cite:hmt:codex.msA
msA	397	urn:cite:hmt:msA.199r	recto	Marcianus Graecus Z. 454 (= 822) (Venetus A), folio 199r	urn:cite:hmt:codex.msA
msA	398	urn:cite:hmt:msA.199v	verso	Marcianus Graecus Z. 454 (= 822) (Venetus A), folio 199v	urn:cite:hmt:codex.msA
msA	399	urn:cite:hmt:msA.200r	recto	Marcianus Graecus Z. 454 (= 822) (Venetus A), folio 200r	urn:cite:hmt:codex.msA
msA	400	urn:cite:hmt:msA.200v	verso	Marcianus Graecus Z. 454 (= 822) (Venetus A), folio 200v	urn:cite:hmt:codex.msA
msA	401	urn:cite:hmt:msA.201r	recto	Marcianus Graecus Z. 454 (= 822) (Venetus A), folio 201r	urn:cite:hmt:codex.msA
msA	402	urn:cite:hmt:msA.201v	verso	Marcianus Graecus Z. 454 (= 822) (Venetus A), folio 201v	urn:cite:hmt:codex.msA
msA	403	urn:cite:hmt:msA.202r	recto	Marcianus Graecus Z. 454 (= 822) (Venetus A), folio 202r	urn:cite:hmt:codex.msA
msA	404	urn:cite:hmt:msA.202v	verso	Marcianus Graecus Z. 454 (= 822) (Venetus A), folio 202v	urn:cite:hmt:codex.msA
msA	405	urn:cite:hmt:msA.203r	recto	Marcianus Graecus Z. 454 (= 822) (Venetus A), folio 203r	urn:cite:hmt:codex.msA
msA	406	urn:cite:hmt:msA.203v	verso	Marcianus Graecus Z. 454 (= 822) (Venetus A), folio 203v	urn:cite:hmt:codex.msA
msA	407	urn:cite:hmt:msA.204r	recto	Marcianus Graecus Z. 454 (= 822) (Venetus A), folio 204r	urn:cite:hmt:codex.msA
msA	408	urn:cite:hmt:msA.204v	verso	Marcianus Graecus Z. 454 (= 822) (Venetus A), folio 204v	urn:cite:hmt:codex.msA
msA	409	urn:cite:hmt:msA.205r	recto	Marcianus Graecus Z. 454 (= 822) (Venetus A), folio 205r	urn:cite:hmt:codex.msA
msA	410	urn:cite:hmt:msA.205v	verso	Marcianus Graecus Z. 454 (= 822) (Venetus A), folio 205v	urn:cite:hmt:codex.msA
msA	411	urn:cite:hmt:msA.206r	recto	Marcianus Graecus Z. 454 (= 822) (Venetus A), folio 206r	urn:cite:hmt:codex.msA
msA	412	urn:cite:hmt:msA.206v	verso	Marcianus Graecus Z. 454 (= 822) (Venetus A), folio 206v	urn:cite:hmt:codex.msA
msA	413	urn:cite:hmt:msA.207r	recto	Marcianus Graecus Z. 454 (= 822) (Venetus A), folio 207r	urn:cite:hmt:codex.msA
msA	414	urn:cite:hmt:msA.207v	verso	Marcianus Graecus Z. 454 (= 822) (Venetus A), folio 207v	urn:cite:hmt:codex.msA
msA	415	urn:cite:hmt:msA.208r	recto	Marcianus Graecus Z. 454 (= 822) (Venetus A), folio 208r	urn:cite:hmt:codex.msA
msA	416	urn:cite:hmt:msA.208v	verso	Marcianus Graecus Z. 454 (= 822) (Venetus A), folio 208v	urn:cite:hmt:codex.msA
msA	417	urn:cite:hmt:msA.209r	recto	Marcianus Graecus Z. 454 (= 822) (Venetus A), folio 209r	urn:cite:hmt:codex.msA
msA	418	urn:cite:hmt:msA.209v	verso	Marcianus Graecus Z. 454 (= 822) (Venetus A), folio 209v	urn:cite:hmt:codex.msA
msA	419	urn:cite:hmt:msA.210r	recto	Marcianus Graecus Z. 454 (= 822) (Venetus A), folio 210r	urn:cite:hmt:codex.msA
msA	420	urn:cite:hmt:msA.210v	verso	Marcianus Graecus Z. 454 (= 822) (Venetus A), folio 210v	urn:cite:hmt:codex.msA
msA	421	urn:cite:hmt:msA.211r	recto	Marcianus Graecus Z. 454 (= 822) (Venetus A), folio 211r	urn:cite:hmt:codex.msA
msA	422	urn:cite:hmt:msA.211v	verso	Marcianus Graecus Z. 454 (= 822) (Venetus A), folio 211v	urn:cite:hmt:codex.msA
msA	423	urn:cite:hmt:msA.212r	recto	Marcianus Graecus Z. 454 (= 822) (Venetus A), folio 212r	urn:cite:hmt:codex.msA
msA	424	urn:cite:hmt:msA.212v	verso	Marcianus Graecus Z. 454 (= 822) (Venetus A), folio 212v	urn:cite:hmt:codex.msA
msA	425	urn:cite:hmt:msA.213r	recto	Marcianus Graecus Z. 454 (= 822) (Venetus A), folio 213r	urn:cite:hmt:codex.msA
msA	426	urn:cite:hmt:msA.213v	verso	Marcianus Graecus Z. 454 (= 822) (Venetus A), folio 213v	urn:cite:hmt:codex.msA
msA	427	urn:cite:hmt:msA.214r	recto	Marcianus Graecus Z. 454 (= 822) (Venetus A), folio 214r	urn:cite:hmt:codex.msA
msA	428	urn:cite:hmt:msA.214v	verso	Marcianus Graecus Z. 454 (= 822) (Venetus A), folio 214v	urn:cite:hmt:codex.msA
msA	429	urn:cite:hmt:msA.215r	recto	Marcianus Graecus Z. 454 (= 822) (Venetus A), folio 215r	urn:cite:hmt:codex.msA
msA	430	urn:cite:hmt:msA.215v	verso	Marcianus Graecus Z. 454 (= 822) (Venetus A), folio 215v	urn:cite:hmt:codex.msA
msA	431	urn:cite:hmt:msA.216r	recto	Marcianus Graecus Z. 454 (= 822) (Venetus A), folio 216r	urn:cite:hmt:codex.msA
msA	432	urn:cite:hmt:msA.216v	verso	Marcianus Graecus Z. 454 (= 822) (Venetus A), folio 216v	urn:cite:hmt:codex.msA
msA	433	urn:cite:hmt:msA.217r	recto	Marcianus Graecus Z. 454 (= 822) (Venetus A), folio 217r	urn:cite:hmt:codex.msA
msA	434	urn:cite:hmt:msA.217v	verso	Marcianus Graecus Z. 454 (= 822) (Venetus A), folio 217v	urn:cite:hmt:codex.msA
msA	435	urn:cite:hmt:msA.218r	recto	Marcianus Graecus Z. 454 (= 822) (Venetus A), folio 218r	urn:cite:hmt:codex.msA
msA	436	urn:cite:hmt:msA.218v	verso	Marcianus Graecus Z. 454 (= 822) (Venetus A), folio 218v	urn:cite:hmt:codex.msA
msA	437	urn:cite:hmt:msA.219r	recto	Marcianus Graecus Z. 454 (= 822) (Venetus A), folio 219r	urn:cite:hmt:codex.msA
msA	438	urn:cite:hmt:msA.219v	verso	Marcianus Graecus Z. 454 (= 822) (Venetus A), folio 219v	urn:cite:hmt:codex.msA
msA	439	urn:cite:hmt:msA.220r	recto	Marcianus Graecus Z. 454 (= 822) (Venetus A), folio 220r	urn:cite:hmt:codex.msA
msA	440	urn:cite:hmt:msA.220v	verso	Marcianus Graecus Z. 454 (= 822) (Venetus A), folio 220v	urn:cite:hmt:codex.msA
msA	441	urn:cite:hmt:msA.221r	recto	Marcianus Graecus Z. 454 (= 822) (Venetus A), folio 221r	urn:cite:hmt:codex.msA
msA	442	urn:cite:hmt:msA.221v	verso	Marcianus Graecus Z. 454 (= 822) (Venetus A), folio 221v	urn:cite:hmt:codex.msA
msA	443	urn:cite:hmt:msA.222r	recto	Marcianus Graecus Z. 454 (= 822) (Venetus A), folio 222r	urn:cite:hmt:codex.msA
msA	444	urn:cite:hmt:msA.222v	verso	Marcianus Graecus Z. 454 (= 822) (Venetus A), folio 222v	urn:cite:hmt:codex.msA
msA	445	urn:cite:hmt:msA.223r	recto	Marcianus Graecus Z. 454 (= 822) (Venetus A), folio 223r	urn:cite:hmt:codex.msA
msA	446	urn:cite:hmt:msA.223v	verso	Marcianus Graecus Z. 454 (= 822) (Venetus A), folio 223v	urn:cite:hmt:codex.msA
msA	447	urn:cite:hmt:msA.224r	recto	Marcianus Graecus Z. 454 (= 822) (Venetus A), folio 224r	urn:cite:hmt:codex.msA
msA	448	urn:cite:hmt:msA.224v	verso	Marcianus Graecus Z. 454 (= 822) (Venetus A), folio 224v	urn:cite:hmt:codex.msA
msA	449	urn:cite:hmt:msA.225r	recto	Marcianus Graecus Z. 454 (= 822) (Venetus A), folio 225r	urn:cite:hmt:codex.msA
msA	450	urn:cite:hmt:msA.225v	verso	Marcianus Graecus Z. 454 (= 822) (Venetus A), folio 225v	urn:cite:hmt:codex.msA
msA	451	urn:cite:hmt:msA.226r	recto	Marcianus Graecus Z. 454 (= 822) (Venetus A), folio 226r	urn:cite:hmt:codex.msA
msA	452	urn:cite:hmt:msA.226v	verso	Marcianus Graecus Z. 454 (= 822) (Venetus A), folio 226v	urn:cite:hmt:codex.msA
msA	453	urn:cite:hmt:msA.227r	recto	Marcianus Graecus Z. 454 (= 822) (Venetus A), folio 227r	urn:cite:hmt:codex.msA
msA	454	urn:cite:hmt:msA.227v	verso	Marcianus Graecus Z. 454 (= 822) (Venetus A), folio 227v	urn:cite:hmt:codex.msA
msA	455	urn:cite:hmt:msA.228r	recto	Marcianus Graecus Z. 454 (= 822) (Venetus A), folio 228r	urn:cite:hmt:codex.msA
msA	456	urn:cite:hmt:msA.228v	verso	Marcianus Graecus Z. 454 (= 822) (Venetus A), folio 228v	urn:cite:hmt:codex.msA
msA	457	urn:cite:hmt:msA.229r	recto	Marcianus Graecus Z. 454 (= 822) (Venetus A), folio 229r	urn:cite:hmt:codex.msA
msA	458	urn:cite:hmt:msA.229v	verso	Marcianus Graecus Z. 454 (= 822) (Venetus A), folio 229v	urn:cite:hmt:codex.msA
msA	459	urn:cite:hmt:msA.230r	recto	Marcianus Graecus Z. 454 (= 822) (Venetus A), folio 230r	urn:cite:hmt:codex.msA
msA	460	urn:cite:hmt:msA.230v	verso	Marcianus Graecus Z. 454 (= 822) (Venetus A), folio 230v	urn:cite:hmt:codex.msA
msA	461	urn:cite:hmt:msA.231r	recto	Marcianus Graecus Z. 454 (= 822) (Venetus A), folio 231r	urn:cite:hmt:codex.msA
msA	462	urn:cite:hmt:msA.231v	verso	Marcianus Graecus Z. 454 (= 822) (Venetus A), folio 231v	urn:cite:hmt:codex.msA
msA	463	urn:cite:hmt:msA.232r	recto	Marcianus Graecus Z. 454 (= 822) (Venetus A), folio 232r	urn:cite:hmt:codex.msA
msA	464	urn:cite:hmt:msA.232v	verso	Marcianus Graecus Z. 454 (= 822) (Venetus A), folio 232v	urn:cite:hmt:codex.msA
msA	465	urn:cite:hmt:msA.233r	recto	Marcianus Graecus Z. 454 (= 822) (Venetus A), folio 233r	urn:cite:hmt:codex.msA
msA	466	urn:cite:hmt:msA.233v	verso	Marcianus Graecus Z. 454 (= 822) (Venetus A), folio 233v	urn:cite:hmt:codex.msA
msA	467	urn:cite:hmt:msA.234r	recto	Marcianus Graecus Z. 454 (= 822) (Venetus A), folio 234r	urn:cite:hmt:codex.msA
msA	468	urn:cite:hmt:msA.234v	verso	Marcianus Graecus Z. 454 (= 822) (Venetus A), folio 234v	urn:cite:hmt:codex.msA
msA	469	urn:cite:hmt:msA.235r	recto	Marcianus Graecus Z. 454 (= 822) (Venetus A), folio 235r	urn:cite:hmt:codex.msA
msA	470	urn:cite:hmt:msA.235v	verso	Marcianus Graecus Z. 454 (= 822) (Venetus A), folio 235v	urn:cite:hmt:codex.msA
msA	471	urn:cite:hmt:msA.236r	recto	Marcianus Graecus Z. 454 (= 822) (Venetus A), folio 236r	urn:cite:hmt:codex.msA
msA	472	urn:cite:hmt:msA.236v	verso	Marcianus Graecus Z. 454 (= 822) (Venetus A), folio 236v	urn:cite:hmt:codex.msA
msA	473	urn:cite:hmt:msA.237r	recto	Marcianus Graecus Z. 454 (= 822) (Venetus A), folio 237r	urn:cite:hmt:codex.msA
msA	474	urn:cite:hmt:msA.237v	verso	Marcianus Graecus Z. 454 (= 822) (Venetus A), folio 237v	urn:cite:hmt:codex.msA
msA	475	urn:cite:hmt:msA.238r	recto	Marcianus Graecus Z. 454 (= 822) (Venetus A), folio 238r	urn:cite:hmt:codex.msA
msA	476	urn:cite:hmt:msA.238v	verso	Marcianus Graecus Z. 454 (= 822) (Venetus A), folio 238v	urn:cite:hmt:codex.msA
msA	477	urn:cite:hmt:msA.239r	recto	Marcianus Graecus Z. 454 (= 822) (Venetus A), folio 239r	urn:cite:hmt:codex.msA
msA	478	urn:cite:hmt:msA.239v	verso	Marcianus Graecus Z. 454 (= 822) (Venetus A), folio 239v	urn:cite:hmt:codex.msA
msA	479	urn:cite:hmt:msA.240r	recto	Marcianus Graecus Z. 454 (= 822) (Venetus A), folio 240r	urn:cite:hmt:codex.msA
msA	480	urn:cite:hmt:msA.240v	verso	Marcianus Graecus Z. 454 (= 822) (Venetus A), folio 240v	urn:cite:hmt:codex.msA
msA	481	urn:cite:hmt:msA.241r	recto	Marcianus Graecus Z. 454 (= 822) (Venetus A), folio 241r	urn:cite:hmt:codex.msA
msA	482	urn:cite:hmt:msA.241v	verso	Marcianus Graecus Z. 454 (= 822) (Venetus A), folio 241v	urn:cite:hmt:codex.msA
msA	483	urn:cite:hmt:msA.242r	recto	Marcianus Graecus Z. 454 (= 822) (Venetus A), folio 242r	urn:cite:hmt:codex.msA
msA	484	urn:cite:hmt:msA.242v	verso	Marcianus Graecus Z. 454 (= 822) (Venetus A), folio 242v	urn:cite:hmt:codex.msA
msA	485	urn:cite:hmt:msA.243r	recto	Marcianus Graecus Z. 454 (= 822) (Venetus A), folio 243r	urn:cite:hmt:codex.msA
msA	486	urn:cite:hmt:msA.243v	verso	Marcianus Graecus Z. 454 (= 822) (Venetus A), folio 243v	urn:cite:hmt:codex.msA
msA	487	urn:cite:hmt:msA.244r	recto	Marcianus Graecus Z. 454 (= 822) (Venetus A), folio 244r	urn:cite:hmt:codex.msA
msA	488	urn:cite:hmt:msA.244v	verso	Marcianus Graecus Z. 454 (= 822) (Venetus A), folio 244v	urn:cite:hmt:codex.msA
msA	489	urn:cite:hmt:msA.245r	recto	Marcianus Graecus Z. 454 (= 822) (Venetus A), folio 245r	urn:cite:hmt:codex.msA
msA	490	urn:cite:hmt:msA.245v	verso	Marcianus Graecus Z. 454 (= 822) (Venetus A), folio 245v	urn:cite:hmt:codex.msA
msA	491	urn:cite:hmt:msA.246r	recto	Marcianus Graecus Z. 454 (= 822) (Venetus A), folio 246r	urn:cite:hmt:codex.msA
msA	492	urn:cite:hmt:msA.246v	verso	Marcianus Graecus Z. 454 (= 822) (Venetus A), folio 246v	urn:cite:hmt:codex.msA
msA	493	urn:cite:hmt:msA.247r	recto	Marcianus Graecus Z. 454 (= 822) (Venetus A), folio 247r	urn:cite:hmt:codex.msA
msA	494	urn:cite:hmt:msA.247v	verso	Marcianus Graecus Z. 454 (= 822) (Venetus A), folio 247v	urn:cite:hmt:codex.msA
msA	495	urn:cite:hmt:msA.248r	recto	Marcianus Graecus Z. 454 (= 822) (Venetus A), folio 248r	urn:cite:hmt:codex.msA
msA	496	urn:cite:hmt:msA.248v	verso	Marcianus Graecus Z. 454 (= 822) (Venetus A), folio 248v	urn:cite:hmt:codex.msA
msA	497	urn:cite:hmt:msA.249r	recto	Marcianus Graecus Z. 454 (= 822) (Venetus A), folio 249r	urn:cite:hmt:codex.msA
msA	498	urn:cite:hmt:msA.249v	verso	Marcianus Graecus Z. 454 (= 822) (Venetus A), folio 249v	urn:cite:hmt:codex.msA
msA	499	urn:cite:hmt:msA.250r	recto	Marcianus Graecus Z. 454 (= 822) (Venetus A), folio 250r	urn:cite:hmt:codex.msA
msA	500	urn:cite:hmt:msA.250v	verso	Marcianus Graecus Z. 454 (= 822) (Venetus A), folio 250v	urn:cite:hmt:codex.msA
msA	501	urn:cite:hmt:msA.251r	recto	Marcianus Graecus Z. 454 (= 822) (Venetus A), folio 251r	urn:cite:hmt:codex.msA
msA	502	urn:cite:hmt:msA.251v	verso	Marcianus Graecus Z. 454 (= 822) (Venetus A), folio 251v	urn:cite:hmt:codex.msA
msA	503	urn:cite:hmt:msA.252r	recto	Marcianus Graecus Z. 454 (= 822) (Venetus A), folio 252r	urn:cite:hmt:codex.msA
msA	504	urn:cite:hmt:msA.252v	verso	Marcianus Graecus Z. 454 (= 822) (Venetus A), folio 252v	urn:cite:hmt:codex.msA
msA	505	urn:cite:hmt:msA.253r	recto	Marcianus Graecus Z. 454 (= 822) (Venetus A), folio 253r	urn:cite:hmt:codex.msA
msA	506	urn:cite:hmt:msA.253v	verso	Marcianus Graecus Z. 454 (= 822) (Venetus A), folio 253v	urn:cite:hmt:codex.msA
msA	507	urn:cite:hmt:msA.254r	recto	Marcianus Graecus Z. 454 (= 822) (Venetus A), folio 254r	urn:cite:hmt:codex.msA
msA	508	urn:cite:hmt:msA.254v	verso	Marcianus Graecus Z. 454 (= 822) (Venetus A), folio 254v	urn:cite:hmt:codex.msA
msA	509	urn:cite:hmt:msA.255r	recto	Marcianus Graecus Z. 454 (= 822) (Venetus A), folio 255r	urn:cite:hmt:codex.msA
msA	510	urn:cite:hmt:msA.255v	verso	Marcianus Graecus Z. 454 (= 822) (Venetus A), folio 255v	urn:cite:hmt:codex.msA
msA	511	urn:cite:hmt:msA.256r	recto	Marcianus Graecus Z. 454 (= 822) (Venetus A), folio 256r	urn:cite:hmt:codex.msA
msA	512	urn:cite:hmt:msA.256v	verso	Marcianus Graecus Z. 454 (= 822) (Venetus A), folio 256v	urn:cite:hmt:codex.msA
msA	513	urn:cite:hmt:msA.257r	recto	Marcianus Graecus Z. 454 (= 822) (Venetus A), folio 257r	urn:cite:hmt:codex.msA
msA	514	urn:cite:hmt:msA.257v	verso	Marcianus Graecus Z. 454 (= 822) (Venetus A), folio 257v	urn:cite:hmt:codex.msA
msA	515	urn:cite:hmt:msA.258r	recto	Marcianus Graecus Z. 454 (= 822) (Venetus A), folio 258r	urn:cite:hmt:codex.msA
msA	516	urn:cite:hmt:msA.258v	verso	Marcianus Graecus Z. 454 (= 822) (Venetus A), folio 258v	urn:cite:hmt:codex.msA
msA	517	urn:cite:hmt:msA.259r	recto	Marcianus Graecus Z. 454 (= 822) (Venetus A), folio 259r	urn:cite:hmt:codex.msA
msA	518	urn:cite:hmt:msA.259v	verso	Marcianus Graecus Z. 454 (= 822) (Venetus A), folio 259v	urn:cite:hmt:codex.msA
msA	519	urn:cite:hmt:msA.260r	recto	Marcianus Graecus Z. 454 (= 822) (Venetus A), folio 260r	urn:cite:hmt:codex.msA
msA	520	urn:cite:hmt:msA.260v	verso	Marcianus Graecus Z. 454 (= 822) (Venetus A), folio 260v	urn:cite:hmt:codex.msA
msA	521	urn:cite:hmt:msA.261r	recto	Marcianus Graecus Z. 454 (= 822) (Venetus A), folio 261r	urn:cite:hmt:codex.msA
msA	522	urn:cite:hmt:msA.261v	verso	Marcianus Graecus Z. 454 (= 822) (Venetus A), folio 261v	urn:cite:hmt:codex.msA
msA	523	urn:cite:hmt:msA.262r	recto	Marcianus Graecus Z. 454 (= 822) (Venetus A), folio 262r	urn:cite:hmt:codex.msA
msA	524	urn:cite:hmt:msA.262v	verso	Marcianus Graecus Z. 454 (= 822) (Venetus A), folio 262v	urn:cite:hmt:codex.msA
msA	525	urn:cite:hmt:msA.263r	recto	Marcianus Graecus Z. 454 (= 822) (Venetus A), folio 263r	urn:cite:hmt:codex.msA
msA	526	urn:cite:hmt:msA.263v	verso	Marcianus Graecus Z. 454 (= 822) (Venetus A), folio 263v	urn:cite:hmt:codex.msA
msA	527	urn:cite:hmt:msA.264r	recto	Marcianus Graecus Z. 454 (= 822) (Venetus A), folio 264r	urn:cite:hmt:codex.msA
msA	528	urn:cite:hmt:msA.264v	verso	Marcianus Graecus Z. 454 (= 822) (Venetus A), folio 264v	urn:cite:hmt:codex.msA
msA	529	urn:cite:hmt:msA.265r	recto	Marcianus Graecus Z. 454 (= 822) (Venetus A), folio 265r	urn:cite:hmt:codex.msA
msA	530	urn:cite:hmt:msA.265v	verso	Marcianus Graecus Z. 454 (= 822) (Venetus A), folio 265v	urn:cite:hmt:codex.msA
msA	531	urn:cite:hmt:msA.266r	recto	Marcianus Graecus Z. 454 (= 822) (Venetus A), folio 266r	urn:cite:hmt:codex.msA
msA	532	urn:cite:hmt:msA.266v	verso	Marcianus Graecus Z. 454 (= 822) (Venetus A), folio 266v	urn:cite:hmt:codex.msA
msA	533	urn:cite:hmt:msA.267r	recto	Marcianus Graecus Z. 454 (= 822) (Venetus A), folio 267r	urn:cite:hmt:codex.msA
msA	534	urn:cite:hmt:msA.267v	verso	Marcianus Graecus Z. 454 (= 822) (Venetus A), folio 267v	urn:cite:hmt:codex.msA
msA	535	urn:cite:hmt:msA.268r	recto	Marcianus Graecus Z. 454 (= 822) (Venetus A), folio 268r	urn:cite:hmt:codex.msA
msA	536	urn:cite:hmt:msA.268v	verso	Marcianus Graecus Z. 454 (= 822) (Venetus A), folio 268v	urn:cite:hmt:codex.msA
msA	537	urn:cite:hmt:msA.269r	recto	Marcianus Graecus Z. 454 (= 822) (Venetus A), folio 269r	urn:cite:hmt:codex.msA
msA	538	urn:cite:hmt:msA.269v	verso	Marcianus Graecus Z. 454 (= 822) (Venetus A), folio 269v	urn:cite:hmt:codex.msA
msA	539	urn:cite:hmt:msA.270r	recto	Marcianus Graecus Z. 454 (= 822) (Venetus A), folio 270r	urn:cite:hmt:codex.msA
msA	540	urn:cite:hmt:msA.270v	verso	Marcianus Graecus Z. 454 (= 822) (Venetus A), folio 270v	urn:cite:hmt:codex.msA
msA	541	urn:cite:hmt:msA.271r	recto	Marcianus Graecus Z. 454 (= 822) (Venetus A), folio 271r	urn:cite:hmt:codex.msA
msA	542	urn:cite:hmt:msA.271v	verso	Marcianus Graecus Z. 454 (= 822) (Venetus A), folio 271v	urn:cite:hmt:codex.msA
msA	543	urn:cite:hmt:msA.272r	recto	Marcianus Graecus Z. 454 (= 822) (Venetus A), folio 272r	urn:cite:hmt:codex.msA
msA	544	urn:cite:hmt:msA.272v	verso	Marcianus Graecus Z. 454 (= 822) (Venetus A), folio 272v	urn:cite:hmt:codex.msA
msA	545	urn:cite:hmt:msA.273r	recto	Marcianus Graecus Z. 454 (= 822) (Venetus A), folio 273r	urn:cite:hmt:codex.msA
msA	546	urn:cite:hmt:msA.273v	verso	Marcianus Graecus Z. 454 (= 822) (Venetus A), folio 273v	urn:cite:hmt:codex.msA
msA	547	urn:cite:hmt:msA.274r	recto	Marcianus Graecus Z. 454 (= 822) (Venetus A), folio 274r	urn:cite:hmt:codex.msA
msA	548	urn:cite:hmt:msA.274v	verso	Marcianus Graecus Z. 454 (= 822) (Venetus A), folio 274v	urn:cite:hmt:codex.msA
msA	549	urn:cite:hmt:msA.275r	recto	Marcianus Graecus Z. 454 (= 822) (Venetus A), folio 275r	urn:cite:hmt:codex.msA
msA	550	urn:cite:hmt:msA.275v	verso	Marcianus Graecus Z. 454 (= 822) (Venetus A), folio 275v	urn:cite:hmt:codex.msA
msA	551	urn:cite:hmt:msA.276r	recto	Marcianus Graecus Z. 454 (= 822) (Venetus A), folio 276r	urn:cite:hmt:codex.msA
msA	552	urn:cite:hmt:msA.276v	verso	Marcianus Graecus Z. 454 (= 822) (Venetus A), folio 276v	urn:cite:hmt:codex.msA
msA	553	urn:cite:hmt:msA.277r	recto	Marcianus Graecus Z. 454 (= 822) (Venetus A), folio 277r	urn:cite:hmt:codex.msA
msA	554	urn:cite:hmt:msA.277v	verso	Marcianus Graecus Z. 454 (= 822) (Venetus A), folio 277v	urn:cite:hmt:codex.msA
msA	555	urn:cite:hmt:msA.278r	recto	Marcianus Graecus Z. 454 (= 822) (Venetus A), folio 278r	urn:cite:hmt:codex.msA
msA	556	urn:cite:hmt:msA.278v	verso	Marcianus Graecus Z. 454 (= 822) (Venetus A), folio 278v	urn:cite:hmt:codex.msA
msA	557	urn:cite:hmt:msA.279r	recto	Marcianus Graecus Z. 454 (= 822) (Venetus A), folio 279r	urn:cite:hmt:codex.msA
msA	558	urn:cite:hmt:msA.279v	verso	Marcianus Graecus Z. 454 (= 822) (Venetus A), folio 279v	urn:cite:hmt:codex.msA
msA	559	urn:cite:hmt:msA.280r	recto	Marcianus Graecus Z. 454 (= 822) (Venetus A), folio 280r	urn:cite:hmt:codex.msA
msA	560	urn:cite:hmt:msA.280v	verso	Marcianus Graecus Z. 454 (= 822) (Venetus A), folio 280v	urn:cite:hmt:codex.msA
msA	561	urn:cite:hmt:msA.281r	recto	Marcianus Graecus Z. 454 (= 822) (Venetus A), folio 281r	urn:cite:hmt:codex.msA
msA	562	urn:cite:hmt:msA.281v	verso	Marcianus Graecus Z. 454 (= 822) (Venetus A), folio 281v	urn:cite:hmt:codex.msA
msA	563	urn:cite:hmt:msA.282r	recto	Marcianus Graecus Z. 454 (= 822) (Venetus A), folio 282r	urn:cite:hmt:codex.msA
msA	564	urn:cite:hmt:msA.282v	verso	Marcianus Graecus Z. 454 (= 822) (Venetus A), folio 282v	urn:cite:hmt:codex.msA
msA	565	urn:cite:hmt:msA.283r	recto	Marcianus Graecus Z. 454 (= 822) (Venetus A), folio 283r	urn:cite:hmt:codex.msA
msA	566	urn:cite:hmt:msA.283v	verso	Marcianus Graecus Z. 454 (= 822) (Venetus A), folio 283v	urn:cite:hmt:codex.msA
msA	567	urn:cite:hmt:msA.284r	recto	Marcianus Graecus Z. 454 (= 822) (Venetus A), folio 284r	urn:cite:hmt:codex.msA
msA	568	urn:cite:hmt:msA.284v	verso	Marcianus Graecus Z. 454 (= 822) (Venetus A), folio 284v	urn:cite:hmt:codex.msA
msA	569	urn:cite:hmt:msA.285r	recto	Marcianus Graecus Z. 454 (= 822) (Venetus A), folio 285r	urn:cite:hmt:codex.msA
msA	570	urn:cite:hmt:msA.285v	verso	Marcianus Graecus Z. 454 (= 822) (Venetus A), folio 285v	urn:cite:hmt:codex.msA
msA	571	urn:cite:hmt:msA.286r	recto	Marcianus Graecus Z. 454 (= 822) (Venetus A), folio 286r	urn:cite:hmt:codex.msA
msA	572	urn:cite:hmt:msA.286v	verso	Marcianus Graecus Z. 454 (= 822) (Venetus A), folio 286v	urn:cite:hmt:codex.msA
msA	573	urn:cite:hmt:msA.287r	recto	Marcianus Graecus Z. 454 (= 822) (Venetus A), folio 287r	urn:cite:hmt:codex.msA
msA	574	urn:cite:hmt:msA.287v	verso	Marcianus Graecus Z. 454 (= 822) (Venetus A), folio 287v	urn:cite:hmt:codex.msA
msA	575	urn:cite:hmt:msA.288r	recto	Marcianus Graecus Z. 454 (= 822) (Venetus A), folio 288r	urn:cite:hmt:codex.msA
msA	576	urn:cite:hmt:msA.288v	verso	Marcianus Graecus Z. 454 (= 822) (Venetus A), folio 288v	urn:cite:hmt:codex.msA
msA	577	urn:cite:hmt:msA.289r	recto	Marcianus Graecus Z. 454 (= 822) (Venetus A), folio 289r	urn:cite:hmt:codex.msA
msA	578	urn:cite:hmt:msA.289v	verso	Marcianus Graecus Z. 454 (= 822) (Venetus A), folio 289v	urn:cite:hmt:codex.msA
msA	579	urn:cite:hmt:msA.290r	recto	Marcianus Graecus Z. 454 (= 822) (Venetus A), folio 290r	urn:cite:hmt:codex.msA
msA	580	urn:cite:hmt:msA.290v	verso	Marcianus Graecus Z. 454 (= 822) (Venetus A), folio 290v	urn:cite:hmt:codex.msA
msA	581	urn:cite:hmt:msA.291r	recto	Marcianus Graecus Z. 454 (= 822) (Venetus A), folio 291r	urn:cite:hmt:codex.msA
msA	582	urn:cite:hmt:msA.291v	verso	Marcianus Graecus Z. 454 (= 822) (Venetus A), folio 291v	urn:cite:hmt:codex.msA
msA	583	urn:cite:hmt:msA.292r	recto	Marcianus Graecus Z. 454 (= 822) (Venetus A), folio 292r	urn:cite:hmt:codex.msA
msA	584	urn:cite:hmt:msA.292v	verso	Marcianus Graecus Z. 454 (= 822) (Venetus A), folio 292v	urn:cite:hmt:codex.msA
msA	585	urn:cite:hmt:msA.293r	recto	Marcianus Graecus Z. 454 (= 822) (Venetus A), folio 293r	urn:cite:hmt:codex.msA
msA	586	urn:cite:hmt:msA.293v	verso	Marcianus Graecus Z. 454 (= 822) (Venetus A), folio 293v	urn:cite:hmt:codex.msA
msA	587	urn:cite:hmt:msA.294r	recto	Marcianus Graecus Z. 454 (= 822) (Venetus A), folio 294r	urn:cite:hmt:codex.msA
msA	588	urn:cite:hmt:msA.294v	verso	Marcianus Graecus Z. 454 (= 822) (Venetus A), folio 294v	urn:cite:hmt:codex.msA
msA	589	urn:cite:hmt:msA.295r	recto	Marcianus Graecus Z. 454 (= 822) (Venetus A), folio 295r	urn:cite:hmt:codex.msA
msA	590	urn:cite:hmt:msA.295v	verso	Marcianus Graecus Z. 454 (= 822) (Venetus A), folio 295v	urn:cite:hmt:codex.msA
msA	591	urn:cite:hmt:msA.296r	recto	Marcianus Graecus Z. 454 (= 822) (Venetus A), folio 296r	urn:cite:hmt:codex.msA
msA	592	urn:cite:hmt:msA.296v	verso	Marcianus Graecus Z. 454 (= 822) (Venetus A), folio 296v	urn:cite:hmt:codex.msA
msA	593	urn:cite:hmt:msA.297r	recto	Marcianus Graecus Z. 454 (= 822) (Venetus A), folio 297r	urn:cite:hmt:codex.msA
msA	594	urn:cite:hmt:msA.297v	verso	Marcianus Graecus Z. 454 (= 822) (Venetus A), folio 297v	urn:cite:hmt:codex.msA
msA	595	urn:cite:hmt:msA.298r	recto	Marcianus Graecus Z. 454 (= 822) (Venetus A), folio 298r	urn:cite:hmt:codex.msA
msA	596	urn:cite:hmt:msA.298v	verso	Marcianus Graecus Z. 454 (= 822) (Venetus A), folio 298v	urn:cite:hmt:codex.msA
msA	597	urn:cite:hmt:msA.299r	recto	Marcianus Graecus Z. 454 (= 822) (Venetus A), folio 299r	urn:cite:hmt:codex.msA
msA	598	urn:cite:hmt:msA.299v	verso	Marcianus Graecus Z. 454 (= 822) (Venetus A), folio 299v	urn:cite:hmt:codex.msA
msA	599	urn:cite:hmt:msA.300r	recto	Marcianus Graecus Z. 454 (= 822) (Venetus A), folio 300r	urn:cite:hmt:codex.msA
msA	600	urn:cite:hmt:msA.300v	verso	Marcianus Graecus Z. 454 (= 822) (Venetus A), folio 300v	urn:cite:hmt:codex.msA
msA	601	urn:cite:hmt:msA.301r	recto	Marcianus Graecus Z. 454 (= 822) (Venetus A), folio 301r	urn:cite:hmt:codex.msA
msA	602	urn:cite:hmt:msA.301v	verso	Marcianus Graecus Z. 454 (= 822) (Venetus A), folio 301v	urn:cite:hmt:codex.msA
msA	603	urn:cite:hmt:msA.302r	recto	Marcianus Graecus Z. 454 (= 822) (Venetus A), folio 302r	urn:cite:hmt:codex.msA
msA	604	urn:cite:hmt:msA.302v	verso	Marcianus Graecus Z. 454 (= 822) (Venetus A), folio 302v	urn:cite:hmt:codex.msA
msA	605	urn:cite:hmt:msA.303r	recto	Marcianus Graecus Z. 454 (= 822) (Venetus A), folio 303r	urn:cite:hmt:codex.msA
msA	606	urn:cite:hmt:msA.303v	verso	Marcianus Graecus Z. 454 (= 822) (Venetus A), folio 303v	urn:cite:hmt:codex.msA
msA	607	urn:cite:hmt:msA.304r	recto	Marcianus Graecus Z. 454 (= 822) (Venetus A), folio 304r	urn:cite:hmt:codex.msA
msA	608	urn:cite:hmt:msA.304v	verso	Marcianus Graecus Z. 454 (= 822) (Venetus A), folio 304v	urn:cite:hmt:codex.msA
msA	609	urn:cite:hmt:msA.305r	recto	Marcianus Graecus Z. 454 (= 822) (Venetus A), folio 305r	urn:cite:hmt:codex.msA
msA	610	urn:cite:hmt:msA.305v	verso	Marcianus Graecus Z. 454 (= 822) (Venetus A), folio 305v	urn:cite:hmt:codex.msA
msA	611	urn:cite:hmt:msA.306r	recto	Marcianus Graecus Z. 454 (= 822) (Venetus A), folio 306r	urn:cite:hmt:codex.msA
msA	612	urn:cite:hmt:msA.306v	verso	Marcianus Graecus Z. 454 (= 822) (Venetus A), folio 306v	urn:cite:hmt:codex.msA
msA	613	urn:cite:hmt:msA.307r	recto	Marcianus Graecus Z. 454 (= 822) (Venetus A), folio 307r	urn:cite:hmt:codex.msA
msA	614	urn:cite:hmt:msA.307v	verso	Marcianus Graecus Z. 454 (= 822) (Venetus A), folio 307v	urn:cite:hmt:codex.msA
msA	615	urn:cite:hmt:msA.308r	recto	Marcianus Graecus Z. 454 (= 822) (Venetus A), folio 308r	urn:cite:hmt:codex.msA
msA	616	urn:cite:hmt:msA.308v	verso	Marcianus Graecus Z. 454 (= 822) (Venetus A), folio 308v	urn:cite:hmt:codex.msA
msA	617	urn:cite:hmt:msA.309r	recto	Marcianus Graecus Z. 454 (= 822) (Venetus A), folio 309r	urn:cite:hmt:codex.msA
msA	618	urn:cite:hmt:msA.309v	verso	Marcianus Graecus Z. 454 (= 822) (Venetus A), folio 309v	urn:cite:hmt:codex.msA
msA	619	urn:cite:hmt:msA.310r	recto	Marcianus Graecus Z. 454 (= 822) (Venetus A), folio 310r	urn:cite:hmt:codex.msA
msA	620	urn:cite:hmt:msA.310v	verso	Marcianus Graecus Z. 454 (= 822) (Venetus A), folio 310v	urn:cite:hmt:codex.msA
msA	621	urn:cite:hmt:msA.311r	recto	Marcianus Graecus Z. 454 (= 822) (Venetus A), folio 311r	urn:cite:hmt:codex.msA
msA	622	urn:cite:hmt:msA.311v	verso	Marcianus Graecus Z. 454 (= 822) (Venetus A), folio 311v	urn:cite:hmt:codex.msA
msA	623	urn:cite:hmt:msA.312r	recto	Marcianus Graecus Z. 454 (= 822) (Venetus A), folio 312r	urn:cite:hmt:codex.msA
msA	624	urn:cite:hmt:msA.312v	verso	Marcianus Graecus Z. 454 (= 822) (Venetus A), folio 312v	urn:cite:hmt:codex.msA
msA	625	urn:cite:hmt:msA.313r	recto	Marcianus Graecus Z. 454 (= 822) (Venetus A), folio 313r	urn:cite:hmt:codex.msA
msA	626	urn:cite:hmt:msA.313v	verso	Marcianus Graecus Z. 454 (= 822) (Venetus A), folio 313v	urn:cite:hmt:codex.msA
msA	627	urn:cite:hmt:msA.314r	recto	Marcianus Graecus Z. 454 (= 822) (Venetus A), folio 314r	urn:cite:hmt:codex.msA
msA	628	urn:cite:hmt:msA.314v	verso	Marcianus Graecus Z. 454 (= 822) (Venetus A), folio 314v	urn:cite:hmt:codex.msA
msA	629	urn:cite:hmt:msA.315r	recto	Marcianus Graecus Z. 454 (= 822) (Venetus A), folio 315r	urn:cite:hmt:codex.msA
msA	630	urn:cite:hmt:msA.315v	verso	Marcianus Graecus Z. 454 (= 822) (Venetus A), folio 315v	urn:cite:hmt:codex.msA
msA	631	urn:cite:hmt:msA.316r	recto	Marcianus Graecus Z. 454 (= 822) (Venetus A), folio 316r	urn:cite:hmt:codex.msA
msA	632	urn:cite:hmt:msA.316v	verso	Marcianus Graecus Z. 454 (= 822) (Venetus A), folio 316v	urn:cite:hmt:codex.msA
msA	633	urn:cite:hmt:msA.317r	recto	Marcianus Graecus Z. 454 (= 822) (Venetus A), folio 317r	urn:cite:hmt:codex.msA
msA	634	urn:cite:hmt:msA.317v	verso	Marcianus Graecus Z. 454 (= 822) (Venetus A), folio 317v	urn:cite:hmt:codex.msA
msA	635	urn:cite:hmt:msA.318r	recto	Marcianus Graecus Z. 454 (= 822) (Venetus A), folio 318r	urn:cite:hmt:codex.msA
msA	636	urn:cite:hmt:msA.318v	verso	Marcianus Graecus Z. 454 (= 822) (Venetus A), folio 318v	urn:cite:hmt:codex.msA
msA	637	urn:cite:hmt:msA.319r	recto	Marcianus Graecus Z. 454 (= 822) (Venetus A), folio 319r	urn:cite:hmt:codex.msA
msA	638	urn:cite:hmt:msA.319v	verso	Marcianus Graecus Z. 454 (= 822) (Venetus A), folio 319v	urn:cite:hmt:codex.msA
msA	639	urn:cite:hmt:msA.320r	recto	Marcianus Graecus Z. 454 (= 822) (Venetus A), folio 320r	urn:cite:hmt:codex.msA
msA	640	urn:cite:hmt:msA.320v	verso	Marcianus Graecus Z. 454 (= 822) (Venetus A), folio 320v	urn:cite:hmt:codex.msA
msA	641	urn:cite:hmt:msA.321r	recto	Marcianus Graecus Z. 454 (= 822) (Venetus A), folio 321r	urn:cite:hmt:codex.msA
msA	642	urn:cite:hmt:msA.321v	verso	Marcianus Graecus Z. 454 (= 822) (Venetus A), folio 321v	urn:cite:hmt:codex.msA
msA	643	urn:cite:hmt:msA.322r	recto	Marcianus Graecus Z. 454 (= 822) (Venetus A), folio 322r	urn:cite:hmt:codex.msA
msA	644	urn:cite:hmt:msA.322v	verso	Marcianus Graecus Z. 454 (= 822) (Venetus A), folio 322v	urn:cite:hmt:codex.msA
msA	645	urn:cite:hmt:msA.323r	recto	Marcianus Graecus Z. 454 (= 822) (Venetus A), folio 323r	urn:cite:hmt:codex.msA
msA	646	urn:cite:hmt:msA.323v	verso	Marcianus Graecus Z. 454 (= 822) (Venetus A), folio 323v	urn:cite:hmt:codex.msA
msA	647	urn:cite:hmt:msA.324r	recto	Marcianus Graecus Z. 454 (= 822) (Venetus A), folio 324r	urn:cite:hmt:codex.msA
msA	648	urn:cite:hmt:msA.324v	verso	Marcianus Graecus Z. 454 (= 822) (Venetus A), folio 324v	urn:cite:hmt:codex.msA
msA	649	urn:cite:hmt:msA.325r	recto	Marcianus Graecus Z. 454 (= 822) (Venetus A), folio 325r	urn:cite:hmt:codex.msA
msA	650	urn:cite:hmt:msA.325v	verso	Marcianus Graecus Z. 454 (= 822) (Venetus A), folio 325v	urn:cite:hmt:codex.msA
msA	651	urn:cite:hmt:msA.326r	recto	Marcianus Graecus Z. 454 (= 822) (Venetus A), folio 326r	urn:cite:hmt:codex.msA
msA	652	urn:cite:hmt:msA.326v	verso	Marcianus Graecus Z. 454 (= 822) (Venetus A), folio 326v	urn:cite:hmt:codex.msA
msA	653	urn:cite:hmt:msA.327r	recto	Marcianus Graecus Z. 454 (= 822) (Venetus A), folio 327r	urn:cite:hmt:codex.msA
msA	654	urn:cite:hmt:msA.327v	verso	Marcianus Graecus Z. 454 (= 822) (Venetus A), folio 327v	urn:cite:hmt:codex.msA
