Text,Comment,Image,Folio
urn:cts:greekLit:tlg5026.msA.hmt:14.B1,"First main scholion of 180v","urn:cite:hmt:vaimg.VA180VN_0682@0.24392041,0.13997234,0.68920413,0.04024896",urn:cite:hmt:msA.180v
urn:cts:greekLit:tlg5026.msA.hmt:14.B2,"Second main scholion of 180v","urn:cite:hmt:vaimg.VA180VN_0682@0.24778924,0.16625173,0.67815033,0.04730290",urn:cite:hmt:msA.180v
urn:cts:greekLit:tlg5026.msA.hmt:14.B3,"Third main scholion of 180v","urn:cite:hmt:vaimg.VA180VN_0682@0.24392041,0.20069156,0.67538688,0.02116183",urn:cite:hmt:msA.180v
urn:cts:greekLit:tlg5026.msA.hmt:14.B4,"Fourth main scholion of 180v","urn:cite:hmt:vaimg.VA180VN_0682@0.24060427,0.22351314,0.20670597,0.02282158",urn:cite:hmt:msA.180v
urn:cts:greekLit:tlg5026.msA.hmt:14.B5,"Fifth main scholion of 180v","urn:cite:hmt:vaimg.VA180VN_0682@0.24392041,0.24426003,0.20504790,0.04813278",urn:cite:hmt:msA.180v
urn:cts:greekLit:tlg5026.msA.hmt:14.B6,"Sixth main scholion of 180v","urn:cite:hmt:vaimg.VA180VN_0682@0.24649963,0.28976487,0.21554901,0.03789765",urn:cite:hmt:msA.180v
urn:cts:greekLit:tlg5026.msA.hmt:14.B7,"Seventh main scholion of 180v","urn:cite:hmt:vaimg.VA180VN_0682@0.24318349,0.31438451,0.22623434,0.05864454",urn:cite:hmt:msA.180v
urn:cts:greekLit:tlg5026.msA.hmt:14.B8,"Eighth main scholion of 180v","urn:cite:hmt:vaimg.VA180VN_0682@0.37288136,0.35919779,0.09506264,0.01300138",urn:cite:hmt:msA.180v
urn:cts:greekLit:tlg5026.msA.hmt:14.B9,"Ninth main scholion of 180v","urn:cite:hmt:vaimg.VA180VN_0682@0.23286662,0.37164592,0.23876197,0.05809129",urn:cite:hmt:msA.180v
urn:cts:greekLit:tlg5026.msA.hmt:14.B10,"Tenth main scholion of 180v","urn:cite:hmt:vaimg.VA180VN_0682@0.24318349,0.42946058,0.21075903,0.02461964",urn:cite:hmt:msA.180v
urn:cts:greekLit:tlg5026.msA.hmt:14.B11,"Eleventh main scholion of 180v","urn:cite:hmt:vaimg.VA180VN_0682@0.24465733,0.44163209,0.22218128,0.10235131",urn:cite:hmt:msA.180v
urn:cts:greekLit:tlg5026.msA.hmt:14.B12,"Twelfth main scholion of 180v","urn:cite:hmt:vaimg.VA180VN_0682@0.23544584,0.54287690,0.24576271,0.08132780",urn:cite:hmt:msA.180v
urn:cts:greekLit:tlg5026.msA.hmt:14.B13,"Thirteenth main scholion of 180v","urn:cite:hmt:vaimg.VA180VN_0682@0.24649963,0.62337483,0.22107590,0.03762102",urn:cite:hmt:msA.180v
urn:cts:greekLit:tlg5026.msA.hmt:14.B14,"Fourteenth main scholion of 180v","urn:cite:hmt:vaimg.VA180VN_0682@0.24170965,0.65712310,0.22365512,0.06943292",urn:cite:hmt:msA.180v
urn:cts:greekLit:tlg5026.msA.hmt:14.B15,"Fifteenth main scholion of 180v","urn:cite:hmt:vaimg.VA180VN_0682@0.25423729,0.72448133,0.69307296,0.03195021",urn:cite:hmt:msA.180v
urn:cts:greekLit:tlg5026.msA.hmt:14.B16,"First main Scholion of 181r","urn:cite:hmt:vaimg.VA181RN_0182@0.16414886,0.10954357,0.61090641,0.07192254",urn:cite:hmt:msA.181r
urn:cts:greekLit:tlg5026.msA.hmt:14.B17,"Second main Scholion of 181r","urn:cite:hmt:vaimg.VA181RN_0182@0.56834930,0.39626556,0.20670597,0.05311203",urn:cite:hmt:msA.181r
urn:cts:greekLit:tlg5026.msA.hmt:14.B18,"Third main Scholion of 181r","urn:cite:hmt:vaimg.VA181RN_0182@0.56355932,0.44688797,0.20670597,0.07275242",urn:cite:hmt:msA.181r
urn:cts:greekLit:tlg5026.msA.hmt:14.B19,"Fourth main Scholion of 181r","urn:cite:hmt:vaimg.VA181RN_0182@0.56098010,0.50525588,0.21518055,0.04619640",urn:cite:hmt:msA.181r
urn:cts:greekLit:tlg5026.msA.hmt:14.B20,"Fifth main Scholion of 181r","urn:cite:hmt:vaimg.VA181RN_0182@0.55619013,0.55117566,0.21407517,0.12641770",urn:cite:hmt:msA.181r
urn:cts:greekLit:tlg5026.msA.hmt:14.B21,"Sixth main Scholion of 181r","urn:cite:hmt:vaimg.VA181RN_0182@0.14314665,0.67441217,0.63080324,0.06860304",urn:cite:hmt:msA.181r
urn:cts:greekLit:tlg5026.msA.hmt:14.B22,"Seventh main Scholion of 181r","urn:cite:hmt:vaimg.VA181RN_0182@0.14959469,0.72282158,0.61827561,0.05034578",urn:cite:hmt:msA.181r
urn:cts:greekLit:tlg5026.msA.hmt:14.B23,"Eighth main Scholion of 181r","urn:cite:hmt:vaimg.VA181RN_0182@0.15401621,0.75435685,0.61016949,0.05089903",urn:cite:hmt:msA.181r
urn:cts:greekLit:tlg5026.msA.hmt:14.B24,"Ninth main Scholion of 181r","urn:cite:hmt:vaimg.VA181RN_0182@0.14959469,0.79917012,0.52910833,0.01715076",urn:cite:hmt:msA.181r
urn:cts:greekLit:tlg5026.msA.hmt:14.E1,"First main scholion of 181v, Iliad 14","urn:cite:hmt:vaimg.VA181VN_0683@0.23212970,0.36293223,0.20486367,0.08243430",urn:cite:hmt:msA.181v
urn:cts:greekLit:tlg5026.msA.hmt:14.E2,"Second main scholion of 181v, Iliad 14","urn:cite:hmt:vaimg.VA181VN_0683@0.25313191,0.43042877,0.18901990,0.05449516",urn:cite:hmt:msA.181v
urn:cts:greekLit:tlg5026.msA.hmt:14.E3,"Third main scholion of 181v, Iliad 14","urn:cite:hmt:vaimg.VA181VN_0683@0.23949889,0.46694329,0.20265291,0.03236515",urn:cite:hmt:msA.181v
urn:cts:greekLit:tlg5026.msA.hmt:14.E4,"Fourth main scholion of 181v, Iliad 14","urn:cite:hmt:vaimg.VA181VN_0683@0.26492262,0.49709544,0.17354458,0.03983402",urn:cite:hmt:msA.181v
urn:cts:greekLit:tlg5026.msA.hmt:14.E5,"Fifth main scholion of 181v, Iliad 14","urn:cite:hmt:vaimg.VA181VN_0683@0.25497421,0.52807746,0.20081061,0.04370678",urn:cite:hmt:msA.181v
urn:cts:greekLit:tlg5026.msA.hmt:14.E6,"Sixth main scholion of 181v, Iliad 14","urn:cite:hmt:vaimg.VA181VN_0683@0.25460575,0.56874136,0.20117907,0.02710927",urn:cite:hmt:msA.181v
urn:cts:greekLit:tlg5026.msA.hmt:14.E7,"Seventh main scholion of 181v, Iliad 14","urn:cite:hmt:vaimg.VA181VN_0683@0.25423729,0.59363762,0.20302137,0.09681881",urn:cite:hmt:msA.181v
urn:cts:greekLit:tlg5026.msA.hmt:14.E8,"First main scholion of 182r, Iliad 14","urn:cite:hmt:vaimg.VA182RN_0183@0.17133382,0.11203320,0.59358880,0.02157676",urn:cite:hmt:msA.182r
urn:cts:greekLit:tlg5026.msA.hmt:14.E9,"Second main scholion of 182r, Iliad 14","urn:cite:hmt:vaimg.VA182RN_0183@0.16967576,0.12987552,0.61790715,0.06307054",urn:cite:hmt:msA.182r
urn:cts:greekLit:tlg5026.msA.hmt:14.E10,"Third main scholion of 182r, Iliad 14","urn:cite:hmt:vaimg.VA182RN_0183@0.60187915,0.37690180,0.17980840,0.16071923",urn:cite:hmt:msA.182r
urn:cts:greekLit:tlg5026.msA.hmt:14.E11,"Fourth main scholion of 182r, Iliad 14","urn:cite:hmt:vaimg.VA182RN_0183@0.57166544,0.54177040,0.20228445,0.09654219",urn:cite:hmt:msA.182r
urn:cts:greekLit:tlg5026.msA.hmt:14.E12,"Fifth main scholion of 182r, Iliad 14","urn:cite:hmt:vaimg.VA182RN_0183@0.59893147,0.64107884,0.18312454,0.08852006",urn:cite:hmt:msA.182r
urn:cts:greekLit:tlg5026.msA.hmt:14.E13,"First main scholion of 182v, Iliad 14","urn:cite:hmt:vaimg.VA182VN_0684@0.23489315,0.38354080,0.21518055,0.11037344",urn:cite:hmt:msA.182v
urn:cts:greekLit:tlg5026.msA.hmt:14.E14,"Second main scholion of 182v, Iliad 14","urn:cite:hmt:vaimg.VA182VN_0684@0.23489315,0.48201936,0.20265291,0.07634855",urn:cite:hmt:msA.182v
urn:cts:greekLit:tlg5026.msA.hmt:14.E15,"Third main scholion of 182v, Iliad 14","urn:cite:hmt:vaimg.VA182VN_0684@0.24005158,0.54038728,0.21186441,0.05919779",urn:cite:hmt:msA.182v
urn:cts:greekLit:tlg5026.msA.hmt:14.E16,"Fourth main scholion of 182v, Iliad 14","urn:cite:hmt:vaimg.VA182VN_0684@0.24226234,0.59764869,0.20523213,0.08105118",urn:cite:hmt:msA.182v
urn:cts:greekLit:tlg5026.msA.hmt:14.E17,"Fifth main scholion of 182v, Iliad 14","urn:cite:hmt:vaimg.VA182VN_0684@0.24742078,0.66625173,0.20781135,0.04149378",urn:cite:hmt:msA.182v
urn:cts:greekLit:tlg5026.msA.hmt:14.E18,"Sixth main scholion of 182v, Iliad 14","urn:cite:hmt:vaimg.VA182VN_0684@0.24115696,0.70553250,0.51142225,0.04370678",urn:cite:hmt:msA.182v
urn:cts:greekLit:tlg5026.msA.hmt:14.E19,"Seventh main scholion of 182v, Iliad 14","urn:cite:hmt:vaimg.VA182VN_0684@0.24944731,0.72752420,0.68551953,0.09128631",urn:cite:hmt:msA.182v
urn:cts:greekLit:tlg5026.msA.hmt:14.G1,"First main scholion of 183r","urn:cite:hmt:vaimg.VA183RN_0184@0.16064849,0.10954357,0.62675018,0.04813278",urn:cite:hmt:msA.183r
urn:cts:greekLit:tlg5026.msA.hmt:14.G2,"Second Main Scholion of 183r","urn:cite:hmt:vaimg.VA183RN_0184@0.16507001,0.14190871,0.61569639,0.02655602",urn:cite:hmt:msA.183r
urn:cts:greekLit:tlg5026.msA.hmt:14.G3,"Third Main Scholion of 183r","urn:cite:hmt:vaimg.VA183RN_0184@0.17059690,0.15352697,0.60795873,0.02904564",urn:cite:hmt:msA.183r
urn:cts:greekLit:tlg5026.msA.hmt:14.G4,"Fourth Main Scholion of 183r","urn:cite:hmt:vaimg.VA183RN_0184@0.59801032,0.38948824,0.18054532,0.08354080",urn:cite:hmt:msA.183r
urn:cts:greekLit:tlg5026.msA.hmt:14.G5,"Fifth Main Scholion of 183r","urn:cite:hmt:vaimg.VA183RN_0184@0.59211496,0.47192254,0.19528371,0.10622407",urn:cite:hmt:msA.183r
urn:cts:greekLit:tlg5026.msA.hmt:14.G6,"Sixth Main Scholion of 183r","urn:cite:hmt:vaimg.VA183RN_0184@0.58732498,0.57427386,0.20062638,0.13402490",urn:cite:hmt:msA.183r
urn:cts:greekLit:tlg5026.msA.hmt:14.G7,"Seventh Main Scholion of 183r","urn:cite:hmt:vaimg.VA183RN_0184@0.13706706,0.69792531,0.63669860,0.05532503",urn:cite:hmt:msA.183r
urn:cts:greekLit:tlg5026.msA.hmt:14.G8,"Eigth Main Scholion of 183r","urn:cite:hmt:vaimg.VA183RN_0184@0.14425203,0.75518672,0.62453943,0.03070539",urn:cite:hmt:msA.183r
urn:cts:greekLit:tlg5026.msA.hmt:14.G9,"Ninth Main Scholion of 183r","urn:cite:hmt:vaimg.VA183RN_0184@0.15420044,0.76846473,0.61127487,0.03319502",urn:cite:hmt:msA.183r
urn:cts:greekLit:tlg5026.msA.hmt:14.G10,"First Main Scholia of 183v","urn:cite:hmt:vaimg.VA183VN_0685@0.23728814,0.11867220,0.65327929,0.03983402",urn:cite:hmt:msA.183v
urn:cts:greekLit:tlg5026.msA.hmt:14.G11,"Second Main Scholia of 183v","urn:cite:hmt:vaimg.VA183VN_0685@0.24281503,0.14605809,0.65217391,0.03651452",urn:cite:hmt:msA.183v
urn:cts:greekLit:tlg5026.msA.hmt:14.G12,"Third Main Scholia of 183v","urn:cite:hmt:vaimg.VA183VN_0685@0.23839352,0.33831259,0.20854827,0.06362379",urn:cite:hmt:msA.183v
urn:cts:greekLit:tlg5026.msA.hmt:14.G13,"Fourth Main Scholia of 183v","urn:cite:hmt:vaimg.VA183VN_0685@0.24207811,0.38976487,0.21223287,0.03319502",urn:cite:hmt:msA.183v
urn:cts:greekLit:tlg5026.msA.hmt:14.G14,"Fifth Main Scholia of 183v","urn:cite:hmt:vaimg.VA183VN_0685@0.24281503,0.42517289,0.21223287,0.07192254",urn:cite:hmt:msA.183v
urn:cts:greekLit:tlg5026.msA.hmt:14.G15,"Sixth Main Scholia of 183v","urn:cite:hmt:vaimg.VA183VN_0685@0.23765660,0.48381743,0.20412675,0.07468880",urn:cite:hmt:msA.183v
urn:cts:greekLit:tlg5026.msA.hmt:14.G16,"Seventh Main Scholia of 183v","urn:cite:hmt:vaimg.VA183VN_0685@0.22918202,0.55089903,0.22328666,0.04647303",urn:cite:hmt:msA.183v
urn:cts:greekLit:tlg5026.msA.hmt:14.G17,"Eigth Main Scholia of 183v","urn:cite:hmt:vaimg.VA183VN_0685@0.24023581,0.59294606,0.23212970,0.06196404",urn:cite:hmt:msA.183v
urn:cts:greekLit:tlg5026.msA.hmt:14.G18,"Ninth Main Scholia of 183v","urn:cite:hmt:vaimg.VA183VN_0685@0.22918202,0.64398340,0.68754606,0.12448133",urn:cite:hmt:msA.183v
urn:cts:greekLit:tlg5026.msA.hmt:14.G19,"Tenth Main Scholia of 183v","urn:cite:hmt:vaimg.VA183VN_0685@0.24686809,0.76846473,0.68865144,0.03153527",urn:cite:hmt:msA.183v
urn:cts:greekLit:tlg5026.msA.hmt:14.G20,"Eleventh Main Scholia of 183v","urn:cite:hmt:vaimg.VA183VN_0685@0.25607959,0.78257261,0.66433309,0.04066390",urn:cite:hmt:msA.183v
urn:cts:greekLit:tlg5026.msA.hmt:14.G21,"Twelth Main Scholia of 183v","urn:cite:hmt:vaimg.VA183VN_0685@0.24797347,0.80912863,0.68975682,0.04066390",urn:cite:hmt:msA.183v
urn:cts:greekLit:tlg5026.msA.hmt:14.G22,"Thirteenth Main Scholia of 183v","urn:cite:hmt:vaimg.VA183VN_0685@0.23728814,0.84232365,0.61459101,0.02904564",urn:cite:hmt:msA.183v
urn:cts:greekLit:tlg5026.msA.hmt:14.C1,"First main scholion of 184r","urn:cite:hmt:vaimg.VA184RN_0185@0.16101695,0.10995851,0.61514370,0.03319502",urn:cite:hmt:msA.184r
urn:cts:greekLit:tlg5026.msA.hmt:14.C2,"Second main scholion of 184r","urn:cite:hmt:vaimg.VA184RN_0185@0.15420044,0.12821577,0.61293294,0.02987552",urn:cite:hmt:msA.184r
urn:cts:greekLit:tlg5026.msA.hmt:14.C3,"Third main scholion of 184r","urn:cite:hmt:vaimg.VA184RN_0185@0.15309506,0.14232365,0.61901253,0.04439834",urn:cite:hmt:msA.184r
urn:cts:greekLit:tlg5026.msA.hmt:14.C4,"Fourth main scholion of 184r","urn:cite:hmt:vaimg.VA184RN_0185@0.15696389,0.17012448,0.61514370,0.05352697",urn:cite:hmt:msA.184r
urn:cts:greekLit:tlg5026.msA.hmt:14.C5,"Fifth main scholion of 184r","urn:cite:hmt:vaimg.VA184RN_0185@0.57535004,0.22323651,0.20228445,0.09419087",urn:cite:hmt:msA.184r
urn:cts:greekLit:tlg5026.msA.hmt:14.C6,"Sixth main scholion of 184r","urn:cite:hmt:vaimg.VA184RN_0185@.15364775,0.71742739,0.62398674,0.03402490",urn:cite:hmt:msA.184r
urn:cts:greekLit:tlg5026.msA.hmt:14.C7,"Seventh main scholion of 184r","urn:cite:hmt:vaimg.VA184RN_0185@0.15088430,0.73775934,0.60630066,0.03858921",urn:cite:hmt:msA.184r
urn:cts:greekLit:tlg5026.msA.hmt:14.C8,"First main scholion of 184v","urn:cite:hmt:vaimg.VA184VN_0686@0.25700074,0.11701245,0.46260133,0.01991701",urn:cite:hmt:msA.184v
urn:cts:greekLit:tlg5026.msA.hmt:14.C9,"Second main scholion of 184v","urn:cite:hmt:vaimg.VA184VN_0686@0.25700074,0.11701245,0.63172439,0.04356846",urn:cite:hmt:msA.184v
urn:cts:greekLit:tlg5026.msA.hmt:14.C10,"Third main scholion of 184v","urn:cite:hmt:vaimg.VA184VN_0686@0.26473839,0.15850622,0.62785556,0.03775934",urn:cite:hmt:msA.184v
urn:cts:greekLit:tlg5026.msA.hmt:14.C11,"Fourth main scholion of 184v","urn:cite:hmt:vaimg.VA184VN_0686@.24263080,0.41037344,0.21831245,0.05684647",urn:cite:hmt:msA.184v
urn:cts:greekLit:tlg5026.msA.hmt:14.C12,"Fifth main scholion of 184v","urn:cite:hmt:vaimg.VA184VN_0686@0.23489315,0.46597510,0.22439204,0.08215768",urn:cite:hmt:msA.184v
urn:cts:greekLit:tlg5026.msA.hmt:14.C13,"Sixth main scholion of 184v","urn:cite:hmt:vaimg.VA184VN_0686@0.24152542,0.54564315,0.21886514,0.05062241",urn:cite:hmt:msA.184v
urn:cts:greekLit:tlg5026.msA.hmt:14.C14,"Seventh main scholion of 184v","urn:cite:hmt:vaimg.VA184VN_0686@0.24981577,0.57966805,0.21002211,0.04813278",urn:cite:hmt:msA.184v
urn:cts:greekLit:tlg5026.msA.hmt:14.C15,"Eighth main scholion of 184v","urn:cite:hmt:vaimg.VA184VN_0686@0.24594694,0.61410788,0.21554901,0.07219917",urn:cite:hmt:msA.184v
urn:cts:greekLit:tlg5026.msA.hmt:14.C16,"Ninth main scholion of 184v","urn:cite:hmt:vaimg.VA184VN_0686@0.24207811,0.68506224,0.64130435,0.05643154",urn:cite:hmt:msA.184v
urn:cts:greekLit:tlg5026.msA.hmt:14.C17,"Tenth main scholion of 184v","urn:cite:hmt:vaimg.VA184VN_0686@0.23894620,0.73900415,0.69141489,0.04232365",urn:cite:hmt:msA.184v
urn:cts:greekLit:tlg5026.msA.hmt:14.C18,"Eleventh main scholion of 184v","urn:cite:hmt:vaimg.VA184VN_0686@0.24723655,0.76431535,0.69141489,0.05726141",urn:cite:hmt:msA.184v
urn:cts:greekLit:tlg5026.msA.hmt:14.C19,"First main scholion of 185r","urn:cite:hmt:vaimg.VA185RN_0186@0.16120118,0.08271093,0.62490789,0.04674965",urn:cite:hmt:msA.185r
urn:cts:greekLit:tlg5026.msA.hmt:14.C20,"Second main scholion of 185r","urn:cite:hmt:vaimg.VA185RN_0186@0.16304348,0.11203320,0.63117170,0.06777317",urn:cite:hmt:msA.185r
urn:cts:greekLit:tlg5026.msA.hmt:14.C21,"Third main scholion of 185r","urn:cite:hmt:vaimg.VA185RN_0186@0.59487841,0.33333333,0.18865144,0.06804979",urn:cite:hmt:msA.185r
urn:cts:greekLit:tlg5026.msA.hmt:14.C22,"Fourth main scholion of 185r","urn:cite:hmt:vaimg.VA185RN_0186@0.60114223,0.39668050,0.19675755,0.07441217",urn:cite:hmt:msA.185r
urn:cts:greekLit:tlg5026.msA.hmt:14.C23,"Fifth main scholion of 185r","urn:cite:hmt:vaimg.VA185RN_0186@0.60261606,0.46832642,0.19123066,0.08188105",urn:cite:hmt:msA.185r
urn:cts:greekLit:tlg5026.msA.hmt:14.C24,"Sixth main scholion of 185r","urn:cite:hmt:vaimg.VA185RN_0186@0.58898305,0.53609959,0.20560059,0.06196404",urn:cite:hmt:msA.185r
urn:cts:greekLit:tlg5026.msA.hmt:14.C25,"Seventh main scholion of 185r","urn:cite:hmt:vaimg.VA185RN_0186@0.10961680,0.59972337,0.67943994,0.11396957",urn:cite:hmt:msA.185r
urn:cts:greekLit:tlg5026.msA.hmt:14.C26,"Eighth main scholion of 185r","urn:cite:hmt:vaimg.VA185RN_0186@0.11293294,0.69709544,0.66801769,0.07302905",urn:cite:hmt:msA.185r
urn:cts:greekLit:tlg5026.msA.hmt:14.C27,"Ninth main scholion of 185r","urn:cite:hmt:vaimg.VA185RN_0186@0.11661754,0.76376210,0.66728077,0.05504841",urn:cite:hmt:msA.185r
urn:cts:greekLit:tlg5026.msA.hmt:14.H1,"Main","urn:cite:hmt:vaimg.VA185VN_0687@0.24742078,0.11286307,0.59745763,0.02821577",urn:cite:hmt:msA.185v
urn:cts:greekLit:tlg5026.msA.hmt:14.H2,"Main","urn:cite:hmt:vaimg.VA185VN_0687@0.25165807,0.11701245,0.64498895,0.03153527",urn:cite:hmt:msA.185v
urn:cts:greekLit:tlg5026.msA.hmt:14.H3,Main,"urn:cite:hmt:vaimg.VA185VN_0687@0.25128961,0.12282158,0.64941046,0.06721992",urn:cite:hmt:msA.185v
urn:cts:greekLit:tlg5026.msA.hmt:14.H4,Main,"urn:cite:hmt:vaimg.VA185VN_0687@0.25460575,0.17925311,0.64222550,0.02863071",urn:cite:hmt:msA.185v
urn:cts:greekLit:tlg5026.msA.hmt:14.H5,Main,"urn:cite:hmt:vaimg.VA185VN_0687@0.24576271,0.19709544,0.65438467,0.02697095",urn:cite:hmt:msA.185v
urn:cts:greekLit:tlg5026.msA.hmt:14.H6,Main,"urn:cite:hmt:vaimg.VA185VN_0687@0.22365512,0.56390041,0.22881356,0.06141079",urn:cite:hmt:msA.185v
urn:cts:greekLit:tlg5026.msA.hmt:14.H7,Main,"urn:cite:hmt:vaimg.VA185VN_0687@0.23636699,0.43983402,0.21554901,0.08049793",urn:cite:hmt:msA.185v
urn:cts:greekLit:tlg5026.msA.hmt:14.H8,Main,"urn:cite:hmt:vaimg.VA185VN_0687@0.24023581,0.51659751,0.21499632,0.05103734",urn:cite:hmt:msA.185v
urn:cts:greekLit:tlg5026.msA.hmt:14.H9,Main,"urn:cite:hmt:vaimg.VA185VN_0687@0.23949889,0.62710927,0.20781135,0.03872752",urn:cite:hmt:msA.185v
urn:cts:greekLit:tlg5026.msA.hmt:14.H10,Main,"urn:cite:hmt:vaimg.VA185VN_0687@0.23894620,0.66639004 ,0.20891673,0.07053942",urn:cite:hmt:msA.185v
urn:cts:greekLit:tlg5026.msA.hmt:14.H11,Main,"urn:cite:hmt:vaimg.VA186RN_0187@0.18496684,0.08188105,0.62196021,0.03706777",urn:cite:hmt:msA.186r
urn:cts:greekLit:tlg5026.msA.hmt:14.H12,Main,"urn:cite:hmt:vaimg.VA186RN_0187@0.18570376,0.10567082,0.62048637,0.05421853",urn:cite:hmt:msA.186r
urn:cts:greekLit:tlg5026.msA.hmt:14.H13,Main,"urn:cite:hmt:vaimg.VA186RN_0187@0.19602063,0.14495159,0.61016949,0.05255878",urn:cite:hmt:msA.186r
urn:cts:greekLit:tlg5026.msA.hmt:14.H14,Main,"urn:cite:hmt:vaimg.VA186RN_0357@0.589,0.3862,0.203,0.0796",urn:cite:hmt:msA.186r
urn:cts:greekLit:tlg5026.msA.hmt:14.H15,Main,"urn:cite:hmt:vaimg.VA186RN_0357@0.594,0.4591,0.189,0.0361",urn:cite:hmt:msA.186r
urn:cts:greekLit:tlg5026.msA.hmt:14.H16,Main,"urn:cite:hmt:vaimg.VA186RN_0357@0.601,0.4853,0.202,0.1623",urn:cite:hmt:msA.186r
urn:cts:greekLit:tlg5026.msA.hmt:14.H17,main,"urn:cite:hmt:vaimg.VA186RN_0357@0.149,0.6424,0.64,0.1082",urn:cite:hmt:msA.186r
urn:cts:greekLit:tlg5026.msA.hmt:14.H18,Main,"urn:cite:hmt:vaimg.VA186RN_0357@0.15,0.7363,0.616,0.0466",urn:cite:hmt:msA.186r
urn:cts:greekLit:tlg5026.msA.hmt:14.H19,Main,"urn:cite:hmt:vaimg.VA186VN_0688@0.24834193,0.11230982,0.62048637,0.04536653",urn:cite:hmt:msA.186v
urn:cts:greekLit:tlg5026.msA.hmt:14.H20,Main,"urn:cite:hmt:vaimg.VA186VN_0688@0.44067797,0.14550484,0.42520265,0.01715076",urn:cite:hmt:msA.186v
urn:cts:greekLit:tlg5026.msA.hmt:14.H21,Main,"urn:cite:hmt:vaimg.VA186VN_0688@0.25497421,0.15601660,0.36919676,0.01991701",urn:cite:hmt:msA.186v
urn:cts:greekLit:tlg5026.msA.hmt:14.H22,Main,"urn:cite:hmt:vaimg.VA186VN_0688@0.25000000,0.15684647,0.63669860,0.21784232",urn:cite:hmt:msA.186v
urn:cts:greekLit:tlg5026.msA.hmt:14.H23,Main,"urn:cite:hmt:vaimg.VA186VN_0688@0.24944731,0.38049793,0.20173176,0.04937759",urn:cite:hmt:msA.186v
urn:cts:greekLit:tlg5026.msA.hmt:14.H24,Main,"urn:cite:hmt:vaimg.VA186VN_0688@0.22015475,0.41452282,0.22881356,0.14813278",urn:cite:hmt:msA.186v
urn:cts:greekLit:tlg5026.msA.hmt:14.H25,Main,"urn:cite:hmt:vaimg.VA186VN_0688@0.22955048,0.54605809,0.21665438,0.05767635",urn:cite:hmt:msA.186v
urn:cts:greekLit:tlg5026.msA.hmt:14.H26,Main,"urn:cite:hmt:vaimg.VA186VN_0688@0.24557848,0.58879668,0.20007369,0.04979253",urn:cite:hmt:msA.186v
urn:cts:greekLit:tlg5026.msA.hmt:14.H27,Main,"urn:cite:hmt:vaimg.VA186VN_0688@0.23894620,0.63443983,0.21389094,0.07178423",urn:cite:hmt:msA.186v
urn:cts:greekLit:tlg5026.msA.hmt:14.H28,Main,"urn:cite:hmt:vaimg.VA186VN_0688@0.24392041,0.69211618,0.21831245,0.02489627",urn:cite:hmt:msA.186v
urn:cts:greekLit:tlg5026.msA.hmt:14.H29,Main,"urn:cite:hmt:vaimg.VA186VN_0688@0.24557848,0.71701245,0.67593957,0.09709544",urn:cite:hmt:msA.186v
urn:cts:greekLit:tlg5026.msA.hmt:14.H30,Main,"urn:cite:hmt:vaimg.VA186VN_0688@0.24944731,0.81037344,0.66820192,0.06224066",urn:cite:hmt:msA.186v
urn:cts:greekLit:tlg5026.msA.hmt:14.A1,"First main scholion 187R","urn:cite:hmt:vaimg.VA187RN_0188@0.16359617,0.09183956,0.61016949,0.20470263",urn:cite:hmt:msA.187r
urn:cts:greekLit:tlg5026.msA.hmt:14.A2,"Second main scholion of 187R","urn:cite:hmt:vaimg.VA187RN_0188@0.61311717,0.32614108,0.17133382,0.08132780",urn:cite:hmt:msA.187r
urn:cts:greekLit:tlg5026.msA.hmt:14.A3,"Third main scholion of 187R","urn:cite:hmt:vaimg.VA187RN_0188@0.61035372,0.40373444,0.17796610,0.22240664",urn:cite:hmt:msA.187r
urn:cts:greekLit:tlg5026.msA.hmt:14.A4,"Fourth main scholion of 187R","urn:cite:hmt:vaimg.VA187RN_0188@0.60980103,0.62365145,0.18680914,0.02863071",urn:cite:hmt:msA.187r
urn:cts:greekLit:tlg5026.msA.hmt:14.A5,"Fifth main scholion of 187R","urn:cite:hmt:vaimg.VA187RN_0358@0.141,0.6536,0.658,0.0811",urn:cite:hmt:msA.187r
urn:cts:greekLit:tlg5026.msA.hmt:14.A6,"Sixth main scholion of 187R","urn:cite:hmt:vaimg.VA187RN_0188@0.13854090,0.70594744,0.64996315,0.04094053",urn:cite:hmt:msA.187r
urn:cts:greekLit:tlg5026.msA.hmt:14.J1,"Seventh main scholion of 187R","urn:cite:hmt:vaimg.VA187RN_0188@0.14001474,0.73029046,0.64259396,0.07856155",urn:cite:hmt:msA.187r
urn:cts:greekLit:tlg5026.msA.hmt:14.A7,"First main scholion of Iliad 187v","urn:cite:hmt:vaimg.VA187VN_0689@0.23913043,0.42213001,0.18570376,0.04757953",urn:cite:hmt:msA.187v
urn:cts:greekLit:tlg5026.msA.hmt:14.A8,"Second main scholion of Iliad 187v","urn:cite:hmt:vaimg.VA187VN_0689@0.24207811,0.46417704,0.18533530,0.04647303",urn:cite:hmt:msA.187v
urn:cts:greekLit:tlg5026.msA.hmt:14.A9,"Third main scholion of Iliad 187v","urn:cite:hmt:vaimg.VA187VN_0689@0.23655122,0.50843707,0.20302137,0.23789765",urn:cite:hmt:msA.187v
urn:cts:greekLit:tlg5026.msA.hmt:14.A10,"Fourth main scholion of Iliad 187v","urn:cite:hmt:vaimg.VA187VN_0689@0.25239499,0.73360996,0.64885777,0.05172891",urn:cite:hmt:msA.187v
urn:cts:greekLit:tlg5026.msA.hmt:14.A11,"Fifth main scholion of Iliad 187v","urn:cite:hmt:vaimg.VA187VN_0689@0.24834193,0.75020747,0.66764923,0.04730290",urn:cite:hmt:msA.187v
urn:cts:greekLit:tlg5026.msA.hmt:14.D1,"First main scholion of 188r","urn:cite:hmt:vaimg.VA188RN_0189@0.58585114,0.23720609,0.19307296,0.05836791",urn:cite:hmt:msA.188r
urn:cts:greekLit:tlg5026.msA.hmt:14.D2,"Second main scholion of 188r","urn:cite:hmt:vaimg.VA188RN_0189@0.57958732,0.29917012,0.19896831,0.25172891",urn:cite:hmt:msA.188r
urn:cts:greekLit:tlg5026.msA.hmt:14.D3,"Third main scholion of 188r","urn:cite:hmt:vaimg.VA188RN_0189@0.57369197,0.54896266,0.19528371,0.07275242",urn:cite:hmt:msA.188r
urn:cts:greekLit:tlg5026.msA.hmt:14.D4,"Fourth main scholion of 188r","urn:cite:hmt:vaimg.VA188RN_0189@0.57037583,0.61950207,0.20154753,0.05670816",urn:cite:hmt:msA.188r
urn:cts:greekLit:tlg5026.msA.hmt:14.D5,"Fifth main scholion of 188r","urn:cite:hmt:vaimg.VA188RN_0189@0.14517318,0.67593361,0.63706706,0.04979253",urn:cite:hmt:msA.188r
urn:cts:greekLit:tlg5026.msA.hmt:14.D6,"Sixth main scholion of 188r","urn:cite:hmt:vaimg.VA188RN_0189@0.14738394,0.72130014,0.62048637,0.02655602",urn:cite:hmt:msA.188r
urn:cts:greekLit:tlg5026.msA.hmt:14.D7,"Seventh main scholion of 188r","urn:cite:hmt:vaimg.VA188RN_0189@0.14959469,0.74453665,0.61901253,0.03098202",urn:cite:hmt:msA.188r
urn:cts:greekLit:tlg5026.msA.hmt:14.D8,"First main scholion of 188v","urn:cite:hmt:vaimg.VA188VN_0690@0.24226234,0.11120332,0.44141489,0.02710927",urn:cite:hmt:msA.188v
urn:cts:greekLit:tlg5026.msA.hmt:14.D9,"Second main scholion of 188v","urn:cite:hmt:vaimg.VA188VN_0690@0.24244657,0.12890733,0.66322771,0.02378976",urn:cite:hmt:msA.188v
urn:cts:greekLit:tlg5026.msA.hmt:14.D10,"Third main scholion of 188v","urn:cite:hmt:vaimg.VA188VN_0690@0.23286662,0.37759336,0.20689020,0.03623790",urn:cite:hmt:msA.188v
urn:cts:greekLit:tlg5026.msA.hmt:14.D11,"Fourth main scholion of 188v","urn:cite:hmt:vaimg.VA188VN_0690@0.23268239,0.41424620,0.21278556,0.03222683",urn:cite:hmt:msA.188v
urn:cts:greekLit:tlg5026.msA.hmt:14.D12,"Fifth main scholion of 188v","urn:cite:hmt:vaimg.VA188VN_0690@0.23194547,0.44979253,0.22181282,0.03416321",urn:cite:hmt:msA.188v
urn:cts:greekLit:tlg5026.msA.hmt:14.D13,"Sixth main scholion of 188v","urn:cite:hmt:vaimg.VA188VN_0690@0.22807664,0.48188105,0.22439204,0.04591978",urn:cite:hmt:msA.188v
urn:cts:greekLit:tlg5026.msA.hmt:14.D14,"Seventh main scholion of 188v","urn:cite:hmt:vaimg.VA188VN_0690@0.45910096,1.05089903,0.45025792,0.05145228",urn:cite:hmt:msA.188v
urn:cts:greekLit:tlg5026.msA.hmt:14.D15,"Eighth main scholion of 188v","urn:cite:hmt:vaimg.VA188VN_0690@0.44731024,1.10401107,0.43846721,0.07026279",urn:cite:hmt:msA.188v
urn:cts:greekLit:tlg5026.msA.hmt:14.D16,"Ninth main scholion of 188v","urn:cite:hmt:vaimg.VA188VN_0690@0.45836404,1.17372061,0.41267502,0.04426003",urn:cite:hmt:msA.188v
urn:cts:greekLit:tlg5026.msA.hmt:14.D17,"Tenth main scholion of 188v","urn:cite:hmt:vaimg.VA188VN_0690@0.44731024,1.21742739,0.44362564,0.07966805",urn:cite:hmt:msA.188v
urn:cts:greekLit:tlg5026.msA.hmt:14.D18,"Eleventh main scholion of 188v.   Additional line, Can be included at 14.420","urn:cite:hmt:vaimg.VA188VN-0690@0.95873250,1.65781466,0.78555637,0.07302905",urn:cite:hmt:msA.188v
urn:cts:greekLit:tlg5026.msA.hmt:14.D19,"First main scholion of 189r","urn:cite:hmt:vaimg.VA189RN_0360@0.61016949,0.26708160,0.19786293,0.11410788",urn:cite:hmt:msA.189r
urn:cts:greekLit:tlg5026.msA.hmt:14.D20,"Second main scholion of 189r","urn:cite:hmt:vaimg.VA189RN_0360@0.61569639,0.37496542,0.18791452,0.13278008",urn:cite:hmt:msA.189r
urn:cts:greekLit:tlg5026.msA.hmt:14.F1,"First main scholion of 189v, Iliad 14","urn:cite:hmt:vaimg.VA189VN_0691@0.21481209,0.37980636,0.21260133,0.05255878",urn:cite:hmt:msA.189v
urn:cts:greekLit:tlg5026.msA.hmt:14.F2,"Second main scholion of 189v, Iliad 14","urn:cite:hmt:vaimg.VA189VN_0691@0.21702284,0.43042877,0.21407517,0.03706777",urn:cite:hmt:msA.189v
urn:cts:greekLit:tlg5026.msA.hmt:14.F3,"Third main scholion of 189v, Iliad 14","urn:cite:hmt:vaimg.VA189VN_0691@0.21665438,0.46307054,0.21481209,0.06556017",urn:cite:hmt:msA.189v
urn:cts:greekLit:tlg5026.msA.hmt:14.F4,"First main scholion of 190r","urn:cite:hmt:vaimg.VA190RN_0191@0.60574797,0.30705394,0.18404569,0.06307054",urn:cite:hmt:msA.190r
urn:cts:greekLit:tlg5026.msA.hmt:14.F5,"Second main scholion of 190r","urn:cite:hmt:vaimg.VA190RN_0191@0.58843036,0.55836791,0.20265291,0.15325035",urn:cite:hmt:msA.190r
urn:cts:greekLit:tlg5026.msA.hmt:14.F6,"Third main scholion of 190r","urn:cite:hmt:vaimg.VA190RN_0191@0.15972734,0.69654219,0.63448784,0.03526971",urn:cite:hmt:msA.190r
urn:cts:greekLit:tlg5026.msA.hmt:14.F7,"Fourth main scholion of 190r","urn:cite:hmt:vaimg.VA190RN_0191@0.16470155,0.71936376,0.62011791,0.03858921",urn:cite:hmt:msA.190r
urn:cts:greekLit:tlg5026.msA.hmt:14.F8,"Fifth main scholion of 190r","urn:cite:hmt:vaimg.VA190RN_0191@0.12988209,0.75504841,0.65935888,0.04190871",urn:cite:hmt:msA.190r
urn:cts:greekLit:tlg5026.msA.hmt:14.F9,"First main scholion of 190v, Iliad 14","urn:cite:hmt:vaimg.VA190VN_0692@0.22660280,0.30829876,0.21223287,0.09834025",urn:cite:hmt:msA.190v
urn:cts:greekLit:tlg5026.msA.hmt:14.F10,"Second main scholion of 190v, Iliad 14","urn:cite:hmt:vaimg.VA190VN_0692@0.23157701,0.39170124,0.20560059,0.05228216",urn:cite:hmt:msA.190v
urn:cts:greekLit:tlg5026.msA.hmt:14.F11,"Third main scholion of 190v, Iliad 14","urn:cite:hmt:vaimg.VA190VN_0692@0.21831245,0.43568465,0.22439204,0.09709544",urn:cite:hmt:msA.190v
urn:cts:greekLit:tlg5026.msA.hmt:14.F12,"Fifth main scholion of 190v, Iliad 14","urn:cite:hmt:vaimg.VA190VN_0692@0.22457627,0.73734440,0.62896094,0.05186722",urn:cite:hmt:msA.190v
urn:cts:greekLit:tlg5026.msA.hmt:14.F13,"Sixth main scholion of 190v, Iliad 14","urn:cite:hmt:vaimg.VA190VN_0692@0.23452469,0.76431535,0.62177598,0.03526971",urn:cite:hmt:msA.190v
urn:cts:greekLit:tlg5026.msAim.hmt:14.B1,"First intermarginal scholion of 180v","urn:cite:hmt:vaimg.VA180VN_0682@0.46094326,0.52614108,0.05637436,0.03941909",urn:cite:hmt:msA.180v
urn:cts:greekLit:tlg5026.msAim.hmt:14.B2,"Second intermarginal scholion of 180v","urn:cite:hmt:vaimg.VA180VN_0682@0.47918202,0.56390041,0.04310980,0.05228216",urn:cite:hmt:msA.180v
urn:cts:greekLit:tlg5026.msAim.hmt:14.B3,"Third intermarginal scholion of 180v","urn:cite:hmt:vaimg.VA180VN_0682@0.46868091,0.68174274,0.11606485,0.04149378",urn:cite:hmt:msA.180v
urn:cts:greekLit:tlg5026.msAim.hmt:14.B4,"First intermarginal scholion of 181r","urn:cite:hmt:vaimg.VA181RN_0182@0.56005895,0.26334716,0.08843036,0.03817427",urn:cite:hmt:msA.181r
urn:cts:greekLit:tlg5026.msAim.hmt:14.B5,"Second intermarginal scholion of 181r","urn:cite:hmt:vaimg.VA181RN_0182@0.51731761,0.59585062,0.04789978,0.04370678",urn:cite:hmt:msA.181r
urn:cts:greekLit:tlg5026.msAim.hmt:14.E2,"First intermarginal scholion, 182r, Iliad 14","urn:cite:hmt:vaimg.VA182RN_0183@0.60058954,0.30414938,0.05711127,0.01853389",urn:cite:hmt:msA.182r
urn:cts:greekLit:tlg5026.msAim.hmt:14.E3,"Second intermarginal scholion, 182r, Iliad 14","urn:cite:hmt:vaimg.VA182RN_0183@0.53334562,0.51798064,0.05692704,0.01147994",urn:cite:hmt:msA.182r
urn:cts:greekLit:tlg5026.msAim.hmt:14.E4,"First intermarginal scholion, 182v, Iliad 14","urn:cite:hmt:vaimg.VA182VN_0684@0.44731024,0.43886584,0.04513633,0.04011065",urn:cite:hmt:msA.182v
urn:cts:greekLit:tlg5026.msAim.hmt:14.E5,"Second intermarginal scholion, 182v, Iliad 14","urn:cite:hmt:vaimg.VA182VN_0684@0.44620486,0.50401107,0.05287399,0.03457815",urn:cite:hmt:msA.182v
urn:cts:greekLit:tlg5026.msAim.hmt:14.E6,"Third intermarginal scholion, 182v, Iliad 14","urn:cite:hmt:vaimg.VA182VN_0684@0.45357406,0.53845090,0.05011054,0.01632089",urn:cite:hmt:msA.182v
urn:cts:greekLit:tlg5026.msAim.hmt:14.E7,"Fourth intermarginal scholion, 182v, Iliad 14","urn:cite:hmt:vaimg.VA182VN_0684@0.44915254,0.56030429,0.04642594,0.04204703",urn:cite:hmt:msA.182v
urn:cts:greekLit:tlg5026.msAim.hmt:14.E8,"Fifth intermarginal scholion, 182v, Iliad 14","urn:cite:hmt:vaimg.VA182VN_0684@0.45081061,0.67579530,0.04642594,0.02047026",urn:cite:hmt:msA.182v
urn:cts:greekLit:tlg5026.msAim.hmt:14.G1,"First intermarginal scholion of 183r","urn:cite:hmt:vaimg.VA183RN_0184@0.56153279,0.54868603,0.02873987,0.03983402",urn:cite:hmt:msA.183r
urn:cts:greekLit:tlg5026.msAim.hmt:14.G2,"Second Intermarginal Scholion of 183r","urn:cite:hmt:vaimg.VA183RN_0184@0.52689757,0.58561549,0.05600590,0.02600277",urn:cite:hmt:msA.183r
urn:cts:greekLit:tlg5026.msAim.hmt:14.G3,"First Intermarginal Scholion of 183v","urn:cite:hmt:vaimg.VA183VN_0685@0.41304348,0.23070539,0.07848195,0.05062241",urn:cite:hmt:msA.183v
urn:cts:greekLit:tlg5026.msAim.hmt:14.G4,"Second Intermarginal Scholion of 183v","urn:cite:hmt:vaimg.VA183VN_0685@0.42741341,0.30871369,0.06190125,0.04398340",urn:cite:hmt:msA.183v
urn:cts:greekLit:tlg5026.msAim.hmt:14.G5,"Third Intermarginal Scholion of 183v","urn:cite:hmt:vaimg.VA183VN_0685@.44178335,0.42904564,0.05195284,0.04481328",urn:cite:hmt:msA.183v
urn:cts:greekLit:tlg5026.msAim.hmt:14.G6,"Fourth Intermarginal Scholion of 183v","urn:cite:hmt:vaimg.VA183VN_0685@0.44731024,0.50290456,0.04863670,0.03236515",urn:cite:hmt:msA.183v
urn:cts:greekLit:tlg5026.msAim.hmt:14.G7,"Fifth Intermarginal Scholion of 183v","urn:cite:hmt:vaimg.VA183VN_0685@0.45946942,0.61825726,0.05195284,0.03651452",urn:cite:hmt:msA.183v
urn:cts:greekLit:tlg5026.msAim.hmt:14.G8,"Sixth Intermarginal Scholion of 183v","urn:cite:hmt:vaimg.VA183VN_0685@0.45836404,0.69045643,0.12269713,0.02655602",urn:cite:hmt:msA.183v
urn:cts:greekLit:tlg5026.msAim.hmt:14.C1,"First intermarginal scholion of 184r","urn:cite:hmt:vaimg.VA184RN_0185@0.52984525,0.35573997,0.11422255,0.02157676",urn:cite:hmt:msA.184r
urn:cts:greekLit:tlg5026.msAim.hmt:14.C2,"Second intermarginal scholion of 184r","urn:cite:hmt:vaimg.VA184RN_0185@0.56079587,0.54218534,0.08179808,0.02047026",urn:cite:hmt:msA.184r
urn:cts:greekLit:tlg5026.msAim.hmt:14.C3,"Third intermarginal scholion of 184r","urn:cite:hmt:vaimg.VA184RN_0185@0.56300663,0.60912863,0.10316875,0.01659751",urn:cite:hmt:msA.184r
urn:cts:greekLit:tlg5026.msAim.hmt:14.C4,"First intermarginal scholion of 184v","urn:cite:hmt:vaimg.VA184VN_0686@0.43183493,0.22780083,0.07295505,0.05435685",urn:cite:hmt:msA.184v
urn:cts:greekLit:tlg5026.msAim.hmt:14.C5,"Second intermarginal scholion of 184v","urn:cite:hmt:vaimg.VA184VN_0686@0.45283714,0.47842324,0.05637436,0.02987552",urn:cite:hmt:msA.184v
urn:cts:greekLit:tlg5026.msAim.hmt:14.C6,"Third intermarginal scholion of 184v","urn:cite:hmt:vaimg.VA184VN_0686@0.45781135,0.52074689,0.04863670,0.04107884",urn:cite:hmt:msA.184v
urn:cts:greekLit:tlg5026.msAim.hmt:14.C7,"Fourth intermarginal scholion of 184v","urn:cite:hmt:vaimg.VA184VN_0686@0.45062638,0.60995851,0.04476787,0.03734440",urn:cite:hmt:msA.184v
urn:cts:greekLit:tlg5026.msAim.hmt:14.C8,"Fifth intermarginal scholion of 184v","urn:cite:hmt:vaimg.VA184VN_0686@0.45283714,0.68340249,0.05250553,0.03112033",urn:cite:hmt:msA.184v
urn:cts:greekLit:tlg5026.msAim.hmt:14.C9,"1st intermarginal scholion of 185r","urn:cite:hmt:vaimg.VA185RN_0356@0.555,0.4399,0.044,0.0203",urn:cite:hmt:msA.185r
urn:cts:greekLit:tlg5026.msAim.hmt:14.H1,Intermarginal,"urn:cite:hmt:vaimg.VA185VN_0687@0.43717760,0.34993084,0.07166544,0.04896266",urn:cite:hmt:msA.185v
urn:cts:greekLit:tlg5026.msAim.hmt:14.H2,Intermarginal,"urn:cite:hmt:vaimg.VA185VN_0687@0.44602063,0.65587828,0.05600590,0.06196404",urn:cite:hmt:msA.185v
urn:cts:greekLit:tlg5026.msAim.hmt:14.H3,Intermarginal,"urn:cite:hmt:vaimg.VA186RN_0187@0.58216654,0.31784232,0.09653648,0.03112033",urn:cite:hmt:msA.186r
urn:cts:greekLit:tlg5026.msAim.hmt:14.H4,Intermarginal,"urn:cite:hmt:vaimg.VA186RN_0187@0.58290346,0.50691563,0.06282240,0.02005533",urn:cite:hmt:msA.186r
urn:cts:greekLit:tlg5026.msAim.hmt:14.H5,Intermarginal,"urn:cite:hmt:vaimg.VA186VN_0688@0.45652174,0.29515906,0.04863670,0.02710927",urn:cite:hmt:msA.186v
urn:cts:greekLit:tlg5026.msAim.hmt:14.H6,Intermarginal,"urn:cite:hmt:vaimg.VA186VN_0688@0.45670597,0.34937759,0.04661017,0.04011065",urn:cite:hmt:msA.186v
urn:cts:greekLit:tlg5026.msAim.hmt:14.H7,Intermarginal,"urn:cite:hmt:vaimg.VA186VN_0688@0.45136330,0.57330567,0.04955785,0.02987552",urn:cite:hmt:msA.186v
urn:cts:greekLit:tlg5026.msAim.hmt:14.A1,"First intermarginal scholion, 187R, Iliad 14","urn:cite:hmt:vaimg.VA187RN_0188@0.57258659,0.42060858,0.04974208,0.04315353",urn:cite:hmt:msA.187r
urn:cts:greekLit:tlg5026.msAim.hmt:14.A2,"Second intermarginal scholion, 187R, Iliad 14","urn:cite:hmt:vaimg.VA187RN_0188@0.58603537,0.63457815,0.02560796,0.03347165",urn:cite:hmt:msA.187r
urn:cts:greekLit:tlg5026.msAim.hmt:14.A3,"First intermarginal scholion of Iliad 187v","urn:cite:hmt:vaimg.VA187VN_0689@0.38559322,0.24564315,0.06392778,0.01258645",urn:cite:hmt:msA.187v
urn:cts:greekLit:tlg5026.msAim.hmt:14.A4,"Second intermarginal scholion, 187v, Iliad 14","urn:cite:hmt:vaimg.VA187VN_0689@0.39683125,0.34287690,0.05858511,0.02461964",urn:cite:hmt:msA.187v
urn:cts:greekLit:tlg5026.msAim.hmt:14.A5,"Third intermarginal scholion, 187v, Iliad 14","urn:cite:hmt:vaimg.VA187VN_0689@0.43809875,0.57413555,0.03131909,0.06168741",urn:cite:hmt:msA.187v
urn:cts:greekLit:tlg5026.msAim.hmt:14.A6,"Fourth intermarginal scholion, 187v, Iliad 14","urn:cite:hmt:vaimg.VA187VN_0689@0.42538688,0.66071923,0.03758290,0.04937759",urn:cite:hmt:msA.187v
urn:cts:greekLit:tlg5026.msAim.hmt:14.D1,"First intermarginal scholion, 188r","urn:cite:hmt:vaimg.VA188RN_0189@0.56153279,0.56666667,0.01768607,0.03734440",urn:cite:hmt:msA.188r
urn:cts:greekLit:tlg5026.msAim.hmt:14.D2,"Second intermarginal scholion,188r","urn:cite:hmt:vaimg.VA188RN_0189@0.50957996,0.60290456,0.06226971,0.03291840",urn:cite:hmt:msA.188r
urn:cts:greekLit:tlg5026.msAim.hmt:14.D3,"First intermarginal scholion, 188v","urn:cite:hmt:vaimg.VA188VN_0690@0.89941046,0.77648686,0.08253500,0.05643154",urn:cite:hmt:msA.188v
urn:cts:greekLit:tlg5026.msAim.hmt:14.D4,"Second intermarginal scholion, 188v","urn:cite:hmt:vaimg.VA188VN_0690@0.89240973,0.84426003,0.09174650,0.04011065",urn:cite:hmt:msA.188v
urn:cts:greekLit:tlg5026.msAim.hmt:14.D5,"Third intermarginal scholion, 188v","urn:cite:hmt:vaimg.VA188VN_0690@0.90935888,0.99225450,0.06927045,0.07441217",urn:cite:hmt:msA.188v
urn:cts:greekLit:tlg5026.msAim.hmt:14.D6,"Fourth intermarginal scholion, 188v","urn:cite:hmt:vaimg.VA188VN_0690@0.89941046,1.17980636,0.10464259,0.07441217",urn:cite:hmt:msA.188v
urn:cts:greekLit:tlg5026.msAim.hmt:14.D7,"First intermarginal scholion, 189r","urn:cite:hmt:vaimg.VA189RN_0360@0.56429624,0.40525588,0.05361091,0.01991701",urn:cite:hmt:msA.189r
urn:cts:greekLit:tlg5026.msAim.hmt:14.D8,"Second intermarginal scholion, 189r","urn:cite:hmt:vaimg.VA189RN_0360@0.63006632,0.64716459,0.05471629,0.01991701",urn:cite:hmt:msA.189r
urn:cts:greekLit:tlg5026.msAim.hmt:14.F1,"First intermarginal scholion, 189v, Iliad 14","urn:cite:hmt:vaimg.VA189VN_0691@0.43736183,0.25698479,0.05047900,0.03070539",urn:cite:hmt:msA.189v
urn:cts:greekLit:tlg5026.msAim.hmt:14.F2,"Second intermarginal scholion, 189v, Iliad 14","urn:cite:hmt:vaimg.VA189VN_0691@0.44067797,0.48160443,0.05195284,0.01964039",urn:cite:hmt:msA.189v
urn:cts:greekLit:tlg5026.msAim.hmt:14.F3,"Third intermarginal scholion, 189v, Iliad 14","urn:cite:hmt:vaimg.VA189VN_0691@0.44067797,0.50207469,0.05895357,0.01825726",urn:cite:hmt:msA.189v
urn:cts:greekLit:tlg5026.msAim.hmt:14.F4,"Fourth intermarginal scholion, 189v, Iliad 14","urn:cite:hmt:vaimg.VA189VN_0691@0.44325718,0.55878285,0.04384672,0.02268326",urn:cite:hmt:msA.189v
urn:cts:greekLit:tlg5026.msAim.hmt:14.F5,"Fifth intermarginal scholion, 189v, Iliad 14","urn:cite:hmt:vaimg.VA189VN_0691@0.44030951,0.59280775,0.05453206,0.03374827",urn:cite:hmt:msA.189v
urn:cts:greekLit:tlg5026.msAim.hmt:14.F6,"Sixth intermarginal scholion, 189v, Iliad 14","urn:cite:hmt:vaimg.VA189VN_0691@0.43478261,0.65449516,0.05932203,0.04011065",urn:cite:hmt:msA.189v
urn:cts:greekLit:tlg5026.msAim.hmt:14.F7,"First intermarginal scholion, 190r","urn:cite:hmt:vaimg.VA190RN_0191@0.57811349,0.26680498,0.05969049,0.03029046",urn:cite:hmt:msA.190r
urn:cts:greekLit:tlg5026.msAim.hmt:14.F8,"First intermarginal scholion, 190v, Iliad 14","urn:cite:hmt:vaimg.VA190VN_0692@0.43699337,0.25546335,0.05674282,0.05034578",urn:cite:hmt:msA.190v
urn:cts:greekLit:tlg5026.msAim.hmt:14.F9,"Second intermarginal scholion, 190v, Iliad 14","urn:cite:hmt:vaimg.VA190VN_0692@0.44344141,0.46763485,0.04605748,0.03319502",urn:cite:hmt:msA.190v
urn:cts:greekLit:tlg5026.msAim.hmt:14.F10,"Third intermarginal scholion, 190v, Iliad 14","urn:cite:hmt:vaimg.VA190VN_0692@0.44436256,0.49723375,0.04642594,0.04412172",urn:cite:hmt:msA.190v
urn:cts:greekLit:tlg5026.msAint.hmt:14.B1,"First Interior Scholion of 181r","urn:cite:hmt:vaimg.VA181RN_0182@0.07590273,0.41715076,0.07885041,0.05532503",urn:cite:hmt:msA.181r
urn:cts:greekLit:tlg5026.msAint.hmt:14.B2,"Second Interior Scholion of 181r","urn:cite:hmt:vaimg.VA181RN_0182@0.08474576,0.56708160,0.05969049,0.03319502",urn:cite:hmt:msA.181r
urn:cts:greekLit:tlg5026.msAint.hmt:14.B2,"Third Interior Scholion of 181r","urn:cite:hmt:vaimg.VA181RN_0182@0.09064112,0.64951591,0.05158438,0.02323651",urn:cite:hmt:msA.181r
urn:cts:greekLit:tlg5026.msAint.hmt:14.E1,"First interior scholion, 181v, Iliad 14","urn:cite:hmt:vaimg.VA181VN_0683@0.83990420,0.28934993,0.06963891,0.01466113",urn:cite:hmt:msA.181v
urn:cts:greekLit:tlg5026.msAint.hmt:14.E2,"Second interior scholion, 181v, Iliad 14","urn:cite:hmt:vaimg.VA181VN_0683@0.88025055,0.36348548,0.04679440,0.03513140",urn:cite:hmt:msA.181v
urn:cts:greekLit:tlg5026.msAint.hmt:14.E3,"Third interior scholion, 181v, Iliad 14","urn:cite:hmt:vaimg.VA181VN_0683@0.85740604,0.44716459,0.06816507,0.01687414",urn:cite:hmt:msA.181v
urn:cts:greekLit:tlg5026.msAint.hmt:14.E4,"Fourth interior scholion, 181v, Iliad 14","urn:cite:hmt:vaimg.VA181VN_0683@0.86477524,0.46666667,0.06448047,0.03416321",urn:cite:hmt:msA.181v
urn:cts:greekLit:tlg5026.msAint.hmt:14.E5,"Fifth interior scholion, 181v, Iliad 14","urn:cite:hmt:vaimg.VA181VN_0683@0.87877671,0.57579530,0.06116433,0.03319502",urn:cite:hmt:msA.181v
urn:cts:greekLit:tlg5026.msAint.hmt:14.E6,"First interior scholion, 182r, Iliad 14","urn:cite:hmt:vaimg.VA182RN_0183@0.08585114,0.46334716,0.06687546,0.03969571",urn:cite:hmt:msA.182r
urn:cts:greekLit:tlg5026.msAint.hmt:14.E7,"Second interior scholion, 182r, Iliad 14","urn:cite:hmt:vaimg.VA182RN_0183@0.07958732,0.50318119,0.07682388,0.01479945",urn:cite:hmt:msA.182r
urn:cts:greekLit:tlg5026.msAint.hmt:14.E8,"Third interior scholion, 182r, Iliad 14","urn:cite:hmt:vaimg.VA182RN_0183@0.09543110,0.63637621,0.05268976,0.01051176",urn:cite:hmt:msA.182r
urn:cts:greekLit:tlg5026.msAint.hmt:14.E9,"First interior scholion, 182v, Iliad 14","urn:cite:hmt:vaimg.VA182VN_0684@0.90198968,0.41120332,0.03960943,0.01784232",urn:cite:hmt:msA.182v
urn:cts:greekLit:tlg5026.msAint.hmt:14.E10,"Second interior scholion, 182v, Iliad 14","urn:cite:hmt:vaimg.VA182VN_0684@0.90954311,0.46556017,0.02929256,0.01562932",urn:cite:hmt:msA.182v
urn:cts:greekLit:tlg5026.msAint.hmt:14.E11,"Third interior scholion, 182v, Iliad 14","urn:cite:hmt:vaimg.VA182VN_0684@0.92815033,0.55836791,0.02394989,0.01175657",urn:cite:hmt:msA.182v
urn:cts:greekLit:tlg5026.msAint.hmt:14.E12,"Fourth interior scholion, 182v, Iliad 14","urn:cite:hmt:vaimg.VA182VN_0684@0.90475313,0.67081604,0.03224024,0.02074689",urn:cite:hmt:msA.182v
urn:cts:greekLit:tlg5026.msAint.hmt:14.G1,"First Interior Scholion of 183r","urn:cite:hmt:vaimg.VA183RN_0184@0.09064112,0.24094053,0.06337509,0.04094053",urn:cite:hmt:msA.183r
urn:cts:greekLit:tlg5026.msAint.hmt:14.G2,"Second Interior Scholion of 183r","urn:cite:hmt:vaimg.VA183RN_0184@0.09579956,0.35159059,0.04568902,0.04315353",urn:cite:hmt:msA.183r
urn:cts:greekLit:tlg5026.msAint.hmt:14.G3,"Third Interior Scholion of 183r","urn:cite:hmt:vaimg.VA183RN_0184@0.07811349,0.62323651,0.06779661,0.06749654",urn:cite:hmt:msA.183r
urn:cts:greekLit:tlg5026.msAint.hmt:14.G4,"First Interior Scholion of 183v","urn:cite:hmt:vaimg.VA183VN_0685@0.84856301,0.23817427,0.07516581,0.05560166",urn:cite:hmt:msA.183v
urn:cts:greekLit:tlg5026.msAint.hmt:14.C1,"First interior scholion of 184r","urn:cite:hmt:vaimg.VA184RN_0185@0.19123066,0.41300138,0.14259396,0.08464730",urn:cite:hmt:msA.184r
urn:cts:greekLit:tlg5026.msAint.hmt:14.C2,"Second interior scholion of 184r","urn:cite:hmt:vaimg.VA184RN_0185@0.08843036,0.33637621,0.07571850,0.04605809",urn:cite:hmt:msA.184r
urn:cts:greekLit:tlg5026.msAint.hmt:14.C3,"Third interior scholion of 184r","urn:cite:hmt:vaimg.VA184RN_0185@0.20670597,0.90096819,0.11827561,0.04481328",urn:cite:hmt:msA.184r
urn:cts:greekLit:tlg5026.msAint.hmt:14.C4,"Fourth interior scholion of 184r","urn:cite:hmt:vaimg.VA184RN_0185@0.07442889,0.67385892,0.08548268,0.03651452",urn:cite:hmt:msA.184r
urn:cts:greekLit:tlg5026.msAint.hmt:14.C5,"First interior scholion of 184v","urn:cite:hmt:vaimg.VA184VN_0686@0.86956522,0.28879668,0.04089904,0.01991701",urn:cite:hmt:msA.184v
urn:cts:greekLit:tlg5026.msAint.hmt:14.C6,"Second interior scholion of 184v","urn:cite:hmt:vaimg.VA184VN_0686@0.84248342,0.65311203,0.10169492,0.03485477",urn:cite:hmt:msA.184v
urn:cts:greekLit:tlg5026.msAint.hmt:14.C7,"First interior scholion of 185r","urn:cite:hmt:vaimg.VA185RN_0186@0.10077377,0.20553250,0.06705969,0.04730290",urn:cite:hmt:msA.185r
urn:cts:greekLit:tlg5026.msAint.hmt:14.C8,"Second interior scholion of 185r","urn:cite:hmt:vaimg.VA185RN_0186@0.09119381,0.33167358,0.07148121,0.04730290",urn:cite:hmt:msA.185r
urn:cts:greekLit:tlg5026.msAint.hmt:14.C9,"Third interior scholion of 185r","urn:cite:hmt:vaimg.VA185RN_0186@0.10519528,0.44398340,0.05821665,0.03236515",urn:cite:hmt:msA.185r
urn:cts:greekLit:tlg5026.msAint.hmt:14.C10,"Fourth interior scholion of 185r","urn:cite:hmt:vaimg.VA185RN_0186@0.09856301,0.47441217,0.05084746,0.03430152",urn:cite:hmt:msA.185r
urn:cts:greekLit:tlg5026.msAint.hmt:14.C11,"Fifth interior scholion of 185r","urn:cite:hmt:vaimg.VA185RN_0186@0.09229919,0.59806362,0.06963891,0.04757953",urn:cite:hmt:msA.185r
urn:cts:greekLit:tlg5026.msAint.hmt:14.H1,Interior,"urn:cite:hmt:vaimg.VA185VN_0687@0.86809138,0.55698479,0.07184967,0.02365145",urn:cite:hmt:msA.185v
urn:cts:greekLit:tlg5026.msAint.hmt:14.H2,Interior,"urn:cite:hmt:vaimg.VA186RN_0187@0.14314665,0.50456432,0.03537214,0.01396957",urn:cite:hmt:msA.186r
urn:cts:greekLit:tlg5026.msAint.hmt:14.H3,Interior,"urn:cite:hmt:vaimg.VA186RN_0187@0.12877671,0.57828492,0.06005895,0.03430152",urn:cite:hmt:msA.186r
urn:cts:greekLit:tlg5026.msAint.hmt:14.H4,Interior,"urn:cite:hmt:vaimg.VA186RN_0187@0.14204127,0.65712310,0.04992631,0.01521438",urn:cite:hmt:msA.186r
urn:cts:greekLit:tlg5026.msAint.hmt:14.H5,Interior,"urn:cite:hmt:vaimg.VA186VN_0688@0.90475313,0.61051176,0.03868828,0.06874136",urn:cite:hmt:msA.186v
urn:cts:greekLit:tlg5026.msAint.hmt:14.A1,"First interior scholion, 187R, Iliad 14","urn:cite:hmt:vaimg.VA187RN_0188@0.09322034,0.58838174,0.05784819,0.03167358",urn:cite:hmt:msA.187r
urn:cts:greekLit:tlg5026.msAint.hmt:14.A2,"First interior scholion, 187v, Iliad 14","urn:cite:hmt:vaimg.VA187VN_0689@0.89609433,0.65089903,0.04789978,0.05532503",urn:cite:hmt:msA.187v
urn:cts:greekLit:tlg5026.msAint.hmt:14.D1,"First interior scholion, 188r","urn:cite:hmt:vaimg.VA188RN_0189@0.10537951,0.25878285,0.05987472,0.02088520",urn:cite:hmt:msA.188r
urn:cts:greekLit:tlg5026.msAint.hmt:14.D2,"Second interior scholion, 188r","urn:cite:hmt:vaimg.VA188RN_0189@0.09561533,0.39308437,0.06079587,0.03195021",urn:cite:hmt:msA.188r
urn:cts:greekLit:tlg5026.msAint.hmt:14.D3,"Third interior scholion, 188r","urn:cite:hmt:vaimg.VA188RN_0189@0.09358880,0.43734440,0.06779661,0.01894882",urn:cite:hmt:msA.188r
urn:cts:greekLit:tlg5026.msAint.hmt:14.D4,"Fourth interior scholion, 188r","urn:cite:hmt:vaimg.VA188RN_0189@0.09450995,0.55491010,0.06245394,0.03236515",urn:cite:hmt:msA.188r
urn:cts:greekLit:tlg5026.msAint.hmt:14.D5,"Fifth interior scholion, 188r","urn:cite:hmt:vaimg.VA188RN_0189@0.07940310,0.64287690,0.07313928,0.02849239",urn:cite:hmt:msA.188r
urn:cts:greekLit:tlg5026.msAint.hmt:14.D6,"First interior scholion of 189r","urn:cite:hmt:vaimg.VA189RN_0360@0.10593220,0.35477178,0.05047900,0.00995851",urn:cite:hmt:msA.189r
urn:cts:greekLit:tlg5026.msAint.hmt:14.D7,"Second interior scholion of 189r","urn:cite:hmt:vaimg.VA189RN_0360@0.10224761,0.37302905,0.06226971,0.01687414",urn:cite:hmt:msA.189r
urn:cts:greekLit:tlg5026.msAint.hmt:14.D8,"Third interior scholion of 189r","urn:cite:hmt:vaimg.VA189RN_0360@0.10298452,0.38934993,0.05084746,0.02434302",urn:cite:hmt:msA.189r
urn:cts:greekLit:tlg5026.msAint.hmt:14.D9,"Fourth interior scholion of 189r","urn:cite:hmt:vaimg.VA189RN_0360@0.10261606,0.44052559,0.06226971,0.05200553",urn:cite:hmt:msA.189r
urn:cts:greekLit:tlg5026.msAint.hmt:14.F1,"First interior scholion, 190r, Iliad 14","urn:cite:hmt:vaimg.VA190RN_0191@0.10261606,0.56556017,0.05158438,0.02987552",urn:cite:hmt:msA.190r
urn:cts:greekLit:tlg5026.msAil.hmt:14.B1,"First Interlinear scholion of 180v","urn:cite:hmt:vaimg.VA180VN_0682@0.90364775,0.46597510,0.03316139,0.00871369",urn:cite:hmt:msA.180v
urn:cts:greekLit:tlg5026.msAil.hmt:14.B2,"Second Interlinear scholion of 180v","urn:cite:hmt:vaimg.VA180VN_0682@0.54495210,0.53900415,0.06963891,0.01120332","urn:cite:hmt:msA.180v"
urn:cts:greekLit:tlg5026.msAil.hmt:14.B3,"Third Interlinear scholion of 180v","urn:cite:hmt:vaimg.VA180VN_0682@0.76215917,0.59668050,0.06742815,0.01037344",urn:cite:hmt:msA.180v
urn:cts:greekLit:tlg5026.msAil.hmt:14.B4,"First Interlinear scholion of 181r","urn:cite:hmt:vaimg.VA181RN_0182@0.24760501,0.49073306,0.07516581,0.01217151",urn:cite:hmt:msA.181r
urn:cts:greekLit:tlg5026.msAil.hmt:14.E1,"Interlinear scholion, 181v, above Iliad line 14.75","urn:cite:hmt:vaimg.VA181VN_0683@0.67888725,0.67316736,0.05379514,0.00802213",urn:cite:hmt:msA.181v
urn:cts:greekLit:tlg5026.msAil.hmt:14.E2,"Interlinear scholion, 182r, above Iliad line 14.86","urn:cite:hmt:vaimg.VA182RN_0183@0.49281503,0.40110650,0.06042741,0.00857538",urn:cite:hmt:msA.182r
urn:cts:greekLit:tlg5026.msAil.hmt:14.E3,"Interlinear scholion, 182r, below Iliad line 14.101","urn:cite:hmt:vaimg.VA182RN_0183@0.23102432,0.70345781,0.17796610,0.01991701",urn:cite:hmt:msA.182r
urn:cts:greekLit:tlg5026.msAil.hmt:14.G1,"Fisrt interlinear Scholion of 183v","urn:cite:hmt:vaimg.VA183VN_0685@0.68717760,0.24149378,0.08235077,0.01742739",urn:cite:hmt:msA.183v
urn:cts:greekLit:tlg5026.msAil.hmt:14.G2,"Second interlinear Scholion of 183v","urn:cite:hmt:vaimg.VA183VN_0685@0.67943994,0.28049793,0.08511422,0.01825726",urn:cite:hmt:msA.183v
urn:cts:greekLit:tlg5026.msAil.hmt:14.G3,"Third Interior Scholion of 183v","urn:cite:hmt:vaimg.VA183VN_0685@0.59211496,0.36099585,0.05637436,0.01078838",urn:cite:hmt:msA.183v
urn:cts:greekLit:tlg5026.msAil.hmt:14.G4,"Fourth Interior Scholion of 183v","urn:cite:hmt:vaimg.VA183VN_0685@0.60316875,0.41825726,0.05969049,0.01161826",urn:cite:hmt:msA.183v
urn:cts:greekLit:tlg5026.msAil.hmt:14.G5,"Fifth Interior Scholion of 183v","urn:cite:hmt:vaimg.VA183VN_0685@0.71481209,0.41991701,0.09064112,0.01327801",urn:cite:hmt:msA.183v
urn:cts:greekLit:tlg5026.msAil.hmt:14.C1,"First interlinear scholion of 184r","urn:cite:hmt:vaimg.VA184RN_0185@0.26842299,0.29834025,0.04587325,0.00788382",urn:cite:hmt:msA.184r
urn:cts:greekLit:tlg5026.msAil.hmt:14.C2," Second interlinear scholion of 184r","urn:cite:hmt:vaimg.VA184RN_0185@0.19049374,0.31908714,0.03924097,0.00829876",urn:cite:hmt:msA.184r
urn:cts:greekLit:tlg5026.msAil.hmt:14.C3," Third interlinear scholion of 184r","urn:cite:hmt:vaimg.VA184RN_0185@0.28849085,0.31867220,0.11261433,0.00954357",urn:cite:hmt:msA.184r
urn:cts:greekLit:tlg5026.msAil.hmt:14.C4,"Fourth interlinear scholion of 184r","urn:cite:hmt:vaimg.VA184RN_0185@0.18769055,0.24287690,0.01600610,0.00899032",urn:cite:hmt:msA.184r
urn:cts:greekLit:tlg5026.msAil.hmt:14.C5,"First interlinear scholion of 184v","urn:cite:hmt:vaimg.VA184VN_0686@0.60759027,0.21867220,0.04587325,0.01701245",urn:cite:hmt:msA.184v
urn:cts:greekLit:tlg5026.msAil.hmt:14.C6,"First interlinear scholion of 185r","urn:cite:hmt:vaimg.VA185RN_0186@0.37380251,0.32973721,0.03942520,0.01189488",urn:cite:hmt:msA.185r
urn:cts:greekLit:tlg5026.msAil.hmt:14.C7,"Second interlinear scholion of 185r","urn:cite:hmt:vaimg.VA185RN_0186@0.56245394,0.42904564,0.03647752,0.01189488",urn:cite:hmt:msA.185r
urn:cts:greekLit:tlg5026.msAil.hmt:14.H1,Interlinear,"urn:cite:hmt:vaimg.VA185VN_0687@0.86661754,0.22558783,0.05747973,0.01562932",urn:cite:hmt:msA.185v
urn:cts:greekLit:tlg5026.msAil.hmt:14.H2,Interlinear,"urn:cite:hmt:vaimg.VA185VN_0687@0.74281503,0.28796680,0.07811349,0.01203320",urn:cite:hmt:msA.185v
urn:cts:greekLit:tlg5026.msAil.hmt:14.H3,Interlinear,"urn:cite:hmt:vaimg.VA186RN_0187@0.40585851,0.28893499,0.04384672,0.00885201",urn:cite:hmt:msA.186r
urn:cts:greekLit:tlg5026.msAil.hmt:14.H4,Interlinear,"urn:cite:hmt:vaimg.VA186RN_0187@0.37140752,0.32876902,0.02321297,0.00802213",urn:cite:hmt:msA.186r
urn:cts:greekLit:tlg5026.msAil.hmt:14.A1,"Interlinear scholion, 187R, above seventeenth line of text","urn:cite:hmt:vaimg.VA187RN_0188@0.54366249,0.51493776,0.03481945,0.00912863",urn:cite:hmt:msA.187r
urn:cts:greekLit:tlg5026.msAil.hmt:14.A2,"Interlinear scholion, 187v, above line 363","urn:cite:hmt:vaimg.VA187VN_0689@0.84303611,0.40511757,0.04845247,0.01120332",urn:cite:hmt:msA.187v
urn:cts:greekLit:tlg5026.msAil.hmt:14.D1,"First interlinear scholion,188r, above first line of text","urn:cite:hmt:vaimg.VA188RN_0189@0.39093589,0.19363762,0.17870302,0.01244813",urn:cite:hmt:msA.188r
urn:cts:greekLit:tlg5026.msAil.hmt:14.D2,"Second interlinear scholion, 188r (same symbol appears in interior scholion)","urn:cite:hmt:vaimg.VA188RN_0189@0.54992631,0.25587828,0.01436993,0.00885201",urn:cite:hmt:msA.188r
urn:cts:greekLit:tlg5026.msAil.hmt:14.D3,"Third interlinear scholion (same symbol appears in interior scholion)","urn:cite:hmt:vaimg.VA188RN_0189@0.51860722,0.39529737,0.01068534,0.00691563",urn:cite:hmt:msA.188r
urn:cts:greekLit:tlg5026.msAil.hmt:14.D4,"First Interlinear scholion, 188v, above first line of text","urn:cite:hmt:vaimg.VA188VN_0690@1.03058217,0.43540802,0.05600590,0.02544952",urn:cite:hmt:msA.188v
urn:cts:greekLit:tlg5026.msAil.hmt:14.D5,"Second Interlinear scholion, 188v","urn:cite:hmt:vaimg.VA188VN_0690@1.81024318,0.80387275,0.04458364,0.02849239",urn:cite:hmt:msA.188v
urn:cts:greekLit:tlg5026.msAil.hmt:14.D6,"First interlinear scholion, 189r","urn:cite:hmt:vaimg.VA189RN_0360@0.17907148,0.38271093,0.02929256,0.00871369",urn:cite:hmt:msA.189r
urn:cts:greekLit:tlg5026.msAil.hmt:14.D7,"Second interlinear scholion, 189r","urn:cite:hmt:vaimg.VA189RN_0360@0.43883567,0.53208852,0.03205601,0.00871369",urn:cite:hmt:msA.189r
urn:cts:greekLit:tlg5026.msAil.hmt:14.F1,"Interlinear scholion, 189v, above twenty_first line of text","urn:cite:hmt:vaimg.VA189VN-0691@0.62453943,0.62821577,0.08658806,0.01161826",urn:cite:hmt:msA.189v
urn:cts:greekLit:tlg5026.msAil.hmt:14.F2,"Interlinear scholion, 189v, above twenty_second line of text","urn:cite:hmt:vaimg.VA189VN-0691@0.85151069,0.59640387,0.04642594,0.01272476",urn:cite:hmt:msA.189v
urn:cts:greekLit:tlg5026.msAil.hmt:14.F3,"Interlinear scholion, 190r, above fourth line of text","urn:cite:hmt:vaimg.VA190RN_0191@0.52818718,0.26777317,0.03352985,0.00802213",urn:cite:hmt:msA.190r
urn:cts:greekLit:tlg5026.msAil.hmt:14.F4,"Interlinear scholion, 190r, above twelth line of text","urn:cite:hmt:vaimg.VA190RN_0191@0.44583640,0.41977870,0.04753132,0.00995851",urn:cite:hmt:msA.190r
urn:cts:greekLit:tlg5026.msAil.hmt:14.F5,"Interlinear scholion, 190r, above fourth line of text","urn:cite:hmt:vaimg.VA190RN_0191@0.20302137,0.61009682,0.03758290,0.00802213",urn:cite:hmt:msA.190r
urn:cts:greekLit:tlg5026.msAil.hmt:14.F6,"Interlinear scholion, 190v, above first line of text","urn:cite:hmt:vaimg.VA190VN_0692@0.59782609,0.22780083,0.08511422,0.01355463",urn:cite:hmt:msA.190v
urn:cts:greekLit:tlg5026.msAext.hmt:14.B1,"First Exterior Scholion of 181r","urn:cite:hmt:vaimg.VA181RN_0182@0.78113486,0.55269710,0.06853353,0.04370678",urn:cite:hmt:msA.181r
urn:cts:greekLit:tlg5026.msAext.hmt:14.E1,"First Exterior scholion, 182r, Iliad 14","urn:cite:hmt:vaimg.VA182RN_0183@0.80637436,0.57607192,0.02837141,0.01244813",urn:cite:hmt:msA.182r
urn:cts:greekLit:tlg5026.msAext.hmt:14.E2,"First Exterior scholion, 182v, Iliad 14","urn:cite:hmt:vaimg.VA182VN_0684@0.16764923,0.40318119,0.05711127,0.02185339",urn:cite:hmt:msA.182v
urn:cts:greekLit:tlg5026.msAext.hmt:14.G1,"First Exterior Scholion of 183r","urn:cite:hmt:vaimg.VA183RN_0184@0.75681651,0.35352697,0.09064112,0.02821577",urn:cite:hmt:msA.183r
urn:cts:greekLit:tlg5026.msAext.hmt:14.C1,"First exterior schiolon of 184r","urn:cite:hmt:vaimg.VA184RN_0185@0.78887195,0.62060858,0.06669207,0.03042877",urn:cite:hmt:msA.184r
urn:cts:greekLit:tlg5026.msAext.hmt:14.C2," Second exterior schiolon of 184r","urn:cite:hmt:vaimg.VA184RN_0185@0.78696646,0.67316736,0.08269817,0.03319502",urn:cite:hmt:msA.184r
urn:cts:greekLit:tlg5026.msAext.hmt:14.C3,"First exterior scholion of 184v","urn:cite:hmt:vaimg.VA184VN_0686@0.16746500,0.61037344,0.03371408,0.02157676",urn:cite:hmt:msA.184v
urn:cts:greekLit:tlg5026.msAext.hmt:14.H1,Exterior,"urn:cite:hmt:vaimg.VA186RN_0187@0.82737657,0.66749654,0.06669123,0.01742739",urn:cite:hmt:msA.186r
urn:cts:greekLit:tlg5026.msAext.hmt:14.H2,Exterior,"urn:cite:hmt:vaimg.VA186VN_0688@0.16488578,0.28630705,0.06190125,0.01867220",urn:cite:hmt:msA.186v
urn:cts:greekLit:tlg5026.msAext.hmt:14.A1,"First exterior scholion, 187R, Iliad 14","urn:cite:hmt:vaimg.VA187RN_0188@0.80103169,0.62531120,0.05913780,0.03402490",urn:cite:hmt:msA.187r
urn:cts:greekLit:tlg5026.msAext.hmt:14.A2,"First exterior scholion of Iliad 187v","urn:cite:hmt:vaimg.VA187VN_0689@0.14056743,0.31230982,0.07700811,0.02323651",urn:cite:hmt:msA.187v
urn:cts:greekLit:tlg5026.msAext.hmt:14.A3,"Second exterior scholion of Iliad 187v","urn:cite:hmt:vaimg.VA187VN_0689@0.16285925,0.44094053,0.06982314,0.02226833",urn:cite:hmt:msA.187v
urn:cts:greekLit:tlg5026.msAext.hmt:14.D1,"First exterior scholion","urn:cite:hmt:vaimg.VA188RN_0189@0.78500368,0.29972337,0.04826824,0.01466113",urn:cite:hmt:msA.188r
urn:cts:greekLit:tlg5026.msAext.hmt:14.D2,"Second exterior scholion","urn:cite:hmt:vaimg.VA188RN_0189@0.78813559,0.33319502,0.04955785,0.02116183",urn:cite:hmt:msA.188r
urn:cts:greekLit:tlg5026.msAext.hmt:14.D3,"Third exterior scholion","urn:cite:hmt:vaimg.VA188RN_0189@0.77708180,0.41991701,0.05655859,0.01355463",urn:cite:hmt:msA.188r
urn:cts:greekLit:tlg5026.msAext.hmt:14.D4,"Fourth exterior scholion","urn:cite:hmt:vaimg.VA188RN_0189@0.78150332,0.55449516,0.07092852,0.02199170",urn:cite:hmt:msA.188r
urn:cts:greekLit:tlg5026.msAext.hmt:14.D5,"Fifth exterior scholion, located at furthest bottom right of the page","urn:cite:hmt:vaimg.VA188RN_0189@0.85722181,0.89917012,0.02008106,0.01798064",urn:cite:hmt:msA.188r
urn:cts:greekLit:tlg5026.msAext.hmt:14.D6,"First exterior scholion","urn:cite:hmt:vaimg.VA189RN_0360@0.81521739,0.34785615,0.02818718,0.01369295",urn:cite:hmt:msA.189r
urn:cts:greekLit:tlg5026.msAext.hmt:14.D7,"Second exterior scholion","urn:cite:hmt:vaimg.VA189RN_0360@0.80084746,0.40968188,0.06521739,0.07468880",urn:cite:hmt:msA.189r
"urn:cts:greekLit:tlg5026.msAint.hmt:14.B3","Third interior scholion","urn:cite:hmt:vaimg.VA181RN_0352@0.107,0.6389,0.055,0.0263","urn:cite:hmt:msA.181r"
"urn:cts:greekLit:tlg5026.msAim.hmt:14.E1","intermarginal scholion","urn:cite:hmt:vaimg.VA181VN_0683@0.435,0.5856,0.041,0.0143","urn:cite:hmt:msA.181v"
"urn:cts:greekLit:tlg5026.msAil.hmt:14.Z2","interlinear scholion","urn:cite:hmt:vaimg.VA188RN_0359@0.256,0.2905,0.014,0.0098","urn:cite:hmt:msA.188r"
"urn:cts:greekLit:tlg5026.msAil.hmt:14.Z1","interlinear scholion","urn:cite:hmt:vaimg.VA186VN_0688@0.555,0.3056,0.013,0.0113","urn:cite:hmt:msA.186v"
"urn:cts:greekLit:tlg5026.msA.hmt:14.B26","main scholion","urn:cite:hmt:vaimg.VA181RN_0352@0.164,0.7875,0.53,0.024","urn:cite:hmt:msA.181r"
"urn:cts:greekLit:tlg5026.msA.hmt:14.B25","main scholion","urn:cite:hmt:vaimg.VA181RN_0352@0.17,0.7659,0.6064,0.033","urn:cite:hmt:msA.181r"
"urn:cts:greekLit:tlg5026.msA.hmt:14.A1","main scholion","urn:cite:hmt:vaimg.VA187RN_0358@0.152,0.1014,0.622,0.2072","urn:cite:hmt:msA.187r"
