Image,Label,Rights
"urn:cite:hmt:e4img.e4_553".v1,"Manuscript Escorialensis Ω 1.12, folio 1 recto","Creative Commons Attribution_NonCommercial-ShareAlike 3.0 Unported License"
"urn:cite:hmt:e4img.e4_245".v1,"Manuscript Escorialensis Ω 1.12, folio 1 verso","Creative Commons Attribution_NonCommercial-ShareAlike 3.0 Unported License"
"urn:cite:hmt:e4img.e4_552".v1,"Manuscript Escorialensis Ω 1.12, folio 2 recto","Creative Commons Attribution_NonCommercial-ShareAlike 3.0 Unported License"
"urn:cite:hmt:e4img.e4_244".v1,"Manuscript Escorialensis Ω 1.12, folio 2 verso","Creative Commons Attribution_NonCommercial-ShareAlike 3.0 Unported License"
"urn:cite:hmt:e4img.e4_551".v1,"Manuscript Escorialensis Ω 1.12, folio 3 recto","Creative Commons Attribution_NonCommercial-ShareAlike 3.0 Unported License"
"urn:cite:hmt:e4img.e4_243".v1,"Manuscript Escorialensis Ω 1.12, folio 3 verso","Creative Commons Attribution_NonCommercial-ShareAlike 3.0 Unported License"
"urn:cite:hmt:e4img.e4_550".v1,"Manuscript Escorialensis Ω 1.12, folio 4 recto","Creative Commons Attribution_NonCommercial-ShareAlike 3.0 Unported License"
"urn:cite:hmt:e4img.e4_242".v1,"Manuscript Escorialensis Ω 1.12, folio 4 verso","Creative Commons Attribution_NonCommercial-ShareAlike 3.0 Unported License"
"urn:cite:hmt:e4img.e4_549".v1,"Manuscript Escorialensis Ω 1.12, folio 5 recto","Creative Commons Attribution_NonCommercial-ShareAlike 3.0 Unported License"
"urn:cite:hmt:e4img.e4_241".v1,"Manuscript Escorialensis Ω 1.12, folio 5 verso","Creative Commons Attribution_NonCommercial-ShareAlike 3.0 Unported License"
"urn:cite:hmt:e4img.e4_548".v1,"Manuscript Escorialensis Ω 1.12, folio 6 recto","Creative Commons Attribution_NonCommercial-ShareAlike 3.0 Unported License"
"urn:cite:hmt:e4img.e4_240".v1,"Manuscript Escorialensis Ω 1.12, folio 6 verso","Creative Commons Attribution_NonCommercial-ShareAlike 3.0 Unported License"
"urn:cite:hmt:e4img.e4_547".v1,"Manuscript Escorialensis Ω 1.12, folio 7 recto","Creative Commons Attribution_NonCommercial-ShareAlike 3.0 Unported License"
"urn:cite:hmt:e4img.e4_239".v1,"Manuscript Escorialensis Ω 1.12, folio 7 verso","Creative Commons Attribution_NonCommercial-ShareAlike 3.0 Unported License"
"urn:cite:hmt:e4img.e4_546".v1,"Manuscript Escorialensis Ω 1.12, folio 8 recto","Creative Commons Attribution_NonCommercial-ShareAlike 3.0 Unported License"
"urn:cite:hmt:e4img.e4_238".v1,"Manuscript Escorialensis Ω 1.12, folio 8 verso","Creative Commons Attribution_NonCommercial-ShareAlike 3.0 Unported License"
"urn:cite:hmt:e4img.e4_545".v1,"Manuscript Escorialensis Ω 1.12, folio 9 recto","Creative Commons Attribution_NonCommercial-ShareAlike 3.0 Unported License"
"urn:cite:hmt:e4img.e4_237".v1,"Manuscript Escorialensis Ω 1.12, folio 9 verso","Creative Commons Attribution_NonCommercial-ShareAlike 3.0 Unported License"
"urn:cite:hmt:e4img.e4_544".v1,"Manuscript Escorialensis Ω 1.12, folio 10 recto","Creative Commons Attribution_NonCommercial-ShareAlike 3.0 Unported License"
"urn:cite:hmt:e4img.e4_236".v1,"Manuscript Escorialensis Ω 1.12, folio 10 verso","Creative Commons Attribution_NonCommercial-ShareAlike 3.0 Unported License"
"urn:cite:hmt:e4img.e4_543".v1,"Manuscript Escorialensis Ω 1.12, folio 11 recto","Creative Commons Attribution_NonCommercial-ShareAlike 3.0 Unported License"
"urn:cite:hmt:e4img.e4_235".v1,"Manuscript Escorialensis Ω 1.12, folio 11 verso","Creative Commons Attribution_NonCommercial-ShareAlike 3.0 Unported License"
"urn:cite:hmt:e4img.e4_542".v1,"Manuscript Escorialensis Ω 1.12, folio 12 recto","Creative Commons Attribution_NonCommercial-ShareAlike 3.0 Unported License"
"urn:cite:hmt:e4img.e4_234".v1,"Manuscript Escorialensis Ω 1.12, folio 12 verso","Creative Commons Attribution_NonCommercial-ShareAlike 3.0 Unported License"
"urn:cite:hmt:e4img.e4_540".v1,"Manuscript Escorialensis Ω 1.12, folio 13 recto","Creative Commons Attribution_NonCommercial-ShareAlike 3.0 Unported License"
"urn:cite:hmt:e4img.e4_233".v1,"Manuscript Escorialensis Ω 1.12, folio 13 verso","Creative Commons Attribution_NonCommercial-ShareAlike 3.0 Unported License"
"urn:cite:hmt:e4img.e4_539".v1,"Manuscript Escorialensis Ω 1.12, folio 14 recto","Creative Commons Attribution_NonCommercial-ShareAlike 3.0 Unported License"
"urn:cite:hmt:e4img.e4_232".v1,"Manuscript Escorialensis Ω 1.12, folio 14 verso","Creative Commons Attribution_NonCommercial-ShareAlike 3.0 Unported License"
"urn:cite:hmt:e4img.e4_537".v1,"Manuscript Escorialensis Ω 1.12, folio 15 recto","Creative Commons Attribution_NonCommercial-ShareAlike 3.0 Unported License"
"urn:cite:hmt:e4img.e4_231".v1,"Manuscript Escorialensis Ω 1.12, folio 15 verso","Creative Commons Attribution_NonCommercial-ShareAlike 3.0 Unported License"
"urn:cite:hmt:e4img.e4_536".v1,"Manuscript Escorialensis Ω 1.12, folio 16 recto","Creative Commons Attribution_NonCommercial-ShareAlike 3.0 Unported License"
"urn:cite:hmt:e4img.e4_230".v1,"Manuscript Escorialensis Ω 1.12, folio 16 verso","Creative Commons Attribution_NonCommercial-ShareAlike 3.0 Unported License"
"urn:cite:hmt:e4img.e4_535".v1,"Manuscript Escorialensis Ω 1.12, folio 17 recto","Creative Commons Attribution_NonCommercial-ShareAlike 3.0 Unported License"
"urn:cite:hmt:e4img.e4_229".v1,"Manuscript Escorialensis Ω 1.12, folio 17 verso","Creative Commons Attribution_NonCommercial-ShareAlike 3.0 Unported License"
"urn:cite:hmt:e4img.e4_534".v1,"Manuscript Escorialensis Ω 1.12, folio 18 recto","Creative Commons Attribution_NonCommercial-ShareAlike 3.0 Unported License"
"urn:cite:hmt:e4img.e4_228".v1,"Manuscript Escorialensis Ω 1.12, folio 18 verso","Creative Commons Attribution_NonCommercial-ShareAlike 3.0 Unported License"
"urn:cite:hmt:e4img.e4_533".v1,"Manuscript Escorialensis Ω 1.12, folio 19 recto","Creative Commons Attribution_NonCommercial-ShareAlike 3.0 Unported License"
"urn:cite:hmt:e4img.e4_227".v1,"Manuscript Escorialensis Ω 1.12, folio 19 verso","Creative Commons Attribution_NonCommercial-ShareAlike 3.0 Unported License"
"urn:cite:hmt:e4img.e4_532".v1,"Manuscript Escorialensis Ω 1.12, folio 20 recto","Creative Commons Attribution_NonCommercial-ShareAlike 3.0 Unported License"
"urn:cite:hmt:e4img.e4_226".v1,"Manuscript Escorialensis Ω 1.12, folio 20 verso","Creative Commons Attribution_NonCommercial-ShareAlike 3.0 Unported License"
"urn:cite:hmt:e4img.e4_531".v1,"Manuscript Escorialensis Ω 1.12, folio 21 recto","Creative Commons Attribution_NonCommercial-ShareAlike 3.0 Unported License"
"urn:cite:hmt:e4img.e4_225".v1,"Manuscript Escorialensis Ω 1.12, folio 21 verso","Creative Commons Attribution_NonCommercial-ShareAlike 3.0 Unported License"
"urn:cite:hmt:e4img.e4_530".v1,"Manuscript Escorialensis Ω 1.12, folio 22 recto","Creative Commons Attribution_NonCommercial-ShareAlike 3.0 Unported License"
"urn:cite:hmt:e4img.e4_224".v1,"Manuscript Escorialensis Ω 1.12, folio 22 verso","Creative Commons Attribution_NonCommercial-ShareAlike 3.0 Unported License"
"urn:cite:hmt:e4img.e4_529".v1,"Manuscript Escorialensis Ω 1.12, folio 23 recto","Creative Commons Attribution_NonCommercial-ShareAlike 3.0 Unported License"
"urn:cite:hmt:e4img.e4_223".v1,"Manuscript Escorialensis Ω 1.12, folio 23 verso","Creative Commons Attribution_NonCommercial-ShareAlike 3.0 Unported License"
"urn:cite:hmt:e4img.e4_528".v1,"Manuscript Escorialensis Ω 1.12, folio 24 recto","Creative Commons Attribution_NonCommercial-ShareAlike 3.0 Unported License"
"urn:cite:hmt:e4img.e4_222".v1,"Manuscript Escorialensis Ω 1.12, folio 24 verso","Creative Commons Attribution_NonCommercial-ShareAlike 3.0 Unported License"
"urn:cite:hmt:e4img.e4_527".v1,"Manuscript Escorialensis Ω 1.12, folio 25 recto","Creative Commons Attribution_NonCommercial-ShareAlike 3.0 Unported License"
"urn:cite:hmt:e4img.e4_221".v1,"Manuscript Escorialensis Ω 1.12, folio 25 verso","Creative Commons Attribution_NonCommercial-ShareAlike 3.0 Unported License"
"urn:cite:hmt:e4img.e4_526".v1,"Manuscript Escorialensis Ω 1.12, folio 26 recto","Creative Commons Attribution_NonCommercial-ShareAlike 3.0 Unported License"
"urn:cite:hmt:e4img.e4_220".v1,"Manuscript Escorialensis Ω 1.12, folio 26 verso","Creative Commons Attribution_NonCommercial-ShareAlike 3.0 Unported License"
"urn:cite:hmt:e4img.e4_525".v1,"Manuscript Escorialensis Ω 1.12, folio 27 recto","Creative Commons Attribution_NonCommercial-ShareAlike 3.0 Unported License"
"urn:cite:hmt:e4img.e4_219".v1,"Manuscript Escorialensis Ω 1.12, folio 27 verso","Creative Commons Attribution_NonCommercial-ShareAlike 3.0 Unported License"
"urn:cite:hmt:e4img.e4_524".v1,"Manuscript Escorialensis Ω 1.12, folio 28 recto","Creative Commons Attribution_NonCommercial-ShareAlike 3.0 Unported License"
"urn:cite:hmt:e4img.e4_218".v1,"Manuscript Escorialensis Ω 1.12, folio 28 verso","Creative Commons Attribution_NonCommercial-ShareAlike 3.0 Unported License"
"urn:cite:hmt:e4img.e4_523".v1,"Manuscript Escorialensis Ω 1.12, folio 29 recto","Creative Commons Attribution_NonCommercial-ShareAlike 3.0 Unported License"
"urn:cite:hmt:e4img.e4_217".v1,"Manuscript Escorialensis Ω 1.12, folio 29 verso","Creative Commons Attribution_NonCommercial-ShareAlike 3.0 Unported License"
"urn:cite:hmt:e4img.e4_522".v1,"Manuscript Escorialensis Ω 1.12, folio 30 recto","Creative Commons Attribution_NonCommercial-ShareAlike 3.0 Unported License"
"urn:cite:hmt:e4img.e4_216".v1,"Manuscript Escorialensis Ω 1.12, folio 30 verso","Creative Commons Attribution_NonCommercial-ShareAlike 3.0 Unported License"
"urn:cite:hmt:e4img.e4_521".v1,"Manuscript Escorialensis Ω 1.12, folio 31 recto","Creative Commons Attribution_NonCommercial-ShareAlike 3.0 Unported License"
"urn:cite:hmt:e4img.e4_215".v1,"Manuscript Escorialensis Ω 1.12, folio 31 verso","Creative Commons Attribution_NonCommercial-ShareAlike 3.0 Unported License"
"urn:cite:hmt:e4img.e4_520".v1,"Manuscript Escorialensis Ω 1.12, folio 32 recto","Creative Commons Attribution_NonCommercial-ShareAlike 3.0 Unported License"
"urn:cite:hmt:e4img.e4_214".v1,"Manuscript Escorialensis Ω 1.12, folio 32 verso","Creative Commons Attribution_NonCommercial-ShareAlike 3.0 Unported License"
"urn:cite:hmt:e4img.e4_519".v1,"Manuscript Escorialensis Ω 1.12, folio 33 recto","Creative Commons Attribution_NonCommercial-ShareAlike 3.0 Unported License"
"urn:cite:hmt:e4img.e4_213".v1,"Manuscript Escorialensis Ω 1.12, folio 33 verso","Creative Commons Attribution_NonCommercial-ShareAlike 3.0 Unported License"
"urn:cite:hmt:e4img.e4_518".v1,"Manuscript Escorialensis Ω 1.12, folio 34 recto","Creative Commons Attribution_NonCommercial-ShareAlike 3.0 Unported License"
"urn:cite:hmt:e4img.e4_212".v1,"Manuscript Escorialensis Ω 1.12, folio 34 verso","Creative Commons Attribution_NonCommercial-ShareAlike 3.0 Unported License"
"urn:cite:hmt:e4img.e4_517".v1,"Manuscript Escorialensis Ω 1.12, folio 35 recto","Creative Commons Attribution_NonCommercial-ShareAlike 3.0 Unported License"
"urn:cite:hmt:e4img.e4_211".v1,"Manuscript Escorialensis Ω 1.12, folio 35 verso","Creative Commons Attribution_NonCommercial-ShareAlike 3.0 Unported License"
"urn:cite:hmt:e4img.e4_516".v1,"Manuscript Escorialensis Ω 1.12, folio 36 recto","Creative Commons Attribution_NonCommercial-ShareAlike 3.0 Unported License"
"urn:cite:hmt:e4img.e4_210".v1,"Manuscript Escorialensis Ω 1.12, folio 36 verso","Creative Commons Attribution_NonCommercial-ShareAlike 3.0 Unported License"
"urn:cite:hmt:e4img.e4_515".v1,"Manuscript Escorialensis Ω 1.12, folio 37 recto","Creative Commons Attribution_NonCommercial-ShareAlike 3.0 Unported License"
"urn:cite:hmt:e4img.e4_209".v1,"Manuscript Escorialensis Ω 1.12, folio 37 verso","Creative Commons Attribution_NonCommercial-ShareAlike 3.0 Unported License"
"urn:cite:hmt:e4img.e4_514".v1,"Manuscript Escorialensis Ω 1.12, folio 38 recto","Creative Commons Attribution_NonCommercial-ShareAlike 3.0 Unported License"
"urn:cite:hmt:e4img.e4_208".v1,"Manuscript Escorialensis Ω 1.12, folio 38 verso","Creative Commons Attribution_NonCommercial-ShareAlike 3.0 Unported License"
"urn:cite:hmt:e4img.e4_513".v1,"Manuscript Escorialensis Ω 1.12, folio 39 recto","Creative Commons Attribution_NonCommercial-ShareAlike 3.0 Unported License"
"urn:cite:hmt:e4img.e4_207".v1,"Manuscript Escorialensis Ω 1.12, folio 39 verso","Creative Commons Attribution_NonCommercial-ShareAlike 3.0 Unported License"
"urn:cite:hmt:e4img.e4_512".v1,"Manuscript Escorialensis Ω 1.12, folio 40 recto","Creative Commons Attribution_NonCommercial-ShareAlike 3.0 Unported License"
"urn:cite:hmt:e4img.e4_206".v1,"Manuscript Escorialensis Ω 1.12, folio 40 verso","Creative Commons Attribution_NonCommercial-ShareAlike 3.0 Unported License"
"urn:cite:hmt:e4img.e4_511".v1,"Manuscript Escorialensis Ω 1.12, folio 41 recto","Creative Commons Attribution_NonCommercial-ShareAlike 3.0 Unported License"
"urn:cite:hmt:e4img.e4_205".v1,"Manuscript Escorialensis Ω 1.12, folio 41 verso","Creative Commons Attribution_NonCommercial-ShareAlike 3.0 Unported License"
"urn:cite:hmt:e4img.e4_204".v1,"Manuscript Escorialensis Ω 1.12, folio 42 verso","Creative Commons Attribution_NonCommercial-ShareAlike 3.0 Unported License"
"urn:cite:hmt:e4img.e4_203".v1,"Manuscript Escorialensis Ω 1.12, folio 43 verso","Creative Commons Attribution_NonCommercial-ShareAlike 3.0 Unported License"
"urn:cite:hmt:e4img.e4_202".v1,"Manuscript Escorialensis Ω 1.12, folio 44 verso","Creative Commons Attribution_NonCommercial-ShareAlike 3.0 Unported License"
"urn:cite:hmt:e4img.e4_201".v1,"Manuscript Escorialensis Ω 1.12, folio 45 verso","Creative Commons Attribution_NonCommercial-ShareAlike 3.0 Unported License"
"urn:cite:hmt:e4img.e4_200".v1,"Manuscript Escorialensis Ω 1.12, folio 46 verso","Creative Commons Attribution_NonCommercial-ShareAlike 3.0 Unported License"
"urn:cite:hmt:e4img.e4_199".v1,"Manuscript Escorialensis Ω 1.12, folio 47 verso","Creative Commons Attribution_NonCommercial-ShareAlike 3.0 Unported License"
"urn:cite:hmt:e4img.e4_198".v1,"Manuscript Escorialensis Ω 1.12, folio 48 verso","Creative Commons Attribution_NonCommercial-ShareAlike 3.0 Unported License"
"urn:cite:hmt:e4img.e4_197".v1,"Manuscript Escorialensis Ω 1.12, folio 49 verso","Creative Commons Attribution_NonCommercial-ShareAlike 3.0 Unported License"
"urn:cite:hmt:e4img.e4_196".v1,"Manuscript Escorialensis Ω 1.12, folio 50 verso","Creative Commons Attribution_NonCommercial-ShareAlike 3.0 Unported License"
"urn:cite:hmt:e4img.e4_194".v1,"Manuscript Escorialensis Ω 1.12, folio 51 verso","Creative Commons Attribution_NonCommercial-ShareAlike 3.0 Unported License"
"urn:cite:hmt:e4img.e4_195".v1,"Manuscript Escorialensis Ω 1.12, folio 51 verso","Creative Commons Attribution_NonCommercial-ShareAlike 3.0 Unported License"
"urn:cite:hmt:e4img.e4_193".v1,"Manuscript Escorialensis Ω 1.12, folio 52 verso","Creative Commons Attribution_NonCommercial-ShareAlike 3.0 Unported License"
"urn:cite:hmt:e4img.e4_192".v1,"Manuscript Escorialensis Ω 1.12, folio 53 verso","Creative Commons Attribution_NonCommercial-ShareAlike 3.0 Unported License"
"urn:cite:hmt:e4img.e4_191".v1,"Manuscript Escorialensis Ω 1.12, folio 54 verso","Creative Commons Attribution_NonCommercial-ShareAlike 3.0 Unported License"
"urn:cite:hmt:e4img.e4_190".v1,"Manuscript Escorialensis Ω 1.12, folio 55 verso","Creative Commons Attribution_NonCommercial-ShareAlike 3.0 Unported License"
"urn:cite:hmt:e4img.e4_189".v1,"Manuscript Escorialensis Ω 1.12, folio 56 verso","Creative Commons Attribution_NonCommercial-ShareAlike 3.0 Unported License"
"urn:cite:hmt:e4img.e4_188".v1,"Manuscript Escorialensis Ω 1.12, folio 57 verso","Creative Commons Attribution_NonCommercial-ShareAlike 3.0 Unported License"
"urn:cite:hmt:e4img.e4_187".v1,"Manuscript Escorialensis Ω 1.12, folio 58 verso","Creative Commons Attribution_NonCommercial-ShareAlike 3.0 Unported License"
"urn:cite:hmt:e4img.e4_185".v1,"Manuscript Escorialensis Ω 1.12, folio 59 verso","Creative Commons Attribution_NonCommercial-ShareAlike 3.0 Unported License"
"urn:cite:hmt:e4img.e4_186".v1,"Manuscript Escorialensis Ω 1.12, folio 59 verso","Creative Commons Attribution_NonCommercial-ShareAlike 3.0 Unported License"
"urn:cite:hmt:e4img.e4_184".v1,"Manuscript Escorialensis Ω 1.12, folio 60 verso","Creative Commons Attribution_NonCommercial-ShareAlike 3.0 Unported License"
"urn:cite:hmt:e4img.e4_183".v1,"Manuscript Escorialensis Ω 1.12, folio 61 verso","Creative Commons Attribution_NonCommercial-ShareAlike 3.0 Unported License"
"urn:cite:hmt:e4img.e4_182".v1,"Manuscript Escorialensis Ω 1.12, folio 62 verso","Creative Commons Attribution_NonCommercial-ShareAlike 3.0 Unported License"
"urn:cite:hmt:e4img.e4_181".v1,"Manuscript Escorialensis Ω 1.12, folio 63 verso","Creative Commons Attribution_NonCommercial-ShareAlike 3.0 Unported License"
"urn:cite:hmt:e4img.e4_180".v1,"Manuscript Escorialensis Ω 1.12, folio 64 verso","Creative Commons Attribution_NonCommercial-ShareAlike 3.0 Unported License"
"urn:cite:hmt:e4img.e4_179".v1,"Manuscript Escorialensis Ω 1.12, folio 65 verso","Creative Commons Attribution_NonCommercial-ShareAlike 3.0 Unported License"
"urn:cite:hmt:e4img.e4_178".v1,"Manuscript Escorialensis Ω 1.12, folio 67 verso","Creative Commons Attribution_NonCommercial-ShareAlike 3.0 Unported License"
"urn:cite:hmt:e4img.e4_177".v1,"Manuscript Escorialensis Ω 1.12, folio 68 verso","Creative Commons Attribution_NonCommercial-ShareAlike 3.0 Unported License"
"urn:cite:hmt:e4img.e4_176".v1,"Manuscript Escorialensis Ω 1.12, folio 69 verso","Creative Commons Attribution_NonCommercial-ShareAlike 3.0 Unported License"
"urn:cite:hmt:e4img.e4_175".v1,"Manuscript Escorialensis Ω 1.12, folio 70 verso","Creative Commons Attribution_NonCommercial-ShareAlike 3.0 Unported License"
"urn:cite:hmt:e4img.e4_174".v1,"Manuscript Escorialensis Ω 1.12, folio 71 verso","Creative Commons Attribution_NonCommercial-ShareAlike 3.0 Unported License"
"urn:cite:hmt:e4img.e4_173".v1,"Manuscript Escorialensis Ω 1.12, folio 72 verso","Creative Commons Attribution_NonCommercial-ShareAlike 3.0 Unported License"
"urn:cite:hmt:e4img.e4_172".v1,"Manuscript Escorialensis Ω 1.12, folio 73 verso","Creative Commons Attribution_NonCommercial-ShareAlike 3.0 Unported License"
"urn:cite:hmt:e4img.e4_171".v1,"Manuscript Escorialensis Ω 1.12, folio 74 verso","Creative Commons Attribution_NonCommercial-ShareAlike 3.0 Unported License"
"urn:cite:hmt:e4img.e4_170".v1,"Manuscript Escorialensis Ω 1.12, folio 75 verso","Creative Commons Attribution_NonCommercial-ShareAlike 3.0 Unported License"
"urn:cite:hmt:e4img.e4_169".v1,"Manuscript Escorialensis Ω 1.12, folio 76 verso","Creative Commons Attribution_NonCommercial-ShareAlike 3.0 Unported License"
"urn:cite:hmt:e4img.e4_168".v1,"Manuscript Escorialensis Ω 1.12, folio 77 verso","Creative Commons Attribution_NonCommercial-ShareAlike 3.0 Unported License"
"urn:cite:hmt:e4img.e4_167".v1,"Manuscript Escorialensis Ω 1.12, folio 78 verso","Creative Commons Attribution_NonCommercial-ShareAlike 3.0 Unported License"
"urn:cite:hmt:e4img.e4_166".v1,"Manuscript Escorialensis Ω 1.12, folio 79 verso","Creative Commons Attribution_NonCommercial-ShareAlike 3.0 Unported License"
"urn:cite:hmt:e4img.e4_165".v1,"Manuscript Escorialensis Ω 1.12, folio 80 verso","Creative Commons Attribution_NonCommercial-ShareAlike 3.0 Unported License"
"urn:cite:hmt:e4img.e4_164".v1,"Manuscript Escorialensis Ω 1.12, folio 81 verso","Creative Commons Attribution_NonCommercial-ShareAlike 3.0 Unported License"
"urn:cite:hmt:e4img.e4_163".v1,"Manuscript Escorialensis Ω 1.12, folio 82 verso","Creative Commons Attribution_NonCommercial-ShareAlike 3.0 Unported License"
"urn:cite:hmt:e4img.e4_162".v1,"Manuscript Escorialensis Ω 1.12, folio 83 verso","Creative Commons Attribution_NonCommercial-ShareAlike 3.0 Unported License"
"urn:cite:hmt:e4img.e4_161".v1,"Manuscript Escorialensis Ω 1.12, folio 84 verso","Creative Commons Attribution_NonCommercial-ShareAlike 3.0 Unported License"
"urn:cite:hmt:e4img.e4_160".v1,"Manuscript Escorialensis Ω 1.12, folio 85 verso","Creative Commons Attribution_NonCommercial-ShareAlike 3.0 Unported License"
"urn:cite:hmt:e4img.e4_159".v1,"Manuscript Escorialensis Ω 1.12, folio 86 verso","Creative Commons Attribution_NonCommercial-ShareAlike 3.0 Unported License"
"urn:cite:hmt:e4img.e4_158".v1,"Manuscript Escorialensis Ω 1.12, folio 87 verso","Creative Commons Attribution_NonCommercial-ShareAlike 3.0 Unported License"
"urn:cite:hmt:e4img.e4_157".v1,"Manuscript Escorialensis Ω 1.12, folio 88 verso","Creative Commons Attribution_NonCommercial-ShareAlike 3.0 Unported License"
"urn:cite:hmt:e4img.e4_156".v1,"Manuscript Escorialensis Ω 1.12, folio 89 verso","Creative Commons Attribution_NonCommercial-ShareAlike 3.0 Unported License"
"urn:cite:hmt:e4img.e4_153".v1,"Manuscript Escorialensis Ω 1.12, folio 90 verso","Creative Commons Attribution_NonCommercial-ShareAlike 3.0 Unported License"
"urn:cite:hmt:e4img.e4_154".v1,"Manuscript Escorialensis Ω 1.12, folio 90 verso","Creative Commons Attribution_NonCommercial-ShareAlike 3.0 Unported License"
"urn:cite:hmt:e4img.e4_155".v1,"Manuscript Escorialensis Ω 1.12, folio 90 verso","Creative Commons Attribution_NonCommercial-ShareAlike 3.0 Unported License"
"urn:cite:hmt:e4img.e4_152".v1,"Manuscript Escorialensis Ω 1.12, folio 91 verso","Creative Commons Attribution_NonCommercial-ShareAlike 3.0 Unported License"
"urn:cite:hmt:e4img.e4_151".v1,"Manuscript Escorialensis Ω 1.12, folio 92 verso","Creative Commons Attribution_NonCommercial-ShareAlike 3.0 Unported License"
"urn:cite:hmt:e4img.e4_150".v1,"Manuscript Escorialensis Ω 1.12, folio 93 verso","Creative Commons Attribution_NonCommercial-ShareAlike 3.0 Unported License"
"urn:cite:hmt:e4img.e4_149".v1,"Manuscript Escorialensis Ω 1.12, folio 94 verso","Creative Commons Attribution_NonCommercial-ShareAlike 3.0 Unported License"
"urn:cite:hmt:e4img.e4_148".v1,"Manuscript Escorialensis Ω 1.12, folio 95 verso","Creative Commons Attribution_NonCommercial-ShareAlike 3.0 Unported License"
"urn:cite:hmt:e4img.e4_147".v1,"Manuscript Escorialensis Ω 1.12, folio 96 verso","Creative Commons Attribution_NonCommercial-ShareAlike 3.0 Unported License"
"urn:cite:hmt:e4img.e4_146".v1,"Manuscript Escorialensis Ω 1.12, folio 97 verso","Creative Commons Attribution_NonCommercial-ShareAlike 3.0 Unported License"
"urn:cite:hmt:e4img.e4_145".v1,"Manuscript Escorialensis Ω 1.12, folio 98 verso","Creative Commons Attribution_NonCommercial-ShareAlike 3.0 Unported License"
"urn:cite:hmt:e4img.e4_144".v1,"Manuscript Escorialensis Ω 1.12, folio 99 verso","Creative Commons Attribution_NonCommercial-ShareAlike 3.0 Unported License"
"urn:cite:hmt:e4img.e4_451".v1,"Manuscript Escorialensis Ω 1.12, folio 100 recto","Creative Commons Attribution_NonCommercial-ShareAlike 3.0 Unported License"
"urn:cite:hmt:e4img.e4_143".v1,"Manuscript Escorialensis Ω 1.12, folio 100 verso","Creative Commons Attribution_NonCommercial-ShareAlike 3.0 Unported License"
"urn:cite:hmt:e4img.e4_450".v1,"Manuscript Escorialensis Ω 1.12, folio 101 recto","Creative Commons Attribution_NonCommercial-ShareAlike 3.0 Unported License"
"urn:cite:hmt:e4img.e4_142".v1,"Manuscript Escorialensis Ω 1.12, folio 101 verso","Creative Commons Attribution_NonCommercial-ShareAlike 3.0 Unported License"
"urn:cite:hmt:e4img.e4_449".v1,"Manuscript Escorialensis Ω 1.12, folio 102 recto","Creative Commons Attribution_NonCommercial-ShareAlike 3.0 Unported License"
"urn:cite:hmt:e4img.e4_141".v1,"Manuscript Escorialensis Ω 1.12, folio 102 verso","Creative Commons Attribution_NonCommercial-ShareAlike 3.0 Unported License"
"urn:cite:hmt:e4img.e4_448".v1,"Manuscript Escorialensis Ω 1.12, folio 103 recto","Creative Commons Attribution_NonCommercial-ShareAlike 3.0 Unported License"
"urn:cite:hmt:e4img.e4_138".v1,"Manuscript Escorialensis Ω 1.12, folio 103 verso","Creative Commons Attribution_NonCommercial-ShareAlike 3.0 Unported License"
"urn:cite:hmt:e4img.e4_139".v1,"Manuscript Escorialensis Ω 1.12, folio 103 verso","Creative Commons Attribution_NonCommercial-ShareAlike 3.0 Unported License"
"urn:cite:hmt:e4img.e4_140".v1,"Manuscript Escorialensis Ω 1.12, folio 103 verso","Creative Commons Attribution_NonCommercial-ShareAlike 3.0 Unported License"
"urn:cite:hmt:e4img.e4_446".v1,"Manuscript Escorialensis Ω 1.12, folio 104 recto","Creative Commons Attribution_NonCommercial-ShareAlike 3.0 Unported License"
"urn:cite:hmt:e4img.e4_137".v1,"Manuscript Escorialensis Ω 1.12, folio 104 verso","Creative Commons Attribution_NonCommercial-ShareAlike 3.0 Unported License"
"urn:cite:hmt:e4img.e4_445".v1,"Manuscript Escorialensis Ω 1.12, folio 105 recto","Creative Commons Attribution_NonCommercial-ShareAlike 3.0 Unported License"
"urn:cite:hmt:e4img.e4_136".v1,"Manuscript Escorialensis Ω 1.12, folio 105 verso","Creative Commons Attribution_NonCommercial-ShareAlike 3.0 Unported License"
"urn:cite:hmt:e4img.e4_444".v1,"Manuscript Escorialensis Ω 1.12, folio 106 recto","Creative Commons Attribution_NonCommercial-ShareAlike 3.0 Unported License"
"urn:cite:hmt:e4img.e4_135".v1,"Manuscript Escorialensis Ω 1.12, folio 106 verso","Creative Commons Attribution_NonCommercial-ShareAlike 3.0 Unported License"
"urn:cite:hmt:e4img.e4_443".v1,"Manuscript Escorialensis Ω 1.12, folio 107 recto","Creative Commons Attribution_NonCommercial-ShareAlike 3.0 Unported License"
"urn:cite:hmt:e4img.e4_134".v1,"Manuscript Escorialensis Ω 1.12, folio 107 verso","Creative Commons Attribution_NonCommercial-ShareAlike 3.0 Unported License"
"urn:cite:hmt:e4img.e4_442".v1,"Manuscript Escorialensis Ω 1.12, folio 108 recto","Creative Commons Attribution_NonCommercial-ShareAlike 3.0 Unported License"
"urn:cite:hmt:e4img.e4_133".v1,"Manuscript Escorialensis Ω 1.12, folio 108 verso","Creative Commons Attribution_NonCommercial-ShareAlike 3.0 Unported License"
"urn:cite:hmt:e4img.e4_441".v1,"Manuscript Escorialensis Ω 1.12, folio 109 recto","Creative Commons Attribution_NonCommercial-ShareAlike 3.0 Unported License"
"urn:cite:hmt:e4img.e4_132".v1,"Manuscript Escorialensis Ω 1.12, folio 109 verso","Creative Commons Attribution_NonCommercial-ShareAlike 3.0 Unported License"
"urn:cite:hmt:e4img.e4_440".v1,"Manuscript Escorialensis Ω 1.12, folio 110 recto","Creative Commons Attribution_NonCommercial-ShareAlike 3.0 Unported License"
"urn:cite:hmt:e4img.e4_131".v1,"Manuscript Escorialensis Ω 1.12, folio 110 verso","Creative Commons Attribution_NonCommercial-ShareAlike 3.0 Unported License"
"urn:cite:hmt:e4img.e4_439".v1,"Manuscript Escorialensis Ω 1.12, folio 111 recto","Creative Commons Attribution_NonCommercial-ShareAlike 3.0 Unported License"
"urn:cite:hmt:e4img.e4_129".v1,"Manuscript Escorialensis Ω 1.12, folio 111 verso","Creative Commons Attribution_NonCommercial-ShareAlike 3.0 Unported License"
"urn:cite:hmt:e4img.e4_130".v1,"Manuscript Escorialensis Ω 1.12, folio 111 verso","Creative Commons Attribution_NonCommercial-ShareAlike 3.0 Unported License"
"urn:cite:hmt:e4img.e4_438".v1,"Manuscript Escorialensis Ω 1.12, folio 112 recto","Creative Commons Attribution_NonCommercial-ShareAlike 3.0 Unported License"
"urn:cite:hmt:e4img.e4_128".v1,"Manuscript Escorialensis Ω 1.12, folio 112 verso","Creative Commons Attribution_NonCommercial-ShareAlike 3.0 Unported License"
"urn:cite:hmt:e4img.e4_437".v1,"Manuscript Escorialensis Ω 1.12, folio 113 recto","Creative Commons Attribution_NonCommercial-ShareAlike 3.0 Unported License"
"urn:cite:hmt:e4img.e4_127".v1,"Manuscript Escorialensis Ω 1.12, folio 113 verso","Creative Commons Attribution_NonCommercial-ShareAlike 3.0 Unported License"
"urn:cite:hmt:e4img.e4_436".v1,"Manuscript Escorialensis Ω 1.12, folio 114 recto","Creative Commons Attribution_NonCommercial-ShareAlike 3.0 Unported License"
"urn:cite:hmt:e4img.e4_126".v1,"Manuscript Escorialensis Ω 1.12, folio 114 verso","Creative Commons Attribution_NonCommercial-ShareAlike 3.0 Unported License"
"urn:cite:hmt:e4img.e4_435".v1,"Manuscript Escorialensis Ω 1.12, folio 115 recto","Creative Commons Attribution_NonCommercial-ShareAlike 3.0 Unported License"
"urn:cite:hmt:e4img.e4_125".v1,"Manuscript Escorialensis Ω 1.12, folio 115 verso","Creative Commons Attribution_NonCommercial-ShareAlike 3.0 Unported License"
"urn:cite:hmt:e4img.e4_434".v1,"Manuscript Escorialensis Ω 1.12, folio 116 recto","Creative Commons Attribution_NonCommercial-ShareAlike 3.0 Unported License"
"urn:cite:hmt:e4img.e4_124".v1,"Manuscript Escorialensis Ω 1.12, folio 116 verso","Creative Commons Attribution_NonCommercial-ShareAlike 3.0 Unported License"
"urn:cite:hmt:e4img.e4_433".v1,"Manuscript Escorialensis Ω 1.12, folio 117 recto","Creative Commons Attribution_NonCommercial-ShareAlike 3.0 Unported License"
"urn:cite:hmt:e4img.e4_123".v1,"Manuscript Escorialensis Ω 1.12, folio 117 verso","Creative Commons Attribution_NonCommercial-ShareAlike 3.0 Unported License"
"urn:cite:hmt:e4img.e4_432".v1,"Manuscript Escorialensis Ω 1.12, folio 118 recto","Creative Commons Attribution_NonCommercial-ShareAlike 3.0 Unported License"
"urn:cite:hmt:e4img.e4_122".v1,"Manuscript Escorialensis Ω 1.12, folio 118 verso","Creative Commons Attribution_NonCommercial-ShareAlike 3.0 Unported License"
"urn:cite:hmt:e4img.e4_431".v1,"Manuscript Escorialensis Ω 1.12, folio 119 recto","Creative Commons Attribution_NonCommercial-ShareAlike 3.0 Unported License"
"urn:cite:hmt:e4img.e4_121".v1,"Manuscript Escorialensis Ω 1.12, folio 119 verso","Creative Commons Attribution_NonCommercial-ShareAlike 3.0 Unported License"
"urn:cite:hmt:e4img.e4_430".v1,"Manuscript Escorialensis Ω 1.12, folio 120 recto","Creative Commons Attribution_NonCommercial-ShareAlike 3.0 Unported License"
"urn:cite:hmt:e4img.e4_119".v1,"Manuscript Escorialensis Ω 1.12, folio 120 verso","Creative Commons Attribution_NonCommercial-ShareAlike 3.0 Unported License"
"urn:cite:hmt:e4img.e4_120".v1,"Manuscript Escorialensis Ω 1.12, folio 120 verso","Creative Commons Attribution_NonCommercial-ShareAlike 3.0 Unported License"
"urn:cite:hmt:e4img.e4_429".v1,"Manuscript Escorialensis Ω 1.12, folio 121 recto","Creative Commons Attribution_NonCommercial-ShareAlike 3.0 Unported License"
"urn:cite:hmt:e4img.e4_118".v1,"Manuscript Escorialensis Ω 1.12, folio 121 verso","Creative Commons Attribution_NonCommercial-ShareAlike 3.0 Unported License"
"urn:cite:hmt:e4img.e4_427".v1,"Manuscript Escorialensis Ω 1.12, folio 122bis recto","Creative Commons Attribution_NonCommercial-ShareAlike 3.0 Unported License"
"urn:cite:hmt:e4img.e4_115".v1,"Manuscript Escorialensis Ω 1.12, folio 122bis verso","Creative Commons Attribution_NonCommercial-ShareAlike 3.0 Unported License"
"urn:cite:hmt:e4img.e4_116".v1,"Manuscript Escorialensis Ω 1.12, folio 122bis verso","Creative Commons Attribution_NonCommercial-ShareAlike 3.0 Unported License"
"urn:cite:hmt:e4img.e4_428".v1,"Manuscript Escorialensis Ω 1.12, folio 122 recto","Creative Commons Attribution_NonCommercial-ShareAlike 3.0 Unported License"
"urn:cite:hmt:e4img.e4_117".v1,"Manuscript Escorialensis Ω 1.12, folio 122 verso","Creative Commons Attribution_NonCommercial-ShareAlike 3.0 Unported License"
"urn:cite:hmt:e4img.e4_425".v1,"Manuscript Escorialensis Ω 1.12, folio 123bis recto","Creative Commons Attribution_NonCommercial-ShareAlike 3.0 Unported License"
"urn:cite:hmt:e4img.e4_109".v1,"Manuscript Escorialensis Ω 1.12, folio 123bis verso","Creative Commons Attribution_NonCommercial-ShareAlike 3.0 Unported License"
"urn:cite:hmt:e4img.e4_110".v1,"Manuscript Escorialensis Ω 1.12, folio 123bis verso","Creative Commons Attribution_NonCommercial-ShareAlike 3.0 Unported License"
"urn:cite:hmt:e4img.e4_426".v1,"Manuscript Escorialensis Ω 1.12, folio 123 recto","Creative Commons Attribution_NonCommercial-ShareAlike 3.0 Unported License"
"urn:cite:hmt:e4img.e4_111".v1,"Manuscript Escorialensis Ω 1.12, folio 123 verso","Creative Commons Attribution_NonCommercial-ShareAlike 3.0 Unported License"
"urn:cite:hmt:e4img.e4_112".v1,"Manuscript Escorialensis Ω 1.12, folio 123 verso","Creative Commons Attribution_NonCommercial-ShareAlike 3.0 Unported License"
"urn:cite:hmt:e4img.e4_113".v1,"Manuscript Escorialensis Ω 1.12, folio 123 verso","Creative Commons Attribution_NonCommercial-ShareAlike 3.0 Unported License"
"urn:cite:hmt:e4img.e4_114".v1,"Manuscript Escorialensis Ω 1.12, folio 123 verso","Creative Commons Attribution_NonCommercial-ShareAlike 3.0 Unported License"
"urn:cite:hmt:e4img.e4_424".v1,"Manuscript Escorialensis Ω 1.12, folio 124 recto","Creative Commons Attribution_NonCommercial-ShareAlike 3.0 Unported License"
"urn:cite:hmt:e4img.e4_106".v1,"Manuscript Escorialensis Ω 1.12, folio 124 verso","Creative Commons Attribution_NonCommercial-ShareAlike 3.0 Unported License"
"urn:cite:hmt:e4img.e4_107".v1,"Manuscript Escorialensis Ω 1.12, folio 124 verso","Creative Commons Attribution_NonCommercial-ShareAlike 3.0 Unported License"
"urn:cite:hmt:e4img.e4_108".v1,"Manuscript Escorialensis Ω 1.12, folio 124 verso","Creative Commons Attribution_NonCommercial-ShareAlike 3.0 Unported License"
"urn:cite:hmt:e4img.e4_423".v1,"Manuscript Escorialensis Ω 1.12, folio 125 recto","Creative Commons Attribution_NonCommercial-ShareAlike 3.0 Unported License"
"urn:cite:hmt:e4img.e4_105".v1,"Manuscript Escorialensis Ω 1.12, folio 125 verso","Creative Commons Attribution_NonCommercial-ShareAlike 3.0 Unported License"
"urn:cite:hmt:e4img.e4_422".v1,"Manuscript Escorialensis Ω 1.12, folio 126 recto","Creative Commons Attribution_NonCommercial-ShareAlike 3.0 Unported License"
"urn:cite:hmt:e4img.e4_104".v1,"Manuscript Escorialensis Ω 1.12, folio 126 verso","Creative Commons Attribution_NonCommercial-ShareAlike 3.0 Unported License"
"urn:cite:hmt:e4img.e4_421".v1,"Manuscript Escorialensis Ω 1.12, folio 127 recto","Creative Commons Attribution_NonCommercial-ShareAlike 3.0 Unported License"
"urn:cite:hmt:e4img.e4_103".v1,"Manuscript Escorialensis Ω 1.12, folio 127 verso","Creative Commons Attribution_NonCommercial-ShareAlike 3.0 Unported License"
"urn:cite:hmt:e4img.e4_420".v1,"Manuscript Escorialensis Ω 1.12, folio 128 recto","Creative Commons Attribution_NonCommercial-ShareAlike 3.0 Unported License"
"urn:cite:hmt:e4img.e4_102".v1,"Manuscript Escorialensis Ω 1.12, folio 128 verso","Creative Commons Attribution_NonCommercial-ShareAlike 3.0 Unported License"
"urn:cite:hmt:e4img.e4_419".v1,"Manuscript Escorialensis Ω 1.12, folio 129 recto","Creative Commons Attribution_NonCommercial-ShareAlike 3.0 Unported License"
"urn:cite:hmt:e4img.e4_101".v1,"Manuscript Escorialensis Ω 1.12, folio 129 verso","Creative Commons Attribution_NonCommercial-ShareAlike 3.0 Unported License"
"urn:cite:hmt:e4img.e4_418".v1,"Manuscript Escorialensis Ω 1.12, folio 130 recto","Creative Commons Attribution_NonCommercial-ShareAlike 3.0 Unported License"
"urn:cite:hmt:e4img.e4_100".v1,"Manuscript Escorialensis Ω 1.12, folio 130 verso","Creative Commons Attribution_NonCommercial-ShareAlike 3.0 Unported License"
"urn:cite:hmt:e4img.e4_416".v1,"Manuscript Escorialensis Ω 1.12, folio 131 recto","Creative Commons Attribution_NonCommercial-ShareAlike 3.0 Unported License"
"urn:cite:hmt:e4img.e4_099".v1,"Manuscript Escorialensis Ω 1.12, folio 131 verso","Creative Commons Attribution_NonCommercial-ShareAlike 3.0 Unported License"
"urn:cite:hmt:e4img.e4_415".v1,"Manuscript Escorialensis Ω 1.12, folio 132 recto","Creative Commons Attribution_NonCommercial-ShareAlike 3.0 Unported License"
"urn:cite:hmt:e4img.e4_098".v1,"Manuscript Escorialensis Ω 1.12, folio 132 verso","Creative Commons Attribution_NonCommercial-ShareAlike 3.0 Unported License"
"urn:cite:hmt:e4img.e4_414".v1,"Manuscript Escorialensis Ω 1.12, folio 133 recto","Creative Commons Attribution_NonCommercial-ShareAlike 3.0 Unported License"
"urn:cite:hmt:e4img.e4_095".v1,"Manuscript Escorialensis Ω 1.12, folio 133 verso","Creative Commons Attribution_NonCommercial-ShareAlike 3.0 Unported License"
"urn:cite:hmt:e4img.e4_096".v1,"Manuscript Escorialensis Ω 1.12, folio 133 verso","Creative Commons Attribution_NonCommercial-ShareAlike 3.0 Unported License"
"urn:cite:hmt:e4img.e4_097".v1,"Manuscript Escorialensis Ω 1.12, folio 133 verso","Creative Commons Attribution_NonCommercial-ShareAlike 3.0 Unported License"
"urn:cite:hmt:e4img.e4_413".v1,"Manuscript Escorialensis Ω 1.12, folio 134 recto","Creative Commons Attribution_NonCommercial-ShareAlike 3.0 Unported License"
"urn:cite:hmt:e4img.e4_094".v1,"Manuscript Escorialensis Ω 1.12, folio 134 verso","Creative Commons Attribution_NonCommercial-ShareAlike 3.0 Unported License"
"urn:cite:hmt:e4img.e4_412".v1,"Manuscript Escorialensis Ω 1.12, folio 135 recto","Creative Commons Attribution_NonCommercial-ShareAlike 3.0 Unported License"
"urn:cite:hmt:e4img.e4_092".v1,"Manuscript Escorialensis Ω 1.12, folio 135 verso","Creative Commons Attribution_NonCommercial-ShareAlike 3.0 Unported License"
"urn:cite:hmt:e4img.e4_093".v1,"Manuscript Escorialensis Ω 1.12, folio 135 verso","Creative Commons Attribution_NonCommercial-ShareAlike 3.0 Unported License"
"urn:cite:hmt:e4img.e4_411".v1,"Manuscript Escorialensis Ω 1.12, folio 136 recto","Creative Commons Attribution_NonCommercial-ShareAlike 3.0 Unported License"
"urn:cite:hmt:e4img.e4_091".v1,"Manuscript Escorialensis Ω 1.12, folio 136 verso","Creative Commons Attribution_NonCommercial-ShareAlike 3.0 Unported License"
"urn:cite:hmt:e4img.e4_410".v1,"Manuscript Escorialensis Ω 1.12, folio 137 recto","Creative Commons Attribution_NonCommercial-ShareAlike 3.0 Unported License"
"urn:cite:hmt:e4img.e4_090".v1,"Manuscript Escorialensis Ω 1.12, folio 137 verso","Creative Commons Attribution_NonCommercial-ShareAlike 3.0 Unported License"
"urn:cite:hmt:e4img.e4_409".v1,"Manuscript Escorialensis Ω 1.12, folio 138 recto","Creative Commons Attribution_NonCommercial-ShareAlike 3.0 Unported License"
"urn:cite:hmt:e4img.e4_089".v1,"Manuscript Escorialensis Ω 1.12, folio 138 verso","Creative Commons Attribution_NonCommercial-ShareAlike 3.0 Unported License"
"urn:cite:hmt:e4img.e4_408".v1,"Manuscript Escorialensis Ω 1.12, folio 139 recto","Creative Commons Attribution_NonCommercial-ShareAlike 3.0 Unported License"
"urn:cite:hmt:e4img.e4_088".v1,"Manuscript Escorialensis Ω 1.12, folio 139 verso","Creative Commons Attribution_NonCommercial-ShareAlike 3.0 Unported License"
"urn:cite:hmt:e4img.e4_407".v1,"Manuscript Escorialensis Ω 1.12, folio 140 recto","Creative Commons Attribution_NonCommercial-ShareAlike 3.0 Unported License"
"urn:cite:hmt:e4img.e4_086".v1,"Manuscript Escorialensis Ω 1.12, folio 140 verso","Creative Commons Attribution_NonCommercial-ShareAlike 3.0 Unported License"
"urn:cite:hmt:e4img.e4_087".v1,"Manuscript Escorialensis Ω 1.12, folio 140 verso","Creative Commons Attribution_NonCommercial-ShareAlike 3.0 Unported License"
"urn:cite:hmt:e4img.e4_406".v1,"Manuscript Escorialensis Ω 1.12, folio 141 recto","Creative Commons Attribution_NonCommercial-ShareAlike 3.0 Unported License"
"urn:cite:hmt:e4img.e4_085".v1,"Manuscript Escorialensis Ω 1.12, folio 141 verso","Creative Commons Attribution_NonCommercial-ShareAlike 3.0 Unported License"
"urn:cite:hmt:e4img.e4_405".v1,"Manuscript Escorialensis Ω 1.12, folio 142 recto","Creative Commons Attribution_NonCommercial-ShareAlike 3.0 Unported License"
"urn:cite:hmt:e4img.e4_084".v1,"Manuscript Escorialensis Ω 1.12, folio 142 verso","Creative Commons Attribution_NonCommercial-ShareAlike 3.0 Unported License"
"urn:cite:hmt:e4img.e4_403".v1,"Manuscript Escorialensis Ω 1.12, folio 143bis recto","Creative Commons Attribution_NonCommercial-ShareAlike 3.0 Unported License"
"urn:cite:hmt:e4img.e4_082".v1,"Manuscript Escorialensis Ω 1.12, folio 143bis verso","Creative Commons Attribution_NonCommercial-ShareAlike 3.0 Unported License"
"urn:cite:hmt:e4img.e4_404".v1,"Manuscript Escorialensis Ω 1.12, folio 143 recto","Creative Commons Attribution_NonCommercial-ShareAlike 3.0 Unported License"
"urn:cite:hmt:e4img.e4_083".v1,"Manuscript Escorialensis Ω 1.12, folio 143 verso","Creative Commons Attribution_NonCommercial-ShareAlike 3.0 Unported License"
"urn:cite:hmt:e4img.e4_402".v1,"Manuscript Escorialensis Ω 1.12, folio 144 recto","Creative Commons Attribution_NonCommercial-ShareAlike 3.0 Unported License"
"urn:cite:hmt:e4img.e4_081".v1,"Manuscript Escorialensis Ω 1.12, folio 144 verso","Creative Commons Attribution_NonCommercial-ShareAlike 3.0 Unported License"
"urn:cite:hmt:e4img.e4_401".v1,"Manuscript Escorialensis Ω 1.12, folio 145 recto","Creative Commons Attribution_NonCommercial-ShareAlike 3.0 Unported License"
"urn:cite:hmt:e4img.e4_080".v1,"Manuscript Escorialensis Ω 1.12, folio 145 verso","Creative Commons Attribution_NonCommercial-ShareAlike 3.0 Unported License"
"urn:cite:hmt:e4img.e4_400".v1,"Manuscript Escorialensis Ω 1.12, folio 146 recto","Creative Commons Attribution_NonCommercial-ShareAlike 3.0 Unported License"
"urn:cite:hmt:e4img.e4_079".v1,"Manuscript Escorialensis Ω 1.12, folio 146 verso","Creative Commons Attribution_NonCommercial-ShareAlike 3.0 Unported License"
"urn:cite:hmt:e4img.e4_399".v1,"Manuscript Escorialensis Ω 1.12, folio 147 recto","Creative Commons Attribution_NonCommercial-ShareAlike 3.0 Unported License"
"urn:cite:hmt:e4img.e4_078".v1,"Manuscript Escorialensis Ω 1.12, folio 147 verso","Creative Commons Attribution_NonCommercial-ShareAlike 3.0 Unported License"
"urn:cite:hmt:e4img.e4_398".v1,"Manuscript Escorialensis Ω 1.12, folio 148 recto","Creative Commons Attribution_NonCommercial-ShareAlike 3.0 Unported License"
"urn:cite:hmt:e4img.e4_077".v1,"Manuscript Escorialensis Ω 1.12, folio 148 verso","Creative Commons Attribution_NonCommercial-ShareAlike 3.0 Unported License"
"urn:cite:hmt:e4img.e4_397".v1,"Manuscript Escorialensis Ω 1.12, folio 149 recto","Creative Commons Attribution_NonCommercial-ShareAlike 3.0 Unported License"
"urn:cite:hmt:e4img.e4_076".v1,"Manuscript Escorialensis Ω 1.12, folio 149 verso","Creative Commons Attribution_NonCommercial-ShareAlike 3.0 Unported License"
"urn:cite:hmt:e4img.e4_396".v1,"Manuscript Escorialensis Ω 1.12, folio 150 recto","Creative Commons Attribution_NonCommercial-ShareAlike 3.0 Unported License"
"urn:cite:hmt:e4img.e4_075".v1,"Manuscript Escorialensis Ω 1.12, folio 150 verso","Creative Commons Attribution_NonCommercial-ShareAlike 3.0 Unported License"
"urn:cite:hmt:e4img.e4_395".v1,"Manuscript Escorialensis Ω 1.12, folio 151 recto","Creative Commons Attribution_NonCommercial-ShareAlike 3.0 Unported License"
"urn:cite:hmt:e4img.e4_074".v1,"Manuscript Escorialensis Ω 1.12, folio 151 verso","Creative Commons Attribution_NonCommercial-ShareAlike 3.0 Unported License"
"urn:cite:hmt:e4img.e4_394".v1,"Manuscript Escorialensis Ω 1.12, folio 152 recto","Creative Commons Attribution_NonCommercial-ShareAlike 3.0 Unported License"
"urn:cite:hmt:e4img.e4_073".v1,"Manuscript Escorialensis Ω 1.12, folio 152 verso","Creative Commons Attribution_NonCommercial-ShareAlike 3.0 Unported License"
"urn:cite:hmt:e4img.e4_393".v1,"Manuscript Escorialensis Ω 1.12, folio 153 recto","Creative Commons Attribution_NonCommercial-ShareAlike 3.0 Unported License"
"urn:cite:hmt:e4img.e4_072".v1,"Manuscript Escorialensis Ω 1.12, folio 153 verso","Creative Commons Attribution_NonCommercial-ShareAlike 3.0 Unported License"
"urn:cite:hmt:e4img.e4_392".v1,"Manuscript Escorialensis Ω 1.12, folio 154 recto","Creative Commons Attribution_NonCommercial-ShareAlike 3.0 Unported License"
"urn:cite:hmt:e4img.e4_071".v1,"Manuscript Escorialensis Ω 1.12, folio 154 verso","Creative Commons Attribution_NonCommercial-ShareAlike 3.0 Unported License"
"urn:cite:hmt:e4img.e4_391".v1,"Manuscript Escorialensis Ω 1.12, folio 155 recto","Creative Commons Attribution_NonCommercial-ShareAlike 3.0 Unported License"
"urn:cite:hmt:e4img.e4_070".v1,"Manuscript Escorialensis Ω 1.12, folio 155 verso","Creative Commons Attribution_NonCommercial-ShareAlike 3.0 Unported License"
"urn:cite:hmt:e4img.e4_390".v1,"Manuscript Escorialensis Ω 1.12, folio 156 recto","Creative Commons Attribution_NonCommercial-ShareAlike 3.0 Unported License"
"urn:cite:hmt:e4img.e4_069".v1,"Manuscript Escorialensis Ω 1.12, folio 156 verso","Creative Commons Attribution_NonCommercial-ShareAlike 3.0 Unported License"
"urn:cite:hmt:e4img.e4_389".v1,"Manuscript Escorialensis Ω 1.12, folio 157 recto","Creative Commons Attribution_NonCommercial-ShareAlike 3.0 Unported License"
"urn:cite:hmt:e4img.e4_067".v1,"Manuscript Escorialensis Ω 1.12, folio 157 verso","Creative Commons Attribution_NonCommercial-ShareAlike 3.0 Unported License"
"urn:cite:hmt:e4img.e4_387".v1,"Manuscript Escorialensis Ω 1.12, folio 158 recto","Creative Commons Attribution_NonCommercial-ShareAlike 3.0 Unported License"
"urn:cite:hmt:e4img.e4_388".v1,"Manuscript Escorialensis Ω 1.12, folio 158 recto","Creative Commons Attribution_NonCommercial-ShareAlike 3.0 Unported License"
"urn:cite:hmt:e4img.e4_068".v1,"Manuscript Escorialensis Ω 1.12, folio 158 verso","Creative Commons Attribution_NonCommercial-ShareAlike 3.0 Unported License"
"urn:cite:hmt:e4img.e4_386".v1,"Manuscript Escorialensis Ω 1.12, folio 159 recto","Creative Commons Attribution_NonCommercial-ShareAlike 3.0 Unported License"
"urn:cite:hmt:e4img.e4_066".v1,"Manuscript Escorialensis Ω 1.12, folio 159 verso","Creative Commons Attribution_NonCommercial-ShareAlike 3.0 Unported License"
"urn:cite:hmt:e4img.e4_385".v1,"Manuscript Escorialensis Ω 1.12, folio 160 recto","Creative Commons Attribution_NonCommercial-ShareAlike 3.0 Unported License"
"urn:cite:hmt:e4img.e4_065".v1,"Manuscript Escorialensis Ω 1.12, folio 160 verso","Creative Commons Attribution_NonCommercial-ShareAlike 3.0 Unported License"
"urn:cite:hmt:e4img.e4_384".v1,"Manuscript Escorialensis Ω 1.12, folio 161 recto","Creative Commons Attribution_NonCommercial-ShareAlike 3.0 Unported License"
"urn:cite:hmt:e4img.e4_064".v1,"Manuscript Escorialensis Ω 1.12, folio 161 verso","Creative Commons Attribution_NonCommercial-ShareAlike 3.0 Unported License"
"urn:cite:hmt:e4img.e4_383".v1,"Manuscript Escorialensis Ω 1.12, folio 162 recto","Creative Commons Attribution_NonCommercial-ShareAlike 3.0 Unported License"
"urn:cite:hmt:e4img.e4_063".v1,"Manuscript Escorialensis Ω 1.12, folio 162 verso","Creative Commons Attribution_NonCommercial-ShareAlike 3.0 Unported License"
"urn:cite:hmt:e4img.e4_382".v1,"Manuscript Escorialensis Ω 1.12, folio 163 recto","Creative Commons Attribution_NonCommercial-ShareAlike 3.0 Unported License"
"urn:cite:hmt:e4img.e4_062".v1,"Manuscript Escorialensis Ω 1.12, folio 163 verso","Creative Commons Attribution_NonCommercial-ShareAlike 3.0 Unported License"
"urn:cite:hmt:e4img.e4_381".v1,"Manuscript Escorialensis Ω 1.12, folio 164 recto","Creative Commons Attribution_NonCommercial-ShareAlike 3.0 Unported License"
"urn:cite:hmt:e4img.e4_061".v1,"Manuscript Escorialensis Ω 1.12, folio 164 verso","Creative Commons Attribution_NonCommercial-ShareAlike 3.0 Unported License"
"urn:cite:hmt:e4img.e4_380".v1,"Manuscript Escorialensis Ω 1.12, folio 165 recto","Creative Commons Attribution_NonCommercial-ShareAlike 3.0 Unported License"
"urn:cite:hmt:e4img.e4_060".v1,"Manuscript Escorialensis Ω 1.12, folio 165 verso","Creative Commons Attribution_NonCommercial-ShareAlike 3.0 Unported License"
"urn:cite:hmt:e4img.e4_379".v1,"Manuscript Escorialensis Ω 1.12, folio 166 recto","Creative Commons Attribution_NonCommercial-ShareAlike 3.0 Unported License"
"urn:cite:hmt:e4img.e4_059".v1,"Manuscript Escorialensis Ω 1.12, folio 166 verso","Creative Commons Attribution_NonCommercial-ShareAlike 3.0 Unported License"
"urn:cite:hmt:e4img.e4_378".v1,"Manuscript Escorialensis Ω 1.12, folio 167 recto","Creative Commons Attribution_NonCommercial-ShareAlike 3.0 Unported License"
"urn:cite:hmt:e4img.e4_058".v1,"Manuscript Escorialensis Ω 1.12, folio 167 verso","Creative Commons Attribution_NonCommercial-ShareAlike 3.0 Unported License"
"urn:cite:hmt:e4img.e4_377".v1,"Manuscript Escorialensis Ω 1.12, folio 168 recto","Creative Commons Attribution_NonCommercial-ShareAlike 3.0 Unported License"
"urn:cite:hmt:e4img.e4_057".v1,"Manuscript Escorialensis Ω 1.12, folio 168 verso","Creative Commons Attribution_NonCommercial-ShareAlike 3.0 Unported License"
"urn:cite:hmt:e4img.e4_376".v1,"Manuscript Escorialensis Ω 1.12, folio 169 recto","Creative Commons Attribution_NonCommercial-ShareAlike 3.0 Unported License"
"urn:cite:hmt:e4img.e4_056".v1,"Manuscript Escorialensis Ω 1.12, folio 169 verso","Creative Commons Attribution_NonCommercial-ShareAlike 3.0 Unported License"
"urn:cite:hmt:e4img.e4_374".v1,"Manuscript Escorialensis Ω 1.12, folio 170 recto","Creative Commons Attribution_NonCommercial-ShareAlike 3.0 Unported License"
"urn:cite:hmt:e4img.e4_375".v1,"Manuscript Escorialensis Ω 1.12, folio 170 recto","Creative Commons Attribution_NonCommercial-ShareAlike 3.0 Unported License"
"urn:cite:hmt:e4img.e4_055".v1,"Manuscript Escorialensis Ω 1.12, folio 170 verso","Creative Commons Attribution_NonCommercial-ShareAlike 3.0 Unported License"
"urn:cite:hmt:e4img.e4_373".v1,"Manuscript Escorialensis Ω 1.12, folio 171 recto","Creative Commons Attribution_NonCommercial-ShareAlike 3.0 Unported License"
"urn:cite:hmt:e4img.e4_054".v1,"Manuscript Escorialensis Ω 1.12, folio 171 verso","Creative Commons Attribution_NonCommercial-ShareAlike 3.0 Unported License"
"urn:cite:hmt:e4img.e4_372".v1,"Manuscript Escorialensis Ω 1.12, folio 172 recto","Creative Commons Attribution_NonCommercial-ShareAlike 3.0 Unported License"
"urn:cite:hmt:e4img.e4_053".v1,"Manuscript Escorialensis Ω 1.12, folio 172 verso","Creative Commons Attribution_NonCommercial-ShareAlike 3.0 Unported License"
"urn:cite:hmt:e4img.e4_371".v1,"Manuscript Escorialensis Ω 1.12, folio 173 recto","Creative Commons Attribution_NonCommercial-ShareAlike 3.0 Unported License"
"urn:cite:hmt:e4img.e4_051".v1,"Manuscript Escorialensis Ω 1.12, folio 173 verso","Creative Commons Attribution_NonCommercial-ShareAlike 3.0 Unported License"
"urn:cite:hmt:e4img.e4_052".v1,"Manuscript Escorialensis Ω 1.12, folio 173 verso","Creative Commons Attribution_NonCommercial-ShareAlike 3.0 Unported License"
"urn:cite:hmt:e4img.e4_370".v1,"Manuscript Escorialensis Ω 1.12, folio 174 recto","Creative Commons Attribution_NonCommercial-ShareAlike 3.0 Unported License"
"urn:cite:hmt:e4img.e4_049".v1,"Manuscript Escorialensis Ω 1.12, folio 174 verso","Creative Commons Attribution_NonCommercial-ShareAlike 3.0 Unported License"
"urn:cite:hmt:e4img.e4_369".v1,"Manuscript Escorialensis Ω 1.12, folio 175 recto","Creative Commons Attribution_NonCommercial-ShareAlike 3.0 Unported License"
"urn:cite:hmt:e4img.e4_048".v1,"Manuscript Escorialensis Ω 1.12, folio 175 verso","Creative Commons Attribution_NonCommercial-ShareAlike 3.0 Unported License"
"urn:cite:hmt:e4img.e4_368".v1,"Manuscript Escorialensis Ω 1.12, folio 176 recto","Creative Commons Attribution_NonCommercial-ShareAlike 3.0 Unported License"
"urn:cite:hmt:e4img.e4_047".v1,"Manuscript Escorialensis Ω 1.12, folio 176 verso","Creative Commons Attribution_NonCommercial-ShareAlike 3.0 Unported License"
"urn:cite:hmt:e4img.e4_367".v1,"Manuscript Escorialensis Ω 1.12, folio 177 recto","Creative Commons Attribution_NonCommercial-ShareAlike 3.0 Unported License"
"urn:cite:hmt:e4img.e4_046".v1,"Manuscript Escorialensis Ω 1.12, folio 177 verso","Creative Commons Attribution_NonCommercial-ShareAlike 3.0 Unported License"
"urn:cite:hmt:e4img.e4_366".v1,"Manuscript Escorialensis Ω 1.12, folio 178 recto","Creative Commons Attribution_NonCommercial-ShareAlike 3.0 Unported License"
"urn:cite:hmt:e4img.e4_045".v1,"Manuscript Escorialensis Ω 1.12, folio 178 verso","Creative Commons Attribution_NonCommercial-ShareAlike 3.0 Unported License"
"urn:cite:hmt:e4img.e4_365".v1,"Manuscript Escorialensis Ω 1.12, folio 179 recto","Creative Commons Attribution_NonCommercial-ShareAlike 3.0 Unported License"
"urn:cite:hmt:e4img.e4_044".v1,"Manuscript Escorialensis Ω 1.12, folio 179 verso","Creative Commons Attribution_NonCommercial-ShareAlike 3.0 Unported License"
"urn:cite:hmt:e4img.e4_364".v1,"Manuscript Escorialensis Ω 1.12, folio 180 recto","Creative Commons Attribution_NonCommercial-ShareAlike 3.0 Unported License"
"urn:cite:hmt:e4img.e4_043".v1,"Manuscript Escorialensis Ω 1.12, folio 180 verso","Creative Commons Attribution_NonCommercial-ShareAlike 3.0 Unported License"
"urn:cite:hmt:e4img.e4_363".v1,"Manuscript Escorialensis Ω 1.12, folio 181 recto","Creative Commons Attribution_NonCommercial-ShareAlike 3.0 Unported License"
"urn:cite:hmt:e4img.e4_042".v1,"Manuscript Escorialensis Ω 1.12, folio 181 verso","Creative Commons Attribution_NonCommercial-ShareAlike 3.0 Unported License"
"urn:cite:hmt:e4img.e4_362".v1,"Manuscript Escorialensis Ω 1.12, folio 182 recto","Creative Commons Attribution_NonCommercial-ShareAlike 3.0 Unported License"
"urn:cite:hmt:e4img.e4_041".v1,"Manuscript Escorialensis Ω 1.12, folio 182 verso","Creative Commons Attribution_NonCommercial-ShareAlike 3.0 Unported License"
"urn:cite:hmt:e4img.e4_361".v1,"Manuscript Escorialensis Ω 1.12, folio 183 recto","Creative Commons Attribution_NonCommercial-ShareAlike 3.0 Unported License"
"urn:cite:hmt:e4img.e4_040".v1,"Manuscript Escorialensis Ω 1.12, folio 183 verso","Creative Commons Attribution_NonCommercial-ShareAlike 3.0 Unported License"
"urn:cite:hmt:e4img.e4_360".v1,"Manuscript Escorialensis Ω 1.12, folio 184 recto","Creative Commons Attribution_NonCommercial-ShareAlike 3.0 Unported License"
"urn:cite:hmt:e4img.e4_039".v1,"Manuscript Escorialensis Ω 1.12, folio 184 verso","Creative Commons Attribution_NonCommercial-ShareAlike 3.0 Unported License"
"urn:cite:hmt:e4img.e4_359".v1,"Manuscript Escorialensis Ω 1.12, folio 185 recto","Creative Commons Attribution_NonCommercial-ShareAlike 3.0 Unported License"
"urn:cite:hmt:e4img.e4_038".v1,"Manuscript Escorialensis Ω 1.12, folio 185 verso","Creative Commons Attribution_NonCommercial-ShareAlike 3.0 Unported License"
"urn:cite:hmt:e4img.e4_358".v1,"Manuscript Escorialensis Ω 1.12, folio 186 recto","Creative Commons Attribution_NonCommercial-ShareAlike 3.0 Unported License"
"urn:cite:hmt:e4img.e4_037".v1,"Manuscript Escorialensis Ω 1.12, folio 186 verso","Creative Commons Attribution_NonCommercial-ShareAlike 3.0 Unported License"
"urn:cite:hmt:e4img.e4_357".v1,"Manuscript Escorialensis Ω 1.12, folio 187 recto","Creative Commons Attribution_NonCommercial-ShareAlike 3.0 Unported License"
"urn:cite:hmt:e4img.e4_036".v1,"Manuscript Escorialensis Ω 1.12, folio 187 verso","Creative Commons Attribution_NonCommercial-ShareAlike 3.0 Unported License"
"urn:cite:hmt:e4img.e4_356".v1,"Manuscript Escorialensis Ω 1.12, folio 188 recto","Creative Commons Attribution_NonCommercial-ShareAlike 3.0 Unported License"
"urn:cite:hmt:e4img.e4_035".v1,"Manuscript Escorialensis Ω 1.12, folio 188 verso","Creative Commons Attribution_NonCommercial-ShareAlike 3.0 Unported License"
"urn:cite:hmt:e4img.e4_355".v1,"Manuscript Escorialensis Ω 1.12, folio 189 recto","Creative Commons Attribution_NonCommercial-ShareAlike 3.0 Unported License"
"urn:cite:hmt:e4img.e4_034".v1,"Manuscript Escorialensis Ω 1.12, folio 189 verso","Creative Commons Attribution_NonCommercial-ShareAlike 3.0 Unported License"
"urn:cite:hmt:e4img.e4_353".v1,"Manuscript Escorialensis Ω 1.12, folio 190bis recto","Creative Commons Attribution_NonCommercial-ShareAlike 3.0 Unported License"
"urn:cite:hmt:e4img.e4_032".v1,"Manuscript Escorialensis Ω 1.12, folio 190bis verso","Creative Commons Attribution_NonCommercial-ShareAlike 3.0 Unported License"
"urn:cite:hmt:e4img.e4_354".v1,"Manuscript Escorialensis Ω 1.12, folio 190 recto","Creative Commons Attribution_NonCommercial-ShareAlike 3.0 Unported License"
"urn:cite:hmt:e4img.e4_033".v1,"Manuscript Escorialensis Ω 1.12, folio 190 verso","Creative Commons Attribution_NonCommercial-ShareAlike 3.0 Unported License"
"urn:cite:hmt:e4img.e4_351".v1,"Manuscript Escorialensis Ω 1.12, folio 191 recto","Creative Commons Attribution_NonCommercial-ShareAlike 3.0 Unported License"
"urn:cite:hmt:e4img.e4_352".v1,"Manuscript Escorialensis Ω 1.12, folio 191 recto","Creative Commons Attribution_NonCommercial-ShareAlike 3.0 Unported License"
"urn:cite:hmt:e4img.e4_031".v1,"Manuscript Escorialensis Ω 1.12, folio 191 verso","Creative Commons Attribution_NonCommercial-ShareAlike 3.0 Unported License"
"urn:cite:hmt:e4img.e4_350".v1,"Manuscript Escorialensis Ω 1.12, folio 192 recto","Creative Commons Attribution_NonCommercial-ShareAlike 3.0 Unported License"
"urn:cite:hmt:e4img.e4_030".v1,"Manuscript Escorialensis Ω 1.12, folio 192 verso","Creative Commons Attribution_NonCommercial-ShareAlike 3.0 Unported License"
"urn:cite:hmt:e4img.e4_349".v1,"Manuscript Escorialensis Ω 1.12, folio 193 recto","Creative Commons Attribution_NonCommercial-ShareAlike 3.0 Unported License"
"urn:cite:hmt:e4img.e4_029".v1,"Manuscript Escorialensis Ω 1.12, folio 193 verso","Creative Commons Attribution_NonCommercial-ShareAlike 3.0 Unported License"
"urn:cite:hmt:e4img.e4_348".v1,"Manuscript Escorialensis Ω 1.12, folio 194 recto","Creative Commons Attribution_NonCommercial-ShareAlike 3.0 Unported License"
"urn:cite:hmt:e4img.e4_028".v1,"Manuscript Escorialensis Ω 1.12, folio 194 verso","Creative Commons Attribution_NonCommercial-ShareAlike 3.0 Unported License"
"urn:cite:hmt:e4img.e4_347".v1,"Manuscript Escorialensis Ω 1.12, folio 195 recto","Creative Commons Attribution_NonCommercial-ShareAlike 3.0 Unported License"
"urn:cite:hmt:e4img.e4_027".v1,"Manuscript Escorialensis Ω 1.12, folio 195 verso","Creative Commons Attribution_NonCommercial-ShareAlike 3.0 Unported License"
"urn:cite:hmt:e4img.e4_346".v1,"Manuscript Escorialensis Ω 1.12, folio 196 recto","Creative Commons Attribution_NonCommercial-ShareAlike 3.0 Unported License"
"urn:cite:hmt:e4img.e4_026".v1,"Manuscript Escorialensis Ω 1.12, folio 196 verso","Creative Commons Attribution_NonCommercial-ShareAlike 3.0 Unported License"
"urn:cite:hmt:e4img.e4_345".v1,"Manuscript Escorialensis Ω 1.12, folio 197 recto","Creative Commons Attribution_NonCommercial-ShareAlike 3.0 Unported License"
"urn:cite:hmt:e4img.e4_025".v1,"Manuscript Escorialensis Ω 1.12, folio 197 verso","Creative Commons Attribution_NonCommercial-ShareAlike 3.0 Unported License"
"urn:cite:hmt:e4img.e4_344".v1,"Manuscript Escorialensis Ω 1.12, folio 198 recto","Creative Commons Attribution_NonCommercial-ShareAlike 3.0 Unported License"
"urn:cite:hmt:e4img.e4_024".v1,"Manuscript Escorialensis Ω 1.12, folio 198 verso","Creative Commons Attribution_NonCommercial-ShareAlike 3.0 Unported License"
"urn:cite:hmt:e4img.e4_343".v1,"Manuscript Escorialensis Ω 1.12, folio 199 recto","Creative Commons Attribution_NonCommercial-ShareAlike 3.0 Unported License"
"urn:cite:hmt:e4img.e4_023".v1,"Manuscript Escorialensis Ω 1.12, folio 199 verso","Creative Commons Attribution_NonCommercial-ShareAlike 3.0 Unported License"
"urn:cite:hmt:e4img.e4_342".v1,"Manuscript Escorialensis Ω 1.12, folio 200 recto","Creative Commons Attribution_NonCommercial-ShareAlike 3.0 Unported License"
"urn:cite:hmt:e4img.e4_022".v1,"Manuscript Escorialensis Ω 1.12, folio 200 verso","Creative Commons Attribution_NonCommercial-ShareAlike 3.0 Unported License"
"urn:cite:hmt:e4img.e4_341".v1,"Manuscript Escorialensis Ω 1.12, folio 201 recto","Creative Commons Attribution_NonCommercial-ShareAlike 3.0 Unported License"
"urn:cite:hmt:e4img.e4_021".v1,"Manuscript Escorialensis Ω 1.12, folio 201 verso","Creative Commons Attribution_NonCommercial-ShareAlike 3.0 Unported License"
"urn:cite:hmt:e4img.e4_340".v1,"Manuscript Escorialensis Ω 1.12, folio 202 recto","Creative Commons Attribution_NonCommercial-ShareAlike 3.0 Unported License"
"urn:cite:hmt:e4img.e4_020".v1,"Manuscript Escorialensis Ω 1.12, folio 202 verso","Creative Commons Attribution_NonCommercial-ShareAlike 3.0 Unported License"
"urn:cite:hmt:e4img.e4_339".v1,"Manuscript Escorialensis Ω 1.12, folio 203 recto","Creative Commons Attribution_NonCommercial-ShareAlike 3.0 Unported License"
"urn:cite:hmt:e4img.e4_019".v1,"Manuscript Escorialensis Ω 1.12, folio 203 verso","Creative Commons Attribution_NonCommercial-ShareAlike 3.0 Unported License"
"urn:cite:hmt:e4img.e4_338".v1,"Manuscript Escorialensis Ω 1.12, folio 204 recto","Creative Commons Attribution_NonCommercial-ShareAlike 3.0 Unported License"
"urn:cite:hmt:e4img.e4_018".v1,"Manuscript Escorialensis Ω 1.12, folio 204 verso","Creative Commons Attribution_NonCommercial-ShareAlike 3.0 Unported License"
"urn:cite:hmt:e4img.e4_337".v1,"Manuscript Escorialensis Ω 1.12, folio 205 recto","Creative Commons Attribution_NonCommercial-ShareAlike 3.0 Unported License"
"urn:cite:hmt:e4img.e4_017".v1,"Manuscript Escorialensis Ω 1.12, folio 205 verso","Creative Commons Attribution_NonCommercial-ShareAlike 3.0 Unported License"
"urn:cite:hmt:e4img.e4_336".v1,"Manuscript Escorialensis Ω 1.12, folio 206 recto","Creative Commons Attribution_NonCommercial-ShareAlike 3.0 Unported License"
"urn:cite:hmt:e4img.e4_016".v1,"Manuscript Escorialensis Ω 1.12, folio 206 verso","Creative Commons Attribution_NonCommercial-ShareAlike 3.0 Unported License"
"urn:cite:hmt:e4img.e4_335".v1,"Manuscript Escorialensis Ω 1.12, folio 207 recto","Creative Commons Attribution_NonCommercial-ShareAlike 3.0 Unported License"
"urn:cite:hmt:e4img.e4_015".v1,"Manuscript Escorialensis Ω 1.12, folio 207 verso","Creative Commons Attribution_NonCommercial-ShareAlike 3.0 Unported License"
"urn:cite:hmt:e4img.e4_334".v1,"Manuscript Escorialensis Ω 1.12, folio 208 recto","Creative Commons Attribution_NonCommercial-ShareAlike 3.0 Unported License"
"urn:cite:hmt:e4img.e4_014".v1,"Manuscript Escorialensis Ω 1.12, folio 208 verso","Creative Commons Attribution_NonCommercial-ShareAlike 3.0 Unported License"
"urn:cite:hmt:e4img.e4_333".v1,"Manuscript Escorialensis Ω 1.12, folio 209 recto","Creative Commons Attribution_NonCommercial-ShareAlike 3.0 Unported License"
"urn:cite:hmt:e4img.e4_013".v1,"Manuscript Escorialensis Ω 1.12, folio 209 verso","Creative Commons Attribution_NonCommercial-ShareAlike 3.0 Unported License"
"urn:cite:hmt:e4img.e4_332".v1,"Manuscript Escorialensis Ω 1.12, folio 210 recto","Creative Commons Attribution_NonCommercial-ShareAlike 3.0 Unported License"
"urn:cite:hmt:e4img.e4_012".v1,"Manuscript Escorialensis Ω 1.12, folio 210 verso","Creative Commons Attribution_NonCommercial-ShareAlike 3.0 Unported License"
"urn:cite:hmt:e4img.e4_331".v1,"Manuscript Escorialensis Ω 1.12, folio 211 recto","Creative Commons Attribution_NonCommercial-ShareAlike 3.0 Unported License"
"urn:cite:hmt:e4img.e4_011".v1,"Manuscript Escorialensis Ω 1.12, folio 211 verso","Creative Commons Attribution_NonCommercial-ShareAlike 3.0 Unported License"
"urn:cite:hmt:e4img.e4_330".v1,"Manuscript Escorialensis Ω 1.12, folio 212 recto","Creative Commons Attribution_NonCommercial-ShareAlike 3.0 Unported License"
"urn:cite:hmt:e4img.e4_009".v1,"Manuscript Escorialensis Ω 1.12, folio 212 verso","Creative Commons Attribution_NonCommercial-ShareAlike 3.0 Unported License"
"urn:cite:hmt:e4img.e4_010".v1,"Manuscript Escorialensis Ω 1.12, folio 212 verso","Creative Commons Attribution_NonCommercial-ShareAlike 3.0 Unported License"
"urn:cite:hmt:e4img.e4_329".v1,"Manuscript Escorialensis Ω 1.12, folio 213 recto","Creative Commons Attribution_NonCommercial-ShareAlike 3.0 Unported License"
"urn:cite:hmt:e4img.e4_008".v1,"Manuscript Escorialensis Ω 1.12, folio 213 verso","Creative Commons Attribution_NonCommercial-ShareAlike 3.0 Unported License"
"urn:cite:hmt:e4img.e4_328".v1,"Manuscript Escorialensis Ω 1.12, folio 214 recto","Creative Commons Attribution_NonCommercial-ShareAlike 3.0 Unported License"
"urn:cite:hmt:e4img.e4_007".v1,"Manuscript Escorialensis Ω 1.12, folio 214 verso","Creative Commons Attribution_NonCommercial-ShareAlike 3.0 Unported License"
"urn:cite:hmt:e4img.e4_327".v1,"Manuscript Escorialensis Ω 1.12, folio 215 recto","Creative Commons Attribution_NonCommercial-ShareAlike 3.0 Unported License"
"urn:cite:hmt:e4img.e4_006".v1,"Manuscript Escorialensis Ω 1.12, folio 215 verso","Creative Commons Attribution_NonCommercial-ShareAlike 3.0 Unported License"
"urn:cite:hmt:e4img.e4_326".v1,"Manuscript Escorialensis Ω 1.12, folio 216 recto","Creative Commons Attribution_NonCommercial-ShareAlike 3.0 Unported License"
"urn:cite:hmt:e4img.e4_510".v1,"Manuscript Escorialensis Ω 1.12, folio 42 recto","Creative Commons Attribution_NonCommercial-ShareAlike 3.0 Unported License"
"urn:cite:hmt:e4img.e4_509".v1,"Manuscript Escorialensis Ω 1.12, folio 43 recto","Creative Commons Attribution_NonCommercial-ShareAlike 3.0 Unported License"
"urn:cite:hmt:e4img.e4_508".v1,"Manuscript Escorialensis Ω 1.12, folio 44 recto","Creative Commons Attribution_NonCommercial-ShareAlike 3.0 Unported License"
"urn:cite:hmt:e4img.e4_507".v1,"Manuscript Escorialensis Ω 1.12, folio 45 recto","Creative Commons Attribution_NonCommercial-ShareAlike 3.0 Unported License"
"urn:cite:hmt:e4img.e4_506".v1,"Manuscript Escorialensis Ω 1.12, folio 46 recto","Creative Commons Attribution_NonCommercial-ShareAlike 3.0 Unported License"
"urn:cite:hmt:e4img.e4_505".v1,"Manuscript Escorialensis Ω 1.12, folio 47 recto","Creative Commons Attribution_NonCommercial-ShareAlike 3.0 Unported License"
"urn:cite:hmt:e4img.e4_504".v1,"Manuscript Escorialensis Ω 1.12, folio 48 recto","Creative Commons Attribution_NonCommercial-ShareAlike 3.0 Unported License"
"urn:cite:hmt:e4img.e4_503".v1,"Manuscript Escorialensis Ω 1.12, folio 49 recto","Creative Commons Attribution_NonCommercial-ShareAlike 3.0 Unported License"
"urn:cite:hmt:e4img.e4_502".v1,"Manuscript Escorialensis Ω 1.12, folio 50 recto","Creative Commons Attribution_NonCommercial-ShareAlike 3.0 Unported License"
"urn:cite:hmt:e4img.e4_501".v1,"Manuscript Escorialensis Ω 1.12, folio 51 recto","Creative Commons Attribution_NonCommercial-ShareAlike 3.0 Unported License"
"urn:cite:hmt:e4img.e4_500".v1,"Manuscript Escorialensis Ω 1.12, folio 52 recto","Creative Commons Attribution_NonCommercial-ShareAlike 3.0 Unported License"
"urn:cite:hmt:e4img.e4_499".v1,"Manuscript Escorialensis Ω 1.12, folio 53 recto","Creative Commons Attribution_NonCommercial-ShareAlike 3.0 Unported License"
"urn:cite:hmt:e4img.e4_498".v1,"Manuscript Escorialensis Ω 1.12, folio 54 recto","Creative Commons Attribution_NonCommercial-ShareAlike 3.0 Unported License"
"urn:cite:hmt:e4img.e4_497".v1,"Manuscript Escorialensis Ω 1.12, folio 55 recto","Creative Commons Attribution_NonCommercial-ShareAlike 3.0 Unported License"
"urn:cite:hmt:e4img.e4_496".v1,"Manuscript Escorialensis Ω 1.12, folio 56 recto","Creative Commons Attribution_NonCommercial-ShareAlike 3.0 Unported License"
"urn:cite:hmt:e4img.e4_495".v1,"Manuscript Escorialensis Ω 1.12, folio 57 recto","Creative Commons Attribution_NonCommercial-ShareAlike 3.0 Unported License"
"urn:cite:hmt:e4img.e4_494".v1,"Manuscript Escorialensis Ω 1.12, folio 58 recto","Creative Commons Attribution_NonCommercial-ShareAlike 3.0 Unported License"
"urn:cite:hmt:e4img.e4_493".v1,"Manuscript Escorialensis Ω 1.12, folio 59 recto","Creative Commons Attribution_NonCommercial-ShareAlike 3.0 Unported License"
"urn:cite:hmt:e4img.e4_492".v1,"Manuscript Escorialensis Ω 1.12, folio 60 recto","Creative Commons Attribution_NonCommercial-ShareAlike 3.0 Unported License"
"urn:cite:hmt:e4img.e4_491".v1,"Manuscript Escorialensis Ω 1.12, folio 61 recto","Creative Commons Attribution_NonCommercial-ShareAlike 3.0 Unported License"
"urn:cite:hmt:e4img.e4_490".v1,"Manuscript Escorialensis Ω 1.12, folio 62 recto","Creative Commons Attribution_NonCommercial-ShareAlike 3.0 Unported License"
"urn:cite:hmt:e4img.e4_489".v1,"Manuscript Escorialensis Ω 1.12, folio 63 recto","Creative Commons Attribution_NonCommercial-ShareAlike 3.0 Unported License"
"urn:cite:hmt:e4img.e4_488".v1,"Manuscript Escorialensis Ω 1.12, folio 64 recto","Creative Commons Attribution_NonCommercial-ShareAlike 3.0 Unported License"
"urn:cite:hmt:e4img.e4_487".v1,"Manuscript Escorialensis Ω 1.12, folio 65 recto","Creative Commons Attribution_NonCommercial-ShareAlike 3.0 Unported License"
"urn:cite:hmt:e4img.e4_486".v1,"Manuscript Escorialensis Ω 1.12, folio 67 recto","Creative Commons Attribution_NonCommercial-ShareAlike 3.0 Unported License"
"urn:cite:hmt:e4img.e4_484".v1,"Manuscript Escorialensis Ω 1.12, folio 68 recto","Creative Commons Attribution_NonCommercial-ShareAlike 3.0 Unported License"
"urn:cite:hmt:e4img.e4_483".v1,"Manuscript Escorialensis Ω 1.12, folio 69 recto","Creative Commons Attribution_NonCommercial-ShareAlike 3.0 Unported License"
"urn:cite:hmt:e4img.e4_482".v1,"Manuscript Escorialensis Ω 1.12, folio 70 recto","Creative Commons Attribution_NonCommercial-ShareAlike 3.0 Unported License"
"urn:cite:hmt:e4img.e4_481".v1,"Manuscript Escorialensis Ω 1.12, folio 71 recto","Creative Commons Attribution_NonCommercial-ShareAlike 3.0 Unported License"
"urn:cite:hmt:e4img.e4_480".v1,"Manuscript Escorialensis Ω 1.12, folio 72 recto","Creative Commons Attribution_NonCommercial-ShareAlike 3.0 Unported License"
"urn:cite:hmt:e4img.e4_479".v1,"Manuscript Escorialensis Ω 1.12, folio 73 recto","Creative Commons Attribution_NonCommercial-ShareAlike 3.0 Unported License"
"urn:cite:hmt:e4img.e4_478".v1,"Manuscript Escorialensis Ω 1.12, folio 74 recto","Creative Commons Attribution_NonCommercial-ShareAlike 3.0 Unported License"
"urn:cite:hmt:e4img.e4_477".v1,"Manuscript Escorialensis Ω 1.12, folio 75 recto","Creative Commons Attribution_NonCommercial-ShareAlike 3.0 Unported License"
"urn:cite:hmt:e4img.e4_476".v1,"Manuscript Escorialensis Ω 1.12, folio 76 recto","Creative Commons Attribution_NonCommercial-ShareAlike 3.0 Unported License"
"urn:cite:hmt:e4img.e4_475".v1,"Manuscript Escorialensis Ω 1.12, folio 77 recto","Creative Commons Attribution_NonCommercial-ShareAlike 3.0 Unported License"
"urn:cite:hmt:e4img.e4_473".v1,"Manuscript Escorialensis Ω 1.12, folio 78 recto","Creative Commons Attribution_NonCommercial-ShareAlike 3.0 Unported License"
"urn:cite:hmt:e4img.e4_472".v1,"Manuscript Escorialensis Ω 1.12, folio 79 recto","Creative Commons Attribution_NonCommercial-ShareAlike 3.0 Unported License"
"urn:cite:hmt:e4img.e4_471".v1,"Manuscript Escorialensis Ω 1.12, folio 80 recto","Creative Commons Attribution_NonCommercial-ShareAlike 3.0 Unported License"
"urn:cite:hmt:e4img.e4_470".v1,"Manuscript Escorialensis Ω 1.12, folio 81 recto","Creative Commons Attribution_NonCommercial-ShareAlike 3.0 Unported License"
"urn:cite:hmt:e4img.e4_469".v1,"Manuscript Escorialensis Ω 1.12, folio 82 recto","Creative Commons Attribution_NonCommercial-ShareAlike 3.0 Unported License"
"urn:cite:hmt:e4img.e4_468".v1,"Manuscript Escorialensis Ω 1.12, folio 83 recto","Creative Commons Attribution_NonCommercial-ShareAlike 3.0 Unported License"
"urn:cite:hmt:e4img.e4_467".v1,"Manuscript Escorialensis Ω 1.12, folio 84 recto","Creative Commons Attribution_NonCommercial-ShareAlike 3.0 Unported License"
"urn:cite:hmt:e4img.e4_466".v1,"Manuscript Escorialensis Ω 1.12, folio 85 recto","Creative Commons Attribution_NonCommercial-ShareAlike 3.0 Unported License"
"urn:cite:hmt:e4img.e4_465".v1,"Manuscript Escorialensis Ω 1.12, folio 86 recto","Creative Commons Attribution_NonCommercial-ShareAlike 3.0 Unported License"
"urn:cite:hmt:e4img.e4_464".v1,"Manuscript Escorialensis Ω 1.12, folio 87 recto","Creative Commons Attribution_NonCommercial-ShareAlike 3.0 Unported License"
"urn:cite:hmt:e4img.e4_463".v1,"Manuscript Escorialensis Ω 1.12, folio 88 recto","Creative Commons Attribution_NonCommercial-ShareAlike 3.0 Unported License"
"urn:cite:hmt:e4img.e4_462".v1,"Manuscript Escorialensis Ω 1.12, folio 89 recto","Creative Commons Attribution_NonCommercial-ShareAlike 3.0 Unported License"
"urn:cite:hmt:e4img.e4_461".v1,"Manuscript Escorialensis Ω 1.12, folio 90 recto","Creative Commons Attribution_NonCommercial-ShareAlike 3.0 Unported License"
"urn:cite:hmt:e4img.e4_460".v1,"Manuscript Escorialensis Ω 1.12, folio 91 recto","Creative Commons Attribution_NonCommercial-ShareAlike 3.0 Unported License"
"urn:cite:hmt:e4img.e4_459".v1,"Manuscript Escorialensis Ω 1.12, folio 92 recto","Creative Commons Attribution_NonCommercial-ShareAlike 3.0 Unported License"
"urn:cite:hmt:e4img.e4_458".v1,"Manuscript Escorialensis Ω 1.12, folio 93 recto","Creative Commons Attribution_NonCommercial-ShareAlike 3.0 Unported License"
"urn:cite:hmt:e4img.e4_457".v1,"Manuscript Escorialensis Ω 1.12, folio 94 recto","Creative Commons Attribution_NonCommercial-ShareAlike 3.0 Unported License"
"urn:cite:hmt:e4img.e4_456".v1,"Manuscript Escorialensis Ω 1.12, folio 95 recto","Creative Commons Attribution_NonCommercial-ShareAlike 3.0 Unported License"
"urn:cite:hmt:e4img.e4_455".v1,"Manuscript Escorialensis Ω 1.12, folio 96 recto","Creative Commons Attribution_NonCommercial-ShareAlike 3.0 Unported License"
"urn:cite:hmt:e4img.e4_454".v1,"Manuscript Escorialensis Ω 1.12, folio 97 recto","Creative Commons Attribution_NonCommercial-ShareAlike 3.0 Unported License"
"urn:cite:hmt:e4img.e4_453".v1,"Manuscript Escorialensis Ω 1.12, folio 98 recto","Creative Commons Attribution_NonCommercial-ShareAlike 3.0 Unported License"
"urn:cite:hmt:e4img.e4_452".v1,"Manuscript Escorialensis Ω 1.12, folio 99 recto","Creative Commons Attribution_NonCommercial-ShareAlike 3.0 Unported License"
