urn:cite:hmt:msA.1r,urn:cite:hmt:edstatus.0
urn:cite:hmt:msA.1v,urn:cite:hmt:edstatus.0
urn:cite:hmt:msA.2r,urn:cite:hmt:edstatus.1beta
urn:cite:hmt:msA.2v,urn:cite:hmt:edstatus.1beta
urn:cite:hmt:msA.3r,urn:cite:hmt:edstatus.1beta
urn:cite:hmt:msA.3v,urn:cite:hmt:edstatus.1beta
urn:cite:hmt:msA.4r,urn:cite:hmt:edstatus.0
urn:cite:hmt:msA.4v,urn:cite:hmt:edstatus.0
urn:cite:hmt:msA.5r,urn:cite:hmt:edstatus.1beta
urn:cite:hmt:msA.5v,urn:cite:hmt:edstatus.1beta
urn:cite:hmt:msA.6r,urn:cite:hmt:edstatus.0
urn:cite:hmt:msA.6v,urn:cite:hmt:edstatus.0
urn:cite:hmt:msA.7r,urn:cite:hmt:edstatus.1beta
urn:cite:hmt:msA.7v,urn:cite:hmt:edstatus.1beta
urn:cite:hmt:msA.8r,urn:cite:hmt:edstatus.0
urn:cite:hmt:msA.8v,urn:cite:hmt:edstatus.0
urn:cite:hmt:msA.9r,urn:cite:hmt:edstatus.4
urn:cite:hmt:msA.9v,urn:cite:hmt:edstatus.4
urn:cite:hmt:msA.10r,urn:cite:hmt:edstatus.1beta
urn:cite:hmt:msA.10v,urn:cite:hmt:edstatus.1beta
urn:cite:hmt:msA.11r,urn:cite:hmt:edstatus.1beta
urn:cite:hmt:msA.11v,urn:cite:hmt:edstatus.1beta
urn:cite:hmt:msA.12r,urn:cite:hmt:edstatus.0
urn:cite:hmt:msA.12v,urn:cite:hmt:edstatus.0
urn:cite:hmt:msA.13r,urn:cite:hmt:edstatus.0
urn:cite:hmt:msA.13v,urn:cite:hmt:edstatus.0
urn:cite:hmt:msA.14r,urn:cite:hmt:edstatus.0
urn:cite:hmt:msA.14v,urn:cite:hmt:edstatus.0
urn:cite:hmt:msA.15r,urn:cite:hmt:edstatus.0
urn:cite:hmt:msA.15v,urn:cite:hmt:edstatus.0
urn:cite:hmt:msA.16r,urn:cite:hmt:edstatus.0
urn:cite:hmt:msA.16v,urn:cite:hmt:edstatus.0
urn:cite:hmt:msA.17r,urn:cite:hmt:edstatus.0
urn:cite:hmt:msA.17v,urn:cite:hmt:edstatus.0
urn:cite:hmt:msA.18r,urn:cite:hmt:edstatus.0
urn:cite:hmt:msA.18v,urn:cite:hmt:edstatus.0
urn:cite:hmt:msA.19r,urn:cite:hmt:edstatus.0
urn:cite:hmt:msA.19v,urn:cite:hmt:edstatus.0
urn:cite:hmt:msA.20r,urn:cite:hmt:edstatus.0
urn:cite:hmt:msA.20v,urn:cite:hmt:edstatus.0
urn:cite:hmt:msA.21r,urn:cite:hmt:edstatus.0
urn:cite:hmt:msA.21v,urn:cite:hmt:edstatus.0
urn:cite:hmt:msA.22r,urn:cite:hmt:edstatus.0
urn:cite:hmt:msA.22v,urn:cite:hmt:edstatus.0
urn:cite:hmt:msA.23r,urn:cite:hmt:edstatus.0
urn:cite:hmt:msA.23v,urn:cite:hmt:edstatus.0
urn:cite:hmt:msA.24r,urn:cite:hmt:edstatus.0
urn:cite:hmt:msA.24v,urn:cite:hmt:edstatus.0
urn:cite:hmt:msA.25r,urn:cite:hmt:edstatus.0
urn:cite:hmt:msA.25v,urn:cite:hmt:edstatus.0
urn:cite:hmt:msA.26r,urn:cite:hmt:edstatus.0
urn:cite:hmt:msA.26v,urn:cite:hmt:edstatus.0
urn:cite:hmt:msA.27r,urn:cite:hmt:edstatus.0
urn:cite:hmt:msA.27v,urn:cite:hmt:edstatus.0
urn:cite:hmt:msA.28r,urn:cite:hmt:edstatus.0
urn:cite:hmt:msA.28v,urn:cite:hmt:edstatus.0
urn:cite:hmt:msA.29r,urn:cite:hmt:edstatus.0
urn:cite:hmt:msA.29v,urn:cite:hmt:edstatus.0
urn:cite:hmt:msA.30r,urn:cite:hmt:edstatus.0
urn:cite:hmt:msA.30v,urn:cite:hmt:edstatus.0
urn:cite:hmt:msA.31r,urn:cite:hmt:edstatus.0
urn:cite:hmt:msA.31v,urn:cite:hmt:edstatus.0
urn:cite:hmt:msA.32r,urn:cite:hmt:edstatus.0
urn:cite:hmt:msA.32v,urn:cite:hmt:edstatus.0
urn:cite:hmt:msA.33r,urn:cite:hmt:edstatus.0
urn:cite:hmt:msA.33v,urn:cite:hmt:edstatus.0
urn:cite:hmt:msA.34r,urn:cite:hmt:edstatus.0
urn:cite:hmt:msA.34v,urn:cite:hmt:edstatus.0
urn:cite:hmt:msA.35r,urn:cite:hmt:edstatus.0
urn:cite:hmt:msA.35v,urn:cite:hmt:edstatus.0
urn:cite:hmt:msA.36r,urn:cite:hmt:edstatus.0
urn:cite:hmt:msA.36v,urn:cite:hmt:edstatus.0
urn:cite:hmt:msA.37r,urn:cite:hmt:edstatus.0
urn:cite:hmt:msA.37v,urn:cite:hmt:edstatus.0
urn:cite:hmt:msA.38r,urn:cite:hmt:edstatus.0
urn:cite:hmt:msA.38v,urn:cite:hmt:edstatus.0
urn:cite:hmt:msA.39r,urn:cite:hmt:edstatus.0
urn:cite:hmt:msA.39v,urn:cite:hmt:edstatus.0
urn:cite:hmt:msA.40r,urn:cite:hmt:edstatus.0
urn:cite:hmt:msA.40v,urn:cite:hmt:edstatus.0
urn:cite:hmt:msA.41r,urn:cite:hmt:edstatus.0
urn:cite:hmt:msA.41v,urn:cite:hmt:edstatus.0
urn:cite:hmt:msA.42r,urn:cite:hmt:edstatus.0
urn:cite:hmt:msA.42v,urn:cite:hmt:edstatus.0
urn:cite:hmt:msA.43r,urn:cite:hmt:edstatus.0
urn:cite:hmt:msA.43v,urn:cite:hmt:edstatus.0
urn:cite:hmt:msA.44r,urn:cite:hmt:edstatus.0
urn:cite:hmt:msA.44v,urn:cite:hmt:edstatus.0
urn:cite:hmt:msA.45r,urn:cite:hmt:edstatus.0
urn:cite:hmt:msA.45v,urn:cite:hmt:edstatus.0
urn:cite:hmt:msA.46r,urn:cite:hmt:edstatus.0
urn:cite:hmt:msA.46v,urn:cite:hmt:edstatus.0
urn:cite:hmt:msA.47r,urn:cite:hmt:edstatus.0
urn:cite:hmt:msA.47v,urn:cite:hmt:edstatus.0
urn:cite:hmt:msA.48r,urn:cite:hmt:edstatus.0
urn:cite:hmt:msA.48v,urn:cite:hmt:edstatus.0
urn:cite:hmt:msA.49r,urn:cite:hmt:edstatus.0
urn:cite:hmt:msA.49v,urn:cite:hmt:edstatus.0
urn:cite:hmt:msA.50r,urn:cite:hmt:edstatus.0
urn:cite:hmt:msA.50v,urn:cite:hmt:edstatus.0
urn:cite:hmt:msA.51r,urn:cite:hmt:edstatus.1beta
urn:cite:hmt:msA.51v,urn:cite:hmt:edstatus.1beta
urn:cite:hmt:msA.52r,urn:cite:hmt:edstatus.1beta
urn:cite:hmt:msA.52v,urn:cite:hmt:edstatus.1beta
urn:cite:hmt:msA.53r,urn:cite:hmt:edstatus.1beta
urn:cite:hmt:msA.53v,urn:cite:hmt:edstatus.1beta
urn:cite:hmt:msA.54r,urn:cite:hmt:edstatus.1beta
urn:cite:hmt:msA.54v,urn:cite:hmt:edstatus.1beta
urn:cite:hmt:msA.55r,urn:cite:hmt:edstatus.1beta
urn:cite:hmt:msA.55v,urn:cite:hmt:edstatus.1beta
urn:cite:hmt:msA.56r,urn:cite:hmt:edstatus.1beta
urn:cite:hmt:msA.56v,urn:cite:hmt:edstatus.1beta
urn:cite:hmt:msA.57r,urn:cite:hmt:edstatus.1beta
urn:cite:hmt:msA.57v,urn:cite:hmt:edstatus.1beta
urn:cite:hmt:msA.58r,urn:cite:hmt:edstatus.1beta
urn:cite:hmt:msA.58v,urn:cite:hmt:edstatus.1beta
urn:cite:hmt:msA.59r,urn:cite:hmt:edstatus.1beta
urn:cite:hmt:msA.59v,urn:cite:hmt:edstatus.1beta
urn:cite:hmt:msA.60r,urn:cite:hmt:edstatus.1beta
urn:cite:hmt:msA.60v,urn:cite:hmt:edstatus.1beta
urn:cite:hmt:msA.61r,urn:cite:hmt:edstatus.1beta
urn:cite:hmt:msA.61v,urn:cite:hmt:edstatus.1beta
urn:cite:hmt:msA.62r,urn:cite:hmt:edstatus.1beta
urn:cite:hmt:msA.62v,urn:cite:hmt:edstatus.0
urn:cite:hmt:msA.63r,urn:cite:hmt:edstatus.0
urn:cite:hmt:msA.63v,urn:cite:hmt:edstatus.0
urn:cite:hmt:msA.64r,urn:cite:hmt:edstatus.0
urn:cite:hmt:msA.64v,urn:cite:hmt:edstatus.0
urn:cite:hmt:msA.65r,urn:cite:hmt:edstatus.0
urn:cite:hmt:msA.65v,urn:cite:hmt:edstatus.0
urn:cite:hmt:msA.66r,urn:cite:hmt:edstatus.0
urn:cite:hmt:msA.66v,urn:cite:hmt:edstatus.0
urn:cite:hmt:msA.67r,urn:cite:hmt:edstatus.0
urn:cite:hmt:msA.67v,urn:cite:hmt:edstatus.0
urn:cite:hmt:msA.68r,urn:cite:hmt:edstatus.0
urn:cite:hmt:msA.68v,urn:cite:hmt:edstatus.0
urn:cite:hmt:msA.69r,urn:cite:hmt:edstatus.0
urn:cite:hmt:msA.69v,urn:cite:hmt:edstatus.0
urn:cite:hmt:msA.70r,urn:cite:hmt:edstatus.0
urn:cite:hmt:msA.70v,urn:cite:hmt:edstatus.0
urn:cite:hmt:msA.71r,urn:cite:hmt:edstatus.0
urn:cite:hmt:msA.71v,urn:cite:hmt:edstatus.0
urn:cite:hmt:msA.72r,urn:cite:hmt:edstatus.0
urn:cite:hmt:msA.72v,urn:cite:hmt:edstatus.0
urn:cite:hmt:msA.73r,urn:cite:hmt:edstatus.0
urn:cite:hmt:msA.73v,urn:cite:hmt:edstatus.0
urn:cite:hmt:msA.74r,urn:cite:hmt:edstatus.0
urn:cite:hmt:msA.74v,urn:cite:hmt:edstatus.0
urn:cite:hmt:msA.75r,urn:cite:hmt:edstatus.0
urn:cite:hmt:msA.75v,urn:cite:hmt:edstatus.0
urn:cite:hmt:msA.76r,urn:cite:hmt:edstatus.0
urn:cite:hmt:msA.76v,urn:cite:hmt:edstatus.0
urn:cite:hmt:msA.77r,urn:cite:hmt:edstatus.0
urn:cite:hmt:msA.77v,urn:cite:hmt:edstatus.0
urn:cite:hmt:msA.78r,urn:cite:hmt:edstatus.0
urn:cite:hmt:msA.78v,urn:cite:hmt:edstatus.0
urn:cite:hmt:msA.79r,urn:cite:hmt:edstatus.0
urn:cite:hmt:msA.79v,urn:cite:hmt:edstatus.0
urn:cite:hmt:msA.80r,urn:cite:hmt:edstatus.0
urn:cite:hmt:msA.80v,urn:cite:hmt:edstatus.0
urn:cite:hmt:msA.81r,urn:cite:hmt:edstatus.0
urn:cite:hmt:msA.81v,urn:cite:hmt:edstatus.0
urn:cite:hmt:msA.82r,urn:cite:hmt:edstatus.0
urn:cite:hmt:msA.82v,urn:cite:hmt:edstatus.0
urn:cite:hmt:msA.83r,urn:cite:hmt:edstatus.0
urn:cite:hmt:msA.83v,urn:cite:hmt:edstatus.0
urn:cite:hmt:msA.84r,urn:cite:hmt:edstatus.0
urn:cite:hmt:msA.84v,urn:cite:hmt:edstatus.0
urn:cite:hmt:msA.85r,urn:cite:hmt:edstatus.0
urn:cite:hmt:msA.85v,urn:cite:hmt:edstatus.0
urn:cite:hmt:msA.86r,urn:cite:hmt:edstatus.0
urn:cite:hmt:msA.86v,urn:cite:hmt:edstatus.0
urn:cite:hmt:msA.87r,urn:cite:hmt:edstatus.0
urn:cite:hmt:msA.87v,urn:cite:hmt:edstatus.0
urn:cite:hmt:msA.88r,urn:cite:hmt:edstatus.0
urn:cite:hmt:msA.88v,urn:cite:hmt:edstatus.0
urn:cite:hmt:msA.89r,urn:cite:hmt:edstatus.0
urn:cite:hmt:msA.89v,urn:cite:hmt:edstatus.0
urn:cite:hmt:msA.90r,urn:cite:hmt:edstatus.0
urn:cite:hmt:msA.90v,urn:cite:hmt:edstatus.0
urn:cite:hmt:msA.91r,urn:cite:hmt:edstatus.0
urn:cite:hmt:msA.91v,urn:cite:hmt:edstatus.0
urn:cite:hmt:msA.92r,urn:cite:hmt:edstatus.0
urn:cite:hmt:msA.92v,urn:cite:hmt:edstatus.0
urn:cite:hmt:msA.93r,urn:cite:hmt:edstatus.0
urn:cite:hmt:msA.93v,urn:cite:hmt:edstatus.0
urn:cite:hmt:msA.94r,urn:cite:hmt:edstatus.0
urn:cite:hmt:msA.94v,urn:cite:hmt:edstatus.0
urn:cite:hmt:msA.95r,urn:cite:hmt:edstatus.0
urn:cite:hmt:msA.95v,urn:cite:hmt:edstatus.0
urn:cite:hmt:msA.96r,urn:cite:hmt:edstatus.0
urn:cite:hmt:msA.96v,urn:cite:hmt:edstatus.0
urn:cite:hmt:msA.97r,urn:cite:hmt:edstatus.0
urn:cite:hmt:msA.97v,urn:cite:hmt:edstatus.0
urn:cite:hmt:msA.98r,urn:cite:hmt:edstatus.0
urn:cite:hmt:msA.98v,urn:cite:hmt:edstatus.0
urn:cite:hmt:msA.99r,urn:cite:hmt:edstatus.0
urn:cite:hmt:msA.99v,urn:cite:hmt:edstatus.0
urn:cite:hmt:msA.100r,urn:cite:hmt:edstatus.0
urn:cite:hmt:msA.100v,urn:cite:hmt:edstatus.5
urn:cite:hmt:msA.101r,urn:cite:hmt:edstatus.2
urn:cite:hmt:msA.101v,urn:cite:hmt:edstatus.2
urn:cite:hmt:msA.102r,urn:cite:hmt:edstatus.2
urn:cite:hmt:msA.102v,urn:cite:hmt:edstatus.2
urn:cite:hmt:msA.103r,urn:cite:hmt:edstatus.2
urn:cite:hmt:msA.103v,urn:cite:hmt:edstatus.2
urn:cite:hmt:msA.104r,urn:cite:hmt:edstatus.2
urn:cite:hmt:msA.104v,urn:cite:hmt:edstatus.2
urn:cite:hmt:msA.105r,urn:cite:hmt:edstatus.2
urn:cite:hmt:msA.105v,urn:cite:hmt:edstatus.2
urn:cite:hmt:msA.106r,urn:cite:hmt:edstatus.2
urn:cite:hmt:msA.106v,urn:cite:hmt:edstatus.2
urn:cite:hmt:msA.107r,urn:cite:hmt:edstatus.2
urn:cite:hmt:msA.107v,urn:cite:hmt:edstatus.2
urn:cite:hmt:msA.108r,urn:cite:hmt:edstatus.2
urn:cite:hmt:msA.108v,urn:cite:hmt:edstatus.2
urn:cite:hmt:msA.109r,urn:cite:hmt:edstatus.2
urn:cite:hmt:msA.109v,urn:cite:hmt:edstatus.2
urn:cite:hmt:msA.110r,urn:cite:hmt:edstatus.2
urn:cite:hmt:msA.110v,urn:cite:hmt:edstatus.2
urn:cite:hmt:msA.111r,urn:cite:hmt:edstatus.2
urn:cite:hmt:msA.111v,urn:cite:hmt:edstatus.1beta
urn:cite:hmt:msA.112r,urn:cite:hmt:edstatus.1beta
urn:cite:hmt:msA.112v,urn:cite:hmt:edstatus.1beta
urn:cite:hmt:msA.113r,urn:cite:hmt:edstatus.0
urn:cite:hmt:msA.113v,urn:cite:hmt:edstatus.1beta
urn:cite:hmt:msA.114r,urn:cite:hmt:edstatus.0
urn:cite:hmt:msA.114v,urn:cite:hmt:edstatus.0
urn:cite:hmt:msA.115r,urn:cite:hmt:edstatus.1beta
urn:cite:hmt:msA.115v,urn:cite:hmt:edstatus.1beta
urn:cite:hmt:msA.116r,urn:cite:hmt:edstatus.0
urn:cite:hmt:msA.116v,urn:cite:hmt:edstatus.0
urn:cite:hmt:msA.117r,urn:cite:hmt:edstatus.0
urn:cite:hmt:msA.117v,urn:cite:hmt:edstatus.1beta
urn:cite:hmt:msA.118r,urn:cite:hmt:edstatus.0
urn:cite:hmt:msA.118v,urn:cite:hmt:edstatus.0
urn:cite:hmt:msA.119r,urn:cite:hmt:edstatus.0
urn:cite:hmt:msA.119v,urn:cite:hmt:edstatus.0
urn:cite:hmt:msA.120r,urn:cite:hmt:edstatus.1beta
urn:cite:hmt:msA.120v,urn:cite:hmt:edstatus.1beta
urn:cite:hmt:msA.121r,urn:cite:hmt:edstatus.0
urn:cite:hmt:msA.121v,urn:cite:hmt:edstatus.0
urn:cite:hmt:msA.122r,urn:cite:hmt:edstatus.0
urn:cite:hmt:msA.122v,urn:cite:hmt:edstatus.0
urn:cite:hmt:msA.123r,urn:cite:hmt:edstatus.0
urn:cite:hmt:msA.123v,urn:cite:hmt:edstatus.0
urn:cite:hmt:msA.124r,urn:cite:hmt:edstatus.0
urn:cite:hmt:msA.124v,urn:cite:hmt:edstatus.0
urn:cite:hmt:msA.125r,urn:cite:hmt:edstatus.0
urn:cite:hmt:msA.125v,urn:cite:hmt:edstatus.0
urn:cite:hmt:msA.126r,urn:cite:hmt:edstatus.2
urn:cite:hmt:msA.126v,urn:cite:hmt:edstatus.2
urn:cite:hmt:msA.127r,urn:cite:hmt:edstatus.2
urn:cite:hmt:msA.127v,urn:cite:hmt:edstatus.2
urn:cite:hmt:msA.128r,urn:cite:hmt:edstatus.2
urn:cite:hmt:msA.128v,urn:cite:hmt:edstatus.2
urn:cite:hmt:msA.129r,urn:cite:hmt:edstatus.2
urn:cite:hmt:msA.129v,urn:cite:hmt:edstatus.2
urn:cite:hmt:msA.130r,urn:cite:hmt:edstatus.2
urn:cite:hmt:msA.130v,urn:cite:hmt:edstatus.2
urn:cite:hmt:msA.131r,urn:cite:hmt:edstatus.2
urn:cite:hmt:msA.131v,urn:cite:hmt:edstatus.2
urn:cite:hmt:msA.132r,urn:cite:hmt:edstatus.2
urn:cite:hmt:msA.132v,urn:cite:hmt:edstatus.2
urn:cite:hmt:msA.133r,urn:cite:hmt:edstatus.2
urn:cite:hmt:msA.133v,urn:cite:hmt:edstatus.2
urn:cite:hmt:msA.134r,urn:cite:hmt:edstatus.2
urn:cite:hmt:msA.134v,urn:cite:hmt:edstatus.2
urn:cite:hmt:msA.135r,urn:cite:hmt:edstatus.2
urn:cite:hmt:msA.135v,urn:cite:hmt:edstatus.2
urn:cite:hmt:msA.136r,urn:cite:hmt:edstatus.2
urn:cite:hmt:msA.136v,urn:cite:hmt:edstatus.2
urn:cite:hmt:msA.137r,urn:cite:hmt:edstatus.2
urn:cite:hmt:msA.137v,urn:cite:hmt:edstatus.2
urn:cite:hmt:msA.138r,urn:cite:hmt:edstatus.2
urn:cite:hmt:msA.138v,urn:cite:hmt:edstatus.2
urn:cite:hmt:msA.139r,urn:cite:hmt:edstatus.2
urn:cite:hmt:msA.139v,urn:cite:hmt:edstatus.2
urn:cite:hmt:msA.140r,urn:cite:hmt:edstatus.2
urn:cite:hmt:msA.140v,urn:cite:hmt:edstatus.2
urn:cite:hmt:msA.141r,urn:cite:hmt:edstatus.2
urn:cite:hmt:msA.141v,urn:cite:hmt:edstatus.2
urn:cite:hmt:msA.142r,urn:cite:hmt:edstatus.2
urn:cite:hmt:msA.142v,urn:cite:hmt:edstatus.2
urn:cite:hmt:msA.143r,urn:cite:hmt:edstatus.2
urn:cite:hmt:msA.143v,urn:cite:hmt:edstatus.2
urn:cite:hmt:msA.144r,urn:cite:hmt:edstatus.2
urn:cite:hmt:msA.144v,urn:cite:hmt:edstatus.2
urn:cite:hmt:msA.145r,urn:cite:hmt:edstatus.2
urn:cite:hmt:msA.145v,urn:cite:hmt:edstatus.2
urn:cite:hmt:msA.146r,urn:cite:hmt:edstatus.2
urn:cite:hmt:msA.146v,urn:cite:hmt:edstatus.2
urn:cite:hmt:msA.147r,urn:cite:hmt:edstatus.2
urn:cite:hmt:msA.147v,urn:cite:hmt:edstatus.2
urn:cite:hmt:msA.148r,urn:cite:hmt:edstatus.2
urn:cite:hmt:msA.148v,urn:cite:hmt:edstatus.2
urn:cite:hmt:msA.149r,urn:cite:hmt:edstatus.2
urn:cite:hmt:msA.149v,urn:cite:hmt:edstatus.2
urn:cite:hmt:msA.150r,urn:cite:hmt:edstatus.2
urn:cite:hmt:msA.150v,urn:cite:hmt:edstatus.2
urn:cite:hmt:msA.151r,urn:cite:hmt:edstatus.2
urn:cite:hmt:msA.151v,urn:cite:hmt:edstatus.2
urn:cite:hmt:msA.152r,urn:cite:hmt:edstatus.2
urn:cite:hmt:msA.160v,urn:cite:hmt:edstatus.4
urn:cite:hmt:msA.239r,urn:cite:hmt:edstatus.null
urn:cite:hmt:msA.239v,urn:cite:hmt:edstatus.5
urn:cite:hmt:msA.240r,urn:cite:hmt:edstatus.5
urn:cite:hmt:msA.240v,urn:cite:hmt:edstatus.null
urn:cite:hmt:msA.241r,urn:cite:hmt:edstatus.null
urn:cite:hmt:msA.241v,urn:cite:hmt:edstatus.5
urn:cite:hmt:msA.242r,urn:cite:hmt:edstatus.null
urn:cite:hmt:msA.242v,urn:cite:hmt:edstatus.5
urn:cite:hmt:msA.243r,urn:cite:hmt:edstatus.5
urn:cite:hmt:msA.243v,urn:cite:hmt:edstatus.null
urn:cite:hmt:msA.244r,urn:cite:hmt:edstatus.null
urn:cite:hmt:msA.244v,urn:cite:hmt:edstatus.null
urn:cite:hmt:msA.245r,urn:cite:hmt:edstatus.null
urn:cite:hmt:msA.245v,urn:cite:hmt:edstatus.null
urn:cite:hmt:msA.246r,urn:cite:hmt:edstatus.null
urn:cite:hmt:msA.246v,urn:cite:hmt:edstatus.5
urn:cite:hmt:msA.247r,urn:cite:hmt:edstatus.null
urn:cite:hmt:msA.247v,urn:cite:hmt:edstatus.5
urn:cite:hmt:msA.248r,urn:cite:hmt:edstatus.null
urn:cite:hmt:msA.248v,urn:cite:hmt:edstatus.null
urn:cite:hmt:msA.249r,urn:cite:hmt:edstatus.null
urn:cite:hmt:msA.249v,urn:cite:hmt:edstatus.null
urn:cite:hmt:msA.250r,urn:cite:hmt:edstatus.null
urn:cite:hmt:msA.250v,urn:cite:hmt:edstatus.null
urn:cite:hmt:msA.251r,urn:cite:hmt:edstatus.5
urn:cite:hmt:msA.251v,urn:cite:hmt:edstatus.null
urn:cite:hmt:msA.252r,urn:cite:hmt:edstatus.5
urn:cite:hmt:msA.252v,urn:cite:hmt:edstatus.5
urn:cite:hmt:msA.253r,urn:cite:hmt:edstatus.null
urn:cite:hmt:msA.253v,urn:cite:hmt:edstatus.null
urn:cite:hmt:msA.254r,urn:cite:hmt:edstatus.5
urn:cite:hmt:msA.254v,urn:cite:hmt:edstatus.5
urn:cite:hmt:msA.255r,urn:cite:hmt:edstatus.5
urn:cite:hmt:msA.255v,urn:cite:hmt:edstatus.5
urn:cite:hmt:msA.256r,urn:cite:hmt:edstatus.5
urn:cite:hmt:msA.256v,urn:cite:hmt:edstatus.5
urn:cite:hmt:msA.257r,urn:cite:hmt:edstatus.5
urn:cite:hmt:msA.257v,urn:cite:hmt:edstatus.5
urn:cite:hmt:msA.258r,urn:cite:hmt:edstatus.5
urn:cite:hmt:msA.258v,urn:cite:hmt:edstatus.null
urn:cite:hmt:msA.259r,urn:cite:hmt:edstatus.null
urn:cite:hmt:msA.259v,urn:cite:hmt:edstatus.null
urn:cite:hmt:msA.326v,urn:cite:hmt:edstatus.4
urn:cite:hmt:msA.327r,urn:cite:hmt:edstatus.0
urn:cite:hmt:msA.327v,urn:cite:hmt:edstatus.1beta