urn:cite:hmt:e4.1r.v1	urn:cite:hmt:e4img.E4001r_553
urn:cite:hmt:e4.1v.v1	urn:cite:hmt:e4img.E4001v_245
urn:cite:hmt:e4.2r.v1	urn:cite:hmt:e4img.E4002r_552
urn:cite:hmt:e4.2v.v1	urn:cite:hmt:e4img.E4002v_244
urn:cite:hmt:e4.3r.v1	urn:cite:hmt:e4img.E4003r_551
urn:cite:hmt:e4.3v.v1	urn:cite:hmt:e4img.E4003v_243
urn:cite:hmt:e4.4r.v1	urn:cite:hmt:e4img.E4004r_550
urn:cite:hmt:e4.4v.v1	urn:cite:hmt:e4img.E4004v_242
urn:cite:hmt:e4.5r.v1	urn:cite:hmt:e4img.E4005r_549
urn:cite:hmt:e4.5v.v1	urn:cite:hmt:e4img.E4005v_241
urn:cite:hmt:e4.6r.v1	urn:cite:hmt:e4img.E4006r_548
urn:cite:hmt:e4.6v.v1	urn:cite:hmt:e4img.E4006v_240
urn:cite:hmt:e4.7r.v1	urn:cite:hmt:e4img.E4007r_547
urn:cite:hmt:e4.7v.v1	urn:cite:hmt:e4img.E4007v_239
urn:cite:hmt:e4.8r.v1	urn:cite:hmt:e4img.E4008r_546
urn:cite:hmt:e4.8v.v1	urn:cite:hmt:e4img.E4008v_238
urn:cite:hmt:e4.9r.v1	urn:cite:hmt:e4img.E4009r_545
urn:cite:hmt:e4.9v.v1	urn:cite:hmt:e4img.E4009v_237
urn:cite:hmt:e4.10r.v1	urn:cite:hmt:e4img.E4010r_544
urn:cite:hmt:e4.10v.v1	urn:cite:hmt:e4img.E4010v_236
urn:cite:hmt:e4.11r.v1	urn:cite:hmt:e4img.E4011r_543
urn:cite:hmt:e4.11v.v1	urn:cite:hmt:e4img.E4011v_235
urn:cite:hmt:e4.12r.v1	urn:cite:hmt:e4img.E4012r_542
urn:cite:hmt:e4.12v.v1	urn:cite:hmt:e4img.E4012v_234
urn:cite:hmt:e4.13r.v1	urn:cite:hmt:e4img.E4013r_540
urn:cite:hmt:e4.13v.v1	urn:cite:hmt:e4img.E4013v_233
urn:cite:hmt:e4.14r.v1	urn:cite:hmt:e4img.E4014r_539
urn:cite:hmt:e4.14v.v1	urn:cite:hmt:e4img.E4014v_232
urn:cite:hmt:e4.15r.v1	urn:cite:hmt:e4img.E4015r_537
urn:cite:hmt:e4.15v.v1	urn:cite:hmt:e4img.E4015v_231
urn:cite:hmt:e4.16r.v1	urn:cite:hmt:e4img.E4016r_536
urn:cite:hmt:e4.16v.v1	urn:cite:hmt:e4img.E4016v_230
urn:cite:hmt:e4.17r.v1	urn:cite:hmt:e4img.E4017r_535
urn:cite:hmt:e4.17v.v1	urn:cite:hmt:e4img.E4017v_229
urn:cite:hmt:e4.18r.v1	urn:cite:hmt:e4img.E4018r_534
urn:cite:hmt:e4.18v.v1	urn:cite:hmt:e4img.E4018v_228
urn:cite:hmt:e4.19r.v1	urn:cite:hmt:e4img.E4019r_533
urn:cite:hmt:e4.19v.v1	urn:cite:hmt:e4img.E4019v_227
urn:cite:hmt:e4.20r.v1	urn:cite:hmt:e4img.E4020r_532
urn:cite:hmt:e4.20v.v1	urn:cite:hmt:e4img.E4020v_226
urn:cite:hmt:e4.21r.v1	urn:cite:hmt:e4img.E4021r_531
urn:cite:hmt:e4.21v.v1	urn:cite:hmt:e4img.E4021v_225
urn:cite:hmt:e4.22r.v1	urn:cite:hmt:e4img.E4022r_530
urn:cite:hmt:e4.22v.v1	urn:cite:hmt:e4img.E4022v_224
urn:cite:hmt:e4.23r.v1	urn:cite:hmt:e4img.E4023r_529
urn:cite:hmt:e4.23v.v1	urn:cite:hmt:e4img.E4023v_223
urn:cite:hmt:e4.24r.v1	urn:cite:hmt:e4img.E4024r_528
urn:cite:hmt:e4.24v.v1	urn:cite:hmt:e4img.E4024v_222
urn:cite:hmt:e4.25r.v1	urn:cite:hmt:e4img.E4025r_527
urn:cite:hmt:e4.25v.v1	urn:cite:hmt:e4img.E4025v_221
urn:cite:hmt:e4.26r.v1	urn:cite:hmt:e4img.E4026r_526
urn:cite:hmt:e4.26v.v1	urn:cite:hmt:e4img.E4026v_220
urn:cite:hmt:e4.27r.v1	urn:cite:hmt:e4img.E4027r_525
urn:cite:hmt:e4.27v.v1	urn:cite:hmt:e4img.E4027v_219
urn:cite:hmt:e4.28r.v1	urn:cite:hmt:e4img.E4028r_524
urn:cite:hmt:e4.28v.v1	urn:cite:hmt:e4img.E4028v_218
urn:cite:hmt:e4.29r.v1	urn:cite:hmt:e4img.E4029r_523
urn:cite:hmt:e4.29v.v1	urn:cite:hmt:e4img.E4029v_217
urn:cite:hmt:e4.30r.v1	urn:cite:hmt:e4img.E4030r_522
urn:cite:hmt:e4.30v.v1	urn:cite:hmt:e4img.E4030v_216
urn:cite:hmt:e4.31r.v1	urn:cite:hmt:e4img.E4031r_521
urn:cite:hmt:e4.31v.v1	urn:cite:hmt:e4img.E4031v_215
urn:cite:hmt:e4.32r.v1	urn:cite:hmt:e4img.E4032r_520
urn:cite:hmt:e4.32v.v1	urn:cite:hmt:e4img.E4032v_214
urn:cite:hmt:e4.33r.v1	urn:cite:hmt:e4img.E4033r_519
urn:cite:hmt:e4.33v.v1	urn:cite:hmt:e4img.E4033v_213
urn:cite:hmt:e4.34r.v1	urn:cite:hmt:e4img.E4034r_518
urn:cite:hmt:e4.34v.v1	urn:cite:hmt:e4img.E4034v_212
urn:cite:hmt:e4.35r.v1	urn:cite:hmt:e4img.E4035r_517
urn:cite:hmt:e4.35v.v1	urn:cite:hmt:e4img.E4035v_211
urn:cite:hmt:e4.36r.v1	urn:cite:hmt:e4img.E4036r_516
urn:cite:hmt:e4.36v.v1	urn:cite:hmt:e4img.E4036v_210
urn:cite:hmt:e4.37r.v1	urn:cite:hmt:e4img.E4037r_515
urn:cite:hmt:e4.37v.v1	urn:cite:hmt:e4img.E4037v_209
urn:cite:hmt:e4.38r.v1	urn:cite:hmt:e4img.E4038r_514
urn:cite:hmt:e4.38v.v1	urn:cite:hmt:e4img.E4038v_208
urn:cite:hmt:e4.39r.v1	urn:cite:hmt:e4img.E4039r_513
urn:cite:hmt:e4.39v.v1	urn:cite:hmt:e4img.E4039v_207
urn:cite:hmt:e4.40r.v1	urn:cite:hmt:e4img.E4040r_512
urn:cite:hmt:e4.40v.v1	urn:cite:hmt:e4img.E4040v_206
urn:cite:hmt:e4.41r.v1	urn:cite:hmt:e4img.E4041r_511
urn:cite:hmt:e4.41v.v1	urn:cite:hmt:e4img.E4041v_205
urn:cite:hmt:e4.42r.v1	urn:cite:hmt:e4img.E442r_510
urn:cite:hmt:e4.42v.v1	urn:cite:hmt:e4img.E4042v_204
urn:cite:hmt:e4.43r.v1	urn:cite:hmt:e4img.E443r_509
urn:cite:hmt:e4.43v.v1	urn:cite:hmt:e4img.E4043v_203
urn:cite:hmt:e4.44r.v1	urn:cite:hmt:e4img.E444r_508
urn:cite:hmt:e4.44v.v1	urn:cite:hmt:e4img.E4044v_202
urn:cite:hmt:e4.45r.v1	urn:cite:hmt:e4img.E445r_507
urn:cite:hmt:e4.45v.v1	urn:cite:hmt:e4img.E4045v_201
urn:cite:hmt:e4.46r.v1	urn:cite:hmt:e4img.E446r_506
urn:cite:hmt:e4.46v.v1	urn:cite:hmt:e4img.E4046v_200
urn:cite:hmt:e4.47r.v1	urn:cite:hmt:e4img.E447r_505
urn:cite:hmt:e4.47v.v1	urn:cite:hmt:e4img.E4047v_199
urn:cite:hmt:e4.48r.v1	urn:cite:hmt:e4img.E448r_504
urn:cite:hmt:e4.48v.v1	urn:cite:hmt:e4img.E4048v_198
urn:cite:hmt:e4.49r.v1	urn:cite:hmt:e4img.E449r_503
urn:cite:hmt:e4.49v.v1	urn:cite:hmt:e4img.E4049v_197
urn:cite:hmt:e4.50r.v1	urn:cite:hmt:e4img.E450r_502
urn:cite:hmt:e4.50v.v1	urn:cite:hmt:e4img.E4050v_196
urn:cite:hmt:e4.51r.v1	urn:cite:hmt:e4img.E451r_501
urn:cite:hmt:e4.51v.v1	urn:cite:hmt:e4img.E4051v_194
urn:cite:hmt:e4.51v.v1	urn:cite:hmt:e4img.E4051v_195
urn:cite:hmt:e4.52r.v1	urn:cite:hmt:e4img.E452r_500
urn:cite:hmt:e4.52v.v1	urn:cite:hmt:e4img.E4052v_193
urn:cite:hmt:e4.53r.v1	urn:cite:hmt:e4img.E453r_499
urn:cite:hmt:e4.53v.v1	urn:cite:hmt:e4img.E4053v_192
urn:cite:hmt:e4.54r.v1	urn:cite:hmt:e4img.E454r_498
urn:cite:hmt:e4.54v.v1	urn:cite:hmt:e4img.E4054v_191
urn:cite:hmt:e4.55r.v1	urn:cite:hmt:e4img.E455r_497
urn:cite:hmt:e4.55v.v1	urn:cite:hmt:e4img.E4055v_190
urn:cite:hmt:e4.56r.v1	urn:cite:hmt:e4img.E456r_496
urn:cite:hmt:e4.56v.v1	urn:cite:hmt:e4img.E4056v_189
urn:cite:hmt:e4.57r.v1	urn:cite:hmt:e4img.E457r_495
urn:cite:hmt:e4.57v.v1	urn:cite:hmt:e4img.E4057v_188
urn:cite:hmt:e4.58r.v1	urn:cite:hmt:e4img.E458r_494
urn:cite:hmt:e4.58v.v1	urn:cite:hmt:e4img.E4058v_187
urn:cite:hmt:e4.59r.v1	urn:cite:hmt:e4img.E459r_493
urn:cite:hmt:e4.59v.v1	urn:cite:hmt:e4img.E4059v_185
urn:cite:hmt:e4.59v.v1	urn:cite:hmt:e4img.E4059v_186
urn:cite:hmt:e4.60r.v1	urn:cite:hmt:e4img.E460r_492
urn:cite:hmt:e4.60v.v1	urn:cite:hmt:e4img.E4060v_184
urn:cite:hmt:e4.61r.v1	urn:cite:hmt:e4img.E461r_491
urn:cite:hmt:e4.61v.v1	urn:cite:hmt:e4img.E4061v_183
urn:cite:hmt:e4.62r.v1	urn:cite:hmt:e4img.E462r_490
urn:cite:hmt:e4.62v.v1	urn:cite:hmt:e4img.E4062v_182
urn:cite:hmt:e4.63r.v1	urn:cite:hmt:e4img.E463r_489
urn:cite:hmt:e4.63v.v1	urn:cite:hmt:e4img.E4063v_181
urn:cite:hmt:e4.64r.v1	urn:cite:hmt:e4img.E464r_488
urn:cite:hmt:e4.64v.v1	urn:cite:hmt:e4img.E4064v_180
urn:cite:hmt:e4.65r.v1	urn:cite:hmt:e4img.E465r_487
urn:cite:hmt:e4.65v.v1	urn:cite:hmt:e4img.E4065v_179
urn:cite:hmt:e4.67r.v1	urn:cite:hmt:e4img.E467r_486
urn:cite:hmt:e4.67v.v1	urn:cite:hmt:e4img.E4067v_178
urn:cite:hmt:e4.68r.v1	urn:cite:hmt:e4img.E468r_484
urn:cite:hmt:e4.68v.v1	urn:cite:hmt:e4img.E4068v_177
urn:cite:hmt:e4.69r.v1	urn:cite:hmt:e4img.E469r_483
urn:cite:hmt:e4.69v.v1	urn:cite:hmt:e4img.E4069v_176
urn:cite:hmt:e4.70r.v1	urn:cite:hmt:e4img.E470r_482
urn:cite:hmt:e4.70v.v1	urn:cite:hmt:e4img.E4070v_175
urn:cite:hmt:e4.71r.v1	urn:cite:hmt:e4img.E471r_481
urn:cite:hmt:e4.71v.v1	urn:cite:hmt:e4img.E4071v_174
urn:cite:hmt:e4.72r.v1	urn:cite:hmt:e4img.E472r_480
urn:cite:hmt:e4.72v.v1	urn:cite:hmt:e4img.E4072v_173
urn:cite:hmt:e4.73r.v1	urn:cite:hmt:e4img.E473r_479
urn:cite:hmt:e4.73v.v1	urn:cite:hmt:e4img.E4073v_172
urn:cite:hmt:e4.74r.v1	urn:cite:hmt:e4img.E474r_478
urn:cite:hmt:e4.74v.v1	urn:cite:hmt:e4img.E4074v_171
urn:cite:hmt:e4.75r.v1	urn:cite:hmt:e4img.E475r_477
urn:cite:hmt:e4.75v.v1	urn:cite:hmt:e4img.E4075v_170
urn:cite:hmt:e4.76r.v1	urn:cite:hmt:e4img.E476r_476
urn:cite:hmt:e4.76v.v1	urn:cite:hmt:e4img.E4076v_169
urn:cite:hmt:e4.77r.v1	urn:cite:hmt:e4img.E477r_475
urn:cite:hmt:e4.77v.v1	urn:cite:hmt:e4img.E4077v_168
urn:cite:hmt:e4.78r.v1	urn:cite:hmt:e4img.E478r_473
urn:cite:hmt:e4.78v.v1	urn:cite:hmt:e4img.E4078v_167
urn:cite:hmt:e4.79r.v1	urn:cite:hmt:e4img.E479r_472
urn:cite:hmt:e4.79v.v1	urn:cite:hmt:e4img.E4079v_166
urn:cite:hmt:e4.80r.v1	urn:cite:hmt:e4img.E480r_471
urn:cite:hmt:e4.80v.v1	urn:cite:hmt:e4img.E4080v_165
urn:cite:hmt:e4.81r.v1	urn:cite:hmt:e4img.E481r_470
urn:cite:hmt:e4.81v.v1	urn:cite:hmt:e4img.E4081v_164
urn:cite:hmt:e4.82r.v1	urn:cite:hmt:e4img.E482r_469
urn:cite:hmt:e4.82v.v1	urn:cite:hmt:e4img.E4082v_163
urn:cite:hmt:e4.83r.v1	urn:cite:hmt:e4img.E483r_468
urn:cite:hmt:e4.83v.v1	urn:cite:hmt:e4img.E4083v_162
urn:cite:hmt:e4.84r.v1	urn:cite:hmt:e4img.E484r_467
urn:cite:hmt:e4.84v.v1	urn:cite:hmt:e4img.E4084v_161
urn:cite:hmt:e4.85r.v1	urn:cite:hmt:e4img.E485r_466
urn:cite:hmt:e4.85v.v1	urn:cite:hmt:e4img.E4085v_160
urn:cite:hmt:e4.86r.v1	urn:cite:hmt:e4img.E486r_465
urn:cite:hmt:e4.86v.v1	urn:cite:hmt:e4img.E4086v_159
urn:cite:hmt:e4.87r.v1	urn:cite:hmt:e4img.E487r_464
urn:cite:hmt:e4.87v.v1	urn:cite:hmt:e4img.E4087v_158
urn:cite:hmt:e4.88r.v1	urn:cite:hmt:e4img.E488r_463
urn:cite:hmt:e4.88v.v1	urn:cite:hmt:e4img.E4088v_157
urn:cite:hmt:e4.89r.v1	urn:cite:hmt:e4img.E489r_462
urn:cite:hmt:e4.89v.v1	urn:cite:hmt:e4img.E4089v_156
urn:cite:hmt:e4.90r.v1	urn:cite:hmt:e4img.E490r_461
urn:cite:hmt:e4.90v.v1	urn:cite:hmt:e4img.E4090v_153
urn:cite:hmt:e4.90v.v1	urn:cite:hmt:e4img.E4090v_154
urn:cite:hmt:e4.90v.v1	urn:cite:hmt:e4img.E4090v_155
urn:cite:hmt:e4.91r.v1	urn:cite:hmt:e4img.E491r_460
urn:cite:hmt:e4.91v.v1	urn:cite:hmt:e4img.E4091v_152
urn:cite:hmt:e4.92r.v1	urn:cite:hmt:e4img.E492r_459
urn:cite:hmt:e4.92v.v1	urn:cite:hmt:e4img.E4092v_151
urn:cite:hmt:e4.93r.v1	urn:cite:hmt:e4img.E493r_458
urn:cite:hmt:e4.93v.v1	urn:cite:hmt:e4img.E4093v_150
urn:cite:hmt:e4.94r.v1	urn:cite:hmt:e4img.E494r_457
urn:cite:hmt:e4.94v.v1	urn:cite:hmt:e4img.E4094v_149
urn:cite:hmt:e4.95r.v1	urn:cite:hmt:e4img.E495r_456
urn:cite:hmt:e4.95v.v1	urn:cite:hmt:e4img.E4095v_148
urn:cite:hmt:e4.96r.v1	urn:cite:hmt:e4img.E496r_455
urn:cite:hmt:e4.96v.v1	urn:cite:hmt:e4img.E4096v_147
urn:cite:hmt:e4.97r.v1	urn:cite:hmt:e4img.E497r_454
urn:cite:hmt:e4.97v.v1	urn:cite:hmt:e4img.E4097v_146
urn:cite:hmt:e4.98r.v1	urn:cite:hmt:e4img.E498r_453
urn:cite:hmt:e4.98v.v1	urn:cite:hmt:e4img.E4098v_145
urn:cite:hmt:e4.99r.v1	urn:cite:hmt:e4img.E499r_452
urn:cite:hmt:e4.99v.v1	urn:cite:hmt:e4img.E4099v_144
urn:cite:hmt:e4.100r.v1	urn:cite:hmt:e4img.E4100r_451
urn:cite:hmt:e4.100v.v1	urn:cite:hmt:e4img.E4100v_143
urn:cite:hmt:e4.101r.v1	urn:cite:hmt:e4img.E4101r_450
urn:cite:hmt:e4.101v.v1	urn:cite:hmt:e4img.E4101v_142
urn:cite:hmt:e4.102r.v1	urn:cite:hmt:e4img.E4102r_449
urn:cite:hmt:e4.102v.v1	urn:cite:hmt:e4img.E4102v_141
urn:cite:hmt:e4.103r.v1	urn:cite:hmt:e4img.E4103r_448
urn:cite:hmt:e4.103v.v1	urn:cite:hmt:e4img.E4103v_138
urn:cite:hmt:e4.103v.v1	urn:cite:hmt:e4img.E4103v_139
urn:cite:hmt:e4.103v.v1	urn:cite:hmt:e4img.E4103v_140
urn:cite:hmt:e4.104r.v1	urn:cite:hmt:e4img.E4104r_446
urn:cite:hmt:e4.104rd.v1	urn:cite:hmt:e4img.E4104rd_447
urn:cite:hmt:e4.104v.v1	urn:cite:hmt:e4img.E4104v_137
urn:cite:hmt:e4.105r.v1	urn:cite:hmt:e4img.E4105r_445
urn:cite:hmt:e4.105v.v1	urn:cite:hmt:e4img.E4105v_136
urn:cite:hmt:e4.106r.v1	urn:cite:hmt:e4img.E4106r_444
urn:cite:hmt:e4.106v.v1	urn:cite:hmt:e4img.E4106v_135
urn:cite:hmt:e4.107r.v1	urn:cite:hmt:e4img.E4107r_443
urn:cite:hmt:e4.107v.v1	urn:cite:hmt:e4img.E4107v_134
urn:cite:hmt:e4.108r.v1	urn:cite:hmt:e4img.E4108r_442
urn:cite:hmt:e4.108v.v1	urn:cite:hmt:e4img.E4108v_133
urn:cite:hmt:e4.109r.v1	urn:cite:hmt:e4img.E4109r_441
urn:cite:hmt:e4.109v.v1	urn:cite:hmt:e4img.E4109v_132
urn:cite:hmt:e4.110r.v1	urn:cite:hmt:e4img.E4110r_440
urn:cite:hmt:e4.110v.v1	urn:cite:hmt:e4img.E4110v_131
urn:cite:hmt:e4.111r.v1	urn:cite:hmt:e4img.E4111r_439
urn:cite:hmt:e4.111v.v1	urn:cite:hmt:e4img.E4111v_129
urn:cite:hmt:e4.111v.v1	urn:cite:hmt:e4img.E4111v_130
urn:cite:hmt:e4.112r.v1	urn:cite:hmt:e4img.E4112r_438
urn:cite:hmt:e4.112v.v1	urn:cite:hmt:e4img.E4112v_128
urn:cite:hmt:e4.113r.v1	urn:cite:hmt:e4img.E4113r_437
urn:cite:hmt:e4.113v.v1	urn:cite:hmt:e4img.E4113v_127
urn:cite:hmt:e4.114r.v1	urn:cite:hmt:e4img.E4114r_436
urn:cite:hmt:e4.114v.v1	urn:cite:hmt:e4img.E4114v_126
urn:cite:hmt:e4.115r.v1	urn:cite:hmt:e4img.E4115r_435
urn:cite:hmt:e4.115v.v1	urn:cite:hmt:e4img.E4115v_125
urn:cite:hmt:e4.116r.v1	urn:cite:hmt:e4img.E4116r_434
urn:cite:hmt:e4.116v.v1	urn:cite:hmt:e4img.E4116v_124
urn:cite:hmt:e4.117r.v1	urn:cite:hmt:e4img.E4117r_433
urn:cite:hmt:e4.117v.v1	urn:cite:hmt:e4img.E4117v_123
urn:cite:hmt:e4.118r.v1	urn:cite:hmt:e4img.E4118r_432
urn:cite:hmt:e4.118v.v1	urn:cite:hmt:e4img.E4118v_122
urn:cite:hmt:e4.119r.v1	urn:cite:hmt:e4img.E4119r_431
urn:cite:hmt:e4.119v.v1	urn:cite:hmt:e4img.E4119v_121
urn:cite:hmt:e4.120r.v1	urn:cite:hmt:e4img.E4120r_430
urn:cite:hmt:e4.120v.v1	urn:cite:hmt:e4img.E4120v_119
urn:cite:hmt:e4.120v.v1	urn:cite:hmt:e4img.E4120v_120
urn:cite:hmt:e4.121r.v1	urn:cite:hmt:e4img.E4121r_429
urn:cite:hmt:e4.121v.v1	urn:cite:hmt:e4img.E4121v_118
urn:cite:hmt:e4.122bisr.v1	urn:cite:hmt:e4img.E4122bisr_427
urn:cite:hmt:e4.122bisv.v1	urn:cite:hmt:e4img.E4122bisv_115
urn:cite:hmt:e4.122bisv.v1	urn:cite:hmt:e4img.E4122bisv_116
urn:cite:hmt:e4.122r.v1	urn:cite:hmt:e4img.E4122r_428
urn:cite:hmt:e4.122v.v1	urn:cite:hmt:e4img.E4122v_117
urn:cite:hmt:e4.123bisr.v1	urn:cite:hmt:e4img.E4123bisr_425
urn:cite:hmt:e4.123bisv.v1	urn:cite:hmt:e4img.E4123bisv_109
urn:cite:hmt:e4.123bisv.v1	urn:cite:hmt:e4img.E4123bisv_110
urn:cite:hmt:e4.123r.v1	urn:cite:hmt:e4img.E4123r_426
urn:cite:hmt:e4.123v.v1	urn:cite:hmt:e4img.E4123v_111
urn:cite:hmt:e4.123v.v1	urn:cite:hmt:e4img.E4123v_112
urn:cite:hmt:e4.123v.v1	urn:cite:hmt:e4img.E4123v_113
urn:cite:hmt:e4.123v.v1	urn:cite:hmt:e4img.E4123v_114
urn:cite:hmt:e4.124r.v1	urn:cite:hmt:e4img.E4124r_424
urn:cite:hmt:e4.124v.v1	urn:cite:hmt:e4img.E4124v_106
urn:cite:hmt:e4.124v.v1	urn:cite:hmt:e4img.E4124v_107
urn:cite:hmt:e4.124v.v1	urn:cite:hmt:e4img.E4124v_108
urn:cite:hmt:e4.125r.v1	urn:cite:hmt:e4img.E4125r_423
urn:cite:hmt:e4.125v.v1	urn:cite:hmt:e4img.E4125v_105
urn:cite:hmt:e4.126r.v1	urn:cite:hmt:e4img.E4126r_422
urn:cite:hmt:e4.126v.v1	urn:cite:hmt:e4img.E4126v_104
urn:cite:hmt:e4.127r.v1	urn:cite:hmt:e4img.E4127r_421
urn:cite:hmt:e4.127v.v1	urn:cite:hmt:e4img.E4127v_103
urn:cite:hmt:e4.128r.v1	urn:cite:hmt:e4img.E4128r_420
urn:cite:hmt:e4.128v.v1	urn:cite:hmt:e4img.E4128v_102
urn:cite:hmt:e4.129r.v1	urn:cite:hmt:e4img.E4129r_419
urn:cite:hmt:e4.129v.v1	urn:cite:hmt:e4img.E4129v_101
urn:cite:hmt:e4.130r.v1	urn:cite:hmt:e4img.E4130r_418
urn:cite:hmt:e4.130v.v1	urn:cite:hmt:e4img.E4130v_100
urn:cite:hmt:e4.131r.v1	urn:cite:hmt:e4img.E4131r_416
urn:cite:hmt:e4.131v.v1	urn:cite:hmt:e4img.E4131v_099
urn:cite:hmt:e4.132r.v1	urn:cite:hmt:e4img.E4132r_415
urn:cite:hmt:e4.132v.v1	urn:cite:hmt:e4img.E4132v_098
urn:cite:hmt:e4.133r.v1	urn:cite:hmt:e4img.E4133r_414
urn:cite:hmt:e4.133v.v1	urn:cite:hmt:e4img.E4133v_095
urn:cite:hmt:e4.133v.v1	urn:cite:hmt:e4img.E4133v_096
urn:cite:hmt:e4.133v.v1	urn:cite:hmt:e4img.E4133v_097
urn:cite:hmt:e4.134r.v1	urn:cite:hmt:e4img.E4134r_413
urn:cite:hmt:e4.134v.v1	urn:cite:hmt:e4img.E4134v_094
urn:cite:hmt:e4.135r.v1	urn:cite:hmt:e4img.E4135r_412
urn:cite:hmt:e4.135v.v1	urn:cite:hmt:e4img.E4135v_092
urn:cite:hmt:e4.135v.v1	urn:cite:hmt:e4img.E4135v_093
urn:cite:hmt:e4.136r.v1	urn:cite:hmt:e4img.E4136r_411
urn:cite:hmt:e4.136v.v1	urn:cite:hmt:e4img.E4136v_091
urn:cite:hmt:e4.137r.v1	urn:cite:hmt:e4img.E4137r_410
urn:cite:hmt:e4.137v.v1	urn:cite:hmt:e4img.E4137v_090
urn:cite:hmt:e4.138r.v1	urn:cite:hmt:e4img.E4138r_409
urn:cite:hmt:e4.138v.v1	urn:cite:hmt:e4img.E4138v_089
urn:cite:hmt:e4.139r.v1	urn:cite:hmt:e4img.E4139r_408
urn:cite:hmt:e4.139v.v1	urn:cite:hmt:e4img.E4139v_088
urn:cite:hmt:e4.140r.v1	urn:cite:hmt:e4img.E4140r_407
urn:cite:hmt:e4.140v.v1	urn:cite:hmt:e4img.E4140v_086
urn:cite:hmt:e4.140v.v1	urn:cite:hmt:e4img.E4140v_087
urn:cite:hmt:e4.141r.v1	urn:cite:hmt:e4img.E4141r_406
urn:cite:hmt:e4.141v.v1	urn:cite:hmt:e4img.E4141v_085
urn:cite:hmt:e4.142r.v1	urn:cite:hmt:e4img.E4142r_405
urn:cite:hmt:e4.142v.v1	urn:cite:hmt:e4img.E4142v_084
urn:cite:hmt:e4.143bisr.v1	urn:cite:hmt:e4img.E4143bisr_403
urn:cite:hmt:e4.143bisv.v1	urn:cite:hmt:e4img.E4143bisv_082
urn:cite:hmt:e4.143r.v1	urn:cite:hmt:e4img.E4143r_404
urn:cite:hmt:e4.143v.v1	urn:cite:hmt:e4img.E4143v_083
urn:cite:hmt:e4.144r.v1	urn:cite:hmt:e4img.E4144r_402
urn:cite:hmt:e4.144v.v1	urn:cite:hmt:e4img.E4144v_081
urn:cite:hmt:e4.145r.v1	urn:cite:hmt:e4img.E4145r_401
urn:cite:hmt:e4.145v.v1	urn:cite:hmt:e4img.E4145v_080
urn:cite:hmt:e4.146r.v1	urn:cite:hmt:e4img.E4146r_400
urn:cite:hmt:e4.146v.v1	urn:cite:hmt:e4img.E4146v_079
urn:cite:hmt:e4.147r.v1	urn:cite:hmt:e4img.E4147r_399
urn:cite:hmt:e4.147v.v1	urn:cite:hmt:e4img.E4147v_078
urn:cite:hmt:e4.148r.v1	urn:cite:hmt:e4img.E4148r_398
urn:cite:hmt:e4.148v.v1	urn:cite:hmt:e4img.E4148v_077
urn:cite:hmt:e4.149r.v1	urn:cite:hmt:e4img.E4149r_397
urn:cite:hmt:e4.149v.v1	urn:cite:hmt:e4img.E4149v_076
urn:cite:hmt:e4.150r.v1	urn:cite:hmt:e4img.E4150r_396
urn:cite:hmt:e4.150v.v1	urn:cite:hmt:e4img.E4150v_075
urn:cite:hmt:e4.151r.v1	urn:cite:hmt:e4img.E4151r_395
urn:cite:hmt:e4.151v.v1	urn:cite:hmt:e4img.E4151v_074
urn:cite:hmt:e4.152r.v1	urn:cite:hmt:e4img.E4152r_394
urn:cite:hmt:e4.152v.v1	urn:cite:hmt:e4img.E4152v_073
urn:cite:hmt:e4.153r.v1	urn:cite:hmt:e4img.E4153r_393
urn:cite:hmt:e4.153v.v1	urn:cite:hmt:e4img.E4153v_072
urn:cite:hmt:e4.154r.v1	urn:cite:hmt:e4img.E4154r_392
urn:cite:hmt:e4.154v.v1	urn:cite:hmt:e4img.E4154v_071
urn:cite:hmt:e4.155r.v1	urn:cite:hmt:e4img.E4155r_391
urn:cite:hmt:e4.155v.v1	urn:cite:hmt:e4img.E4155v_070
urn:cite:hmt:e4.156r.v1	urn:cite:hmt:e4img.E4156r_390
urn:cite:hmt:e4.156v.v1	urn:cite:hmt:e4img.E4156v_069
urn:cite:hmt:e4.157r.v1	urn:cite:hmt:e4img.E4157r_389
urn:cite:hmt:e4.157v.v1	urn:cite:hmt:e4img.E4157v_067
urn:cite:hmt:e4.158r.v1	urn:cite:hmt:e4img.E4158r_387
urn:cite:hmt:e4.158r.v1	urn:cite:hmt:e4img.E4158r_388
urn:cite:hmt:e4.158v.v1	urn:cite:hmt:e4img.E4158v_068
urn:cite:hmt:e4.159r.v1	urn:cite:hmt:e4img.E4159r_386
urn:cite:hmt:e4.159v.v1	urn:cite:hmt:e4img.E4159v_066
urn:cite:hmt:e4.160r.v1	urn:cite:hmt:e4img.E4160r_385
urn:cite:hmt:e4.160v.v1	urn:cite:hmt:e4img.E4160v_065
urn:cite:hmt:e4.161r.v1	urn:cite:hmt:e4img.E4161r_384
urn:cite:hmt:e4.161v.v1	urn:cite:hmt:e4img.E4161v_064
urn:cite:hmt:e4.162r.v1	urn:cite:hmt:e4img.E4162r_383
urn:cite:hmt:e4.162v.v1	urn:cite:hmt:e4img.E4162v_063
urn:cite:hmt:e4.163r.v1	urn:cite:hmt:e4img.E4163r_382
urn:cite:hmt:e4.163v.v1	urn:cite:hmt:e4img.E4163v_062
urn:cite:hmt:e4.164r.v1	urn:cite:hmt:e4img.E4164r_381
urn:cite:hmt:e4.164v.v1	urn:cite:hmt:e4img.E4164v_061
urn:cite:hmt:e4.165r.v1	urn:cite:hmt:e4img.E4165r_380
urn:cite:hmt:e4.165v.v1	urn:cite:hmt:e4img.E4165v_060
urn:cite:hmt:e4.166r.v1	urn:cite:hmt:e4img.E4166r_379
urn:cite:hmt:e4.166v.v1	urn:cite:hmt:e4img.E4166v_059
urn:cite:hmt:e4.167r.v1	urn:cite:hmt:e4img.E4167r_378
urn:cite:hmt:e4.167v.v1	urn:cite:hmt:e4img.E4167v_058
urn:cite:hmt:e4.168r.v1	urn:cite:hmt:e4img.E4168r_377
urn:cite:hmt:e4.168v.v1	urn:cite:hmt:e4img.E4168v_057
urn:cite:hmt:e4.169r.v1	urn:cite:hmt:e4img.E4169r_376
urn:cite:hmt:e4.169v.v1	urn:cite:hmt:e4img.E4169v_056
urn:cite:hmt:e4.170r.v1	urn:cite:hmt:e4img.E4170r_374
urn:cite:hmt:e4.170r.v1	urn:cite:hmt:e4img.E4170r_375
urn:cite:hmt:e4.170v.v1	urn:cite:hmt:e4img.E4170v_055
urn:cite:hmt:e4.171r.v1	urn:cite:hmt:e4img.E4171r_373
urn:cite:hmt:e4.171v.v1	urn:cite:hmt:e4img.E4171v_054
urn:cite:hmt:e4.172r.v1	urn:cite:hmt:e4img.E4172r_372
urn:cite:hmt:e4.172v.v1	urn:cite:hmt:e4img.E4172v_053
urn:cite:hmt:e4.173r.v1	urn:cite:hmt:e4img.E4173r_371
urn:cite:hmt:e4.173v.v1	urn:cite:hmt:e4img.E4173v_051
urn:cite:hmt:e4.173v.v1	urn:cite:hmt:e4img.E4173v_052
urn:cite:hmt:e4.174r.v1	urn:cite:hmt:e4img.E4174r_370
urn:cite:hmt:e4.174v.v1	urn:cite:hmt:e4img.E4174v_049
urn:cite:hmt:e4.175r.v1	urn:cite:hmt:e4img.E4175r_369
urn:cite:hmt:e4.175v.v1	urn:cite:hmt:e4img.E4175v_048
urn:cite:hmt:e4.176r.v1	urn:cite:hmt:e4img.E4176r_368
urn:cite:hmt:e4.176v.v1	urn:cite:hmt:e4img.E4176v_047
urn:cite:hmt:e4.177r.v1	urn:cite:hmt:e4img.E4177r_367
urn:cite:hmt:e4.177v.v1	urn:cite:hmt:e4img.E4177v_046
urn:cite:hmt:e4.178r.v1	urn:cite:hmt:e4img.E4178r_366
urn:cite:hmt:e4.178v.v1	urn:cite:hmt:e4img.E4178v_045
urn:cite:hmt:e4.179r.v1	urn:cite:hmt:e4img.E4179r_365
urn:cite:hmt:e4.179v.v1	urn:cite:hmt:e4img.E4179v_044
urn:cite:hmt:e4.180r.v1	urn:cite:hmt:e4img.E4180r_364
urn:cite:hmt:e4.180v.v1	urn:cite:hmt:e4img.E4180v_043
urn:cite:hmt:e4.181r.v1	urn:cite:hmt:e4img.E4181r_363
urn:cite:hmt:e4.181v.v1	urn:cite:hmt:e4img.E4181v_042
urn:cite:hmt:e4.182r.v1	urn:cite:hmt:e4img.E4182r_362
urn:cite:hmt:e4.182v.v1	urn:cite:hmt:e4img.E4182v_041
urn:cite:hmt:e4.183r.v1	urn:cite:hmt:e4img.E4183r_361
urn:cite:hmt:e4.183v.v1	urn:cite:hmt:e4img.E4183v_040
urn:cite:hmt:e4.184r.v1	urn:cite:hmt:e4img.E4184r_360
urn:cite:hmt:e4.184v.v1	urn:cite:hmt:e4img.E4184v_039
urn:cite:hmt:e4.185r.v1	urn:cite:hmt:e4img.E4185r_359
urn:cite:hmt:e4.185v.v1	urn:cite:hmt:e4img.E4185v_038
urn:cite:hmt:e4.186r.v1	urn:cite:hmt:e4img.E4186r_358
urn:cite:hmt:e4.186v.v1	urn:cite:hmt:e4img.E4186v_037
urn:cite:hmt:e4.187r.v1	urn:cite:hmt:e4img.E4187r_357
urn:cite:hmt:e4.187v.v1	urn:cite:hmt:e4img.E4187v_036
urn:cite:hmt:e4.188r.v1	urn:cite:hmt:e4img.E4188r_356
urn:cite:hmt:e4.188v.v1	urn:cite:hmt:e4img.E4188v_035
urn:cite:hmt:e4.189r.v1	urn:cite:hmt:e4img.E4189r_355
urn:cite:hmt:e4.189v.v1	urn:cite:hmt:e4img.E4189v_034
urn:cite:hmt:e4.190bisr.v1	urn:cite:hmt:e4img.E4190bisr_353
urn:cite:hmt:e4.190bisv.v1	urn:cite:hmt:e4img.E4190bisv_032
urn:cite:hmt:e4.190r.v1	urn:cite:hmt:e4img.E4190r_354
urn:cite:hmt:e4.190v.v1	urn:cite:hmt:e4img.E4190v_033
urn:cite:hmt:e4.191r.v1	urn:cite:hmt:e4img.E4191r_351
urn:cite:hmt:e4.191r.v1	urn:cite:hmt:e4img.E4191r_352
urn:cite:hmt:e4.191v.v1	urn:cite:hmt:e4img.E4191v_031
urn:cite:hmt:e4.192r.v1	urn:cite:hmt:e4img.E4192r_350
urn:cite:hmt:e4.192v.v1	urn:cite:hmt:e4img.E4192v_030
urn:cite:hmt:e4.193r.v1	urn:cite:hmt:e4img.E4193r_349
urn:cite:hmt:e4.193v.v1	urn:cite:hmt:e4img.E4193v_029
urn:cite:hmt:e4.194r.v1	urn:cite:hmt:e4img.E4194r_348
urn:cite:hmt:e4.194v.v1	urn:cite:hmt:e4img.E4194v_028
urn:cite:hmt:e4.195r.v1	urn:cite:hmt:e4img.E4195r_347
urn:cite:hmt:e4.195v.v1	urn:cite:hmt:e4img.E4195v_027
urn:cite:hmt:e4.196r.v1	urn:cite:hmt:e4img.E4196r_346
urn:cite:hmt:e4.196v.v1	urn:cite:hmt:e4img.E4196v_026
urn:cite:hmt:e4.197r.v1	urn:cite:hmt:e4img.E4197r_345
urn:cite:hmt:e4.197v.v1	urn:cite:hmt:e4img.E4197v_025
urn:cite:hmt:e4.198r.v1	urn:cite:hmt:e4img.E4198r_344
urn:cite:hmt:e4.198v.v1	urn:cite:hmt:e4img.E4198v_024
urn:cite:hmt:e4.199r.v1	urn:cite:hmt:e4img.E4199r_343
urn:cite:hmt:e4.199v.v1	urn:cite:hmt:e4img.E4199v_023
urn:cite:hmt:e4.200r.v1	urn:cite:hmt:e4img.E4200r_342
urn:cite:hmt:e4.200v.v1	urn:cite:hmt:e4img.E4200v_022
urn:cite:hmt:e4.201r.v1	urn:cite:hmt:e4img.E4201r_341
urn:cite:hmt:e4.201v.v1	urn:cite:hmt:e4img.E4201v_021
urn:cite:hmt:e4.202r.v1	urn:cite:hmt:e4img.E4202r_340
urn:cite:hmt:e4.202v.v1	urn:cite:hmt:e4img.E4202v_020
urn:cite:hmt:e4.203r.v1	urn:cite:hmt:e4img.E4203r_339
urn:cite:hmt:e4.203v.v1	urn:cite:hmt:e4img.E4203v_019
urn:cite:hmt:e4.204r.v1	urn:cite:hmt:e4img.E4204r_338
urn:cite:hmt:e4.204v.v1	urn:cite:hmt:e4img.E4204v_018
urn:cite:hmt:e4.205r.v1	urn:cite:hmt:e4img.E4205r_337
urn:cite:hmt:e4.205v.v1	urn:cite:hmt:e4img.E4205v_017
urn:cite:hmt:e4.206r.v1	urn:cite:hmt:e4img.E4206r_336
urn:cite:hmt:e4.206v.v1	urn:cite:hmt:e4img.E4206v_016
urn:cite:hmt:e4.207r.v1	urn:cite:hmt:e4img.E4207r_335
urn:cite:hmt:e4.207v.v1	urn:cite:hmt:e4img.E4207v_015
urn:cite:hmt:e4.208r.v1	urn:cite:hmt:e4img.E4208r_334
urn:cite:hmt:e4.208v.v1	urn:cite:hmt:e4img.E4208v_014
urn:cite:hmt:e4.209r.v1	urn:cite:hmt:e4img.E4209r_333
urn:cite:hmt:e4.209v.v1	urn:cite:hmt:e4img.E4209v_013
urn:cite:hmt:e4.210r.v1	urn:cite:hmt:e4img.E4210r_332
urn:cite:hmt:e4.210v.v1	urn:cite:hmt:e4img.E4210v_012
urn:cite:hmt:e4.211r.v1	urn:cite:hmt:e4img.E4211r_331
urn:cite:hmt:e4.211v.v1	urn:cite:hmt:e4img.E4211v_011
urn:cite:hmt:e4.212r.v1	urn:cite:hmt:e4img.E4212r_330
urn:cite:hmt:e4.212v.v1	urn:cite:hmt:e4img.E4212v_009
urn:cite:hmt:e4.212v.v1	urn:cite:hmt:e4img.E4212v_010
urn:cite:hmt:e4.213r.v1	urn:cite:hmt:e4img.E4213r_329
urn:cite:hmt:e4.213v.v1	urn:cite:hmt:e4img.E4213v_008
urn:cite:hmt:e4.214r.v1	urn:cite:hmt:e4img.E4214r_328
urn:cite:hmt:e4.214v.v1	urn:cite:hmt:e4img.E4214v_007
urn:cite:hmt:e4.215r.v1	urn:cite:hmt:e4img.E4215r_327
urn:cite:hmt:e4.215v.v1	urn:cite:hmt:e4img.E4215v_006
urn:cite:hmt:e4.216r.v1	urn:cite:hmt:e4img.E4216r_326
