urn:cite:hmt:e4.1r.v1,urn:cite:hmt:e4img.e4_553
urn:cite:hmt:e4.1v.v1,urn:cite:hmt:e4img.e4_245
urn:cite:hmt:e4.2r.v1,urn:cite:hmt:e4img.e4_552
urn:cite:hmt:e4.2v.v1,urn:cite:hmt:e4img.e4_244
urn:cite:hmt:e4.3r.v1,urn:cite:hmt:e4img.e4_551
urn:cite:hmt:e4.3v.v1,urn:cite:hmt:e4img.e4_243
urn:cite:hmt:e4.4r.v1,urn:cite:hmt:e4img.e4_550
urn:cite:hmt:e4.4v.v1,urn:cite:hmt:e4img.e4_242
urn:cite:hmt:e4.5r.v1,urn:cite:hmt:e4img.e4_549
urn:cite:hmt:e4.5v.v1,urn:cite:hmt:e4img.e4_241
urn:cite:hmt:e4.6r.v1,urn:cite:hmt:e4img.e4_548
urn:cite:hmt:e4.6v.v1,urn:cite:hmt:e4img.e4_240
urn:cite:hmt:e4.7r.v1,urn:cite:hmt:e4img.e4_547
urn:cite:hmt:e4.7v.v1,urn:cite:hmt:e4img.e4_239
urn:cite:hmt:e4.8r.v1,urn:cite:hmt:e4img.e4_546
urn:cite:hmt:e4.8v.v1,urn:cite:hmt:e4img.e4_238
urn:cite:hmt:e4.9r.v1,urn:cite:hmt:e4img.e4_545
urn:cite:hmt:e4.9v.v1,urn:cite:hmt:e4img.e4_237
urn:cite:hmt:e4.10r.v1,urn:cite:hmt:e4img.e4_544
urn:cite:hmt:e4.10v.v1,urn:cite:hmt:e4img.e4_236
urn:cite:hmt:e4.11r.v1,urn:cite:hmt:e4img.e4_543
urn:cite:hmt:e4.11v.v1,urn:cite:hmt:e4img.e4_235
urn:cite:hmt:e4.12r.v1,urn:cite:hmt:e4img.e4_542
urn:cite:hmt:e4.12v.v1,urn:cite:hmt:e4img.e4_234
urn:cite:hmt:e4.13r.v1,urn:cite:hmt:e4img.e4_540
urn:cite:hmt:e4.13v.v1,urn:cite:hmt:e4img.e4_233
urn:cite:hmt:e4.14r.v1,urn:cite:hmt:e4img.e4_539
urn:cite:hmt:e4.14v.v1,urn:cite:hmt:e4img.e4_232
urn:cite:hmt:e4.15r.v1,urn:cite:hmt:e4img.e4_537
urn:cite:hmt:e4.15v.v1,urn:cite:hmt:e4img.e4_231
urn:cite:hmt:e4.16r.v1,urn:cite:hmt:e4img.e4_536
urn:cite:hmt:e4.16v.v1,urn:cite:hmt:e4img.e4_230
urn:cite:hmt:e4.17r.v1,urn:cite:hmt:e4img.e4_535
urn:cite:hmt:e4.17v.v1,urn:cite:hmt:e4img.e4_229
urn:cite:hmt:e4.18r.v1,urn:cite:hmt:e4img.e4_534
urn:cite:hmt:e4.18v.v1,urn:cite:hmt:e4img.e4_228
urn:cite:hmt:e4.19r.v1,urn:cite:hmt:e4img.e4_533
urn:cite:hmt:e4.19v.v1,urn:cite:hmt:e4img.e4_227
urn:cite:hmt:e4.20r.v1,urn:cite:hmt:e4img.e4_532
urn:cite:hmt:e4.20v.v1,urn:cite:hmt:e4img.e4_226
urn:cite:hmt:e4.21r.v1,urn:cite:hmt:e4img.e4_531
urn:cite:hmt:e4.21v.v1,urn:cite:hmt:e4img.e4_225
urn:cite:hmt:e4.22r.v1,urn:cite:hmt:e4img.e4_530
urn:cite:hmt:e4.22v.v1,urn:cite:hmt:e4img.e4_224
urn:cite:hmt:e4.23r.v1,urn:cite:hmt:e4img.e4_529
urn:cite:hmt:e4.23v.v1,urn:cite:hmt:e4img.e4_223
urn:cite:hmt:e4.24r.v1,urn:cite:hmt:e4img.e4_528
urn:cite:hmt:e4.24v.v1,urn:cite:hmt:e4img.e4_222
urn:cite:hmt:e4.25r.v1,urn:cite:hmt:e4img.e4_527
urn:cite:hmt:e4.25v.v1,urn:cite:hmt:e4img.e4_221
urn:cite:hmt:e4.26r.v1,urn:cite:hmt:e4img.e4_526
urn:cite:hmt:e4.26v.v1,urn:cite:hmt:e4img.e4_220
urn:cite:hmt:e4.27r.v1,urn:cite:hmt:e4img.e4_525
urn:cite:hmt:e4.27v.v1,urn:cite:hmt:e4img.e4_219
urn:cite:hmt:e4.28r.v1,urn:cite:hmt:e4img.e4_524
urn:cite:hmt:e4.28v.v1,urn:cite:hmt:e4img.e4_218
urn:cite:hmt:e4.29r.v1,urn:cite:hmt:e4img.e4_523
urn:cite:hmt:e4.29v.v1,urn:cite:hmt:e4img.e4_217
urn:cite:hmt:e4.30r.v1,urn:cite:hmt:e4img.e4_522
urn:cite:hmt:e4.30v.v1,urn:cite:hmt:e4img.e4_216
urn:cite:hmt:e4.31r.v1,urn:cite:hmt:e4img.e4_521
urn:cite:hmt:e4.31v.v1,urn:cite:hmt:e4img.e4_215
urn:cite:hmt:e4.32r.v1,urn:cite:hmt:e4img.e4_520
urn:cite:hmt:e4.32v.v1,urn:cite:hmt:e4img.e4_214
urn:cite:hmt:e4.33r.v1,urn:cite:hmt:e4img.e4_519
urn:cite:hmt:e4.33v.v1,urn:cite:hmt:e4img.e4_213
urn:cite:hmt:e4.34r.v1,urn:cite:hmt:e4img.e4_518
urn:cite:hmt:e4.34v.v1,urn:cite:hmt:e4img.e4_212
urn:cite:hmt:e4.35r.v1,urn:cite:hmt:e4img.e4_517
urn:cite:hmt:e4.35v.v1,urn:cite:hmt:e4img.e4_211
urn:cite:hmt:e4.36r.v1,urn:cite:hmt:e4img.e4_516
urn:cite:hmt:e4.36v.v1,urn:cite:hmt:e4img.e4_210
urn:cite:hmt:e4.37r.v1,urn:cite:hmt:e4img.e4_515
urn:cite:hmt:e4.37v.v1,urn:cite:hmt:e4img.e4_209
urn:cite:hmt:e4.38r.v1,urn:cite:hmt:e4img.e4_514
urn:cite:hmt:e4.38v.v1,urn:cite:hmt:e4img.e4_208
urn:cite:hmt:e4.39r.v1,urn:cite:hmt:e4img.e4_513
urn:cite:hmt:e4.39v.v1,urn:cite:hmt:e4img.e4_207
urn:cite:hmt:e4.40r.v1,urn:cite:hmt:e4img.e4_512
urn:cite:hmt:e4.40v.v1,urn:cite:hmt:e4img.e4_206
urn:cite:hmt:e4.41r.v1,urn:cite:hmt:e4img.e4_511
urn:cite:hmt:e4.41v.v1,urn:cite:hmt:e4img.e4_205
urn:cite:hmt:e4.42v.v1,urn:cite:hmt:e4img.e4_204
urn:cite:hmt:e4.43v.v1,urn:cite:hmt:e4img.e4_203
urn:cite:hmt:e4.44v.v1,urn:cite:hmt:e4img.e4_202
urn:cite:hmt:e4.45v.v1,urn:cite:hmt:e4img.e4_201
urn:cite:hmt:e4.46v.v1,urn:cite:hmt:e4img.e4_200
urn:cite:hmt:e4.47v.v1,urn:cite:hmt:e4img.e4_199
urn:cite:hmt:e4.48v.v1,urn:cite:hmt:e4img.e4_198
urn:cite:hmt:e4.49v.v1,urn:cite:hmt:e4img.e4_197
urn:cite:hmt:e4.50v.v1,urn:cite:hmt:e4img.e4_196
urn:cite:hmt:e4.51v.v1,urn:cite:hmt:e4img.e4_194
urn:cite:hmt:e4.51v.v1,urn:cite:hmt:e4img.e4_195
urn:cite:hmt:e4.52v.v1,urn:cite:hmt:e4img.e4_193
urn:cite:hmt:e4.53v.v1,urn:cite:hmt:e4img.e4_192
urn:cite:hmt:e4.54v.v1,urn:cite:hmt:e4img.e4_191
urn:cite:hmt:e4.55v.v1,urn:cite:hmt:e4img.e4_190
urn:cite:hmt:e4.56v.v1,urn:cite:hmt:e4img.e4_189
urn:cite:hmt:e4.57v.v1,urn:cite:hmt:e4img.e4_188
urn:cite:hmt:e4.58v.v1,urn:cite:hmt:e4img.e4_187
urn:cite:hmt:e4.59v.v1,urn:cite:hmt:e4img.e4_185
urn:cite:hmt:e4.59v.v1,urn:cite:hmt:e4img.e4_186
urn:cite:hmt:e4.60v.v1,urn:cite:hmt:e4img.e4_184
urn:cite:hmt:e4.61v.v1,urn:cite:hmt:e4img.e4_183
urn:cite:hmt:e4.62v.v1,urn:cite:hmt:e4img.e4_182
urn:cite:hmt:e4.63v.v1,urn:cite:hmt:e4img.e4_181
urn:cite:hmt:e4.64v.v1,urn:cite:hmt:e4img.e4_180
urn:cite:hmt:e4.65v.v1,urn:cite:hmt:e4img.e4_179
urn:cite:hmt:e4.67v.v1,urn:cite:hmt:e4img.e4_178
urn:cite:hmt:e4.68v.v1,urn:cite:hmt:e4img.e4_177
urn:cite:hmt:e4.69v.v1,urn:cite:hmt:e4img.e4_176
urn:cite:hmt:e4.70v.v1,urn:cite:hmt:e4img.e4_175
urn:cite:hmt:e4.71v.v1,urn:cite:hmt:e4img.e4_174
urn:cite:hmt:e4.72v.v1,urn:cite:hmt:e4img.e4_173
urn:cite:hmt:e4.73v.v1,urn:cite:hmt:e4img.e4_172
urn:cite:hmt:e4.74v.v1,urn:cite:hmt:e4img.e4_171
urn:cite:hmt:e4.75v.v1,urn:cite:hmt:e4img.e4_170
urn:cite:hmt:e4.76v.v1,urn:cite:hmt:e4img.e4_169
urn:cite:hmt:e4.77v.v1,urn:cite:hmt:e4img.e4_168
urn:cite:hmt:e4.78v.v1,urn:cite:hmt:e4img.e4_167
urn:cite:hmt:e4.79v.v1,urn:cite:hmt:e4img.e4_166
urn:cite:hmt:e4.80v.v1,urn:cite:hmt:e4img.e4_165
urn:cite:hmt:e4.81v.v1,urn:cite:hmt:e4img.e4_164
urn:cite:hmt:e4.82v.v1,urn:cite:hmt:e4img.e4_163
urn:cite:hmt:e4.83v.v1,urn:cite:hmt:e4img.e4_162
urn:cite:hmt:e4.84v.v1,urn:cite:hmt:e4img.e4_161
urn:cite:hmt:e4.85v.v1,urn:cite:hmt:e4img.e4_160
urn:cite:hmt:e4.86v.v1,urn:cite:hmt:e4img.e4_159
urn:cite:hmt:e4.87v.v1,urn:cite:hmt:e4img.e4_158
urn:cite:hmt:e4.88v.v1,urn:cite:hmt:e4img.e4_157
urn:cite:hmt:e4.89v.v1,urn:cite:hmt:e4img.e4_156
urn:cite:hmt:e4.90v.v1,urn:cite:hmt:e4img.e4_153
urn:cite:hmt:e4.90v.v1,urn:cite:hmt:e4img.e4_154
urn:cite:hmt:e4.90v.v1,urn:cite:hmt:e4img.e4_155
urn:cite:hmt:e4.91v.v1,urn:cite:hmt:e4img.e4_152
urn:cite:hmt:e4.92v.v1,urn:cite:hmt:e4img.e4_151
urn:cite:hmt:e4.93v.v1,urn:cite:hmt:e4img.e4_150
urn:cite:hmt:e4.94v.v1,urn:cite:hmt:e4img.e4_149
urn:cite:hmt:e4.95v.v1,urn:cite:hmt:e4img.e4_148
urn:cite:hmt:e4.96v.v1,urn:cite:hmt:e4img.e4_147
urn:cite:hmt:e4.97v.v1,urn:cite:hmt:e4img.e4_146
urn:cite:hmt:e4.98v.v1,urn:cite:hmt:e4img.e4_145
urn:cite:hmt:e4.99v.v1,urn:cite:hmt:e4img.e4_144
urn:cite:hmt:e4.100r.v1,urn:cite:hmt:e4img.e4_451
urn:cite:hmt:e4.100v.v1,urn:cite:hmt:e4img.e4_143
urn:cite:hmt:e4.101r.v1,urn:cite:hmt:e4img.e4_450
urn:cite:hmt:e4.101v.v1,urn:cite:hmt:e4img.e4_142
urn:cite:hmt:e4.102r.v1,urn:cite:hmt:e4img.e4_449
urn:cite:hmt:e4.102v.v1,urn:cite:hmt:e4img.e4_141
urn:cite:hmt:e4.103r.v1,urn:cite:hmt:e4img.e4_448
urn:cite:hmt:e4.103v.v1,urn:cite:hmt:e4img.e4_138
urn:cite:hmt:e4.103v.v1,urn:cite:hmt:e4img.e4_139
urn:cite:hmt:e4.103v.v1,urn:cite:hmt:e4img.e4_140
urn:cite:hmt:e4.104r.v1,urn:cite:hmt:e4img.e4_446
urn:cite:hmt:e4.104v.v1,urn:cite:hmt:e4img.e4_137
urn:cite:hmt:e4.105r.v1,urn:cite:hmt:e4img.e4_445
urn:cite:hmt:e4.105v.v1,urn:cite:hmt:e4img.e4_136
urn:cite:hmt:e4.106r.v1,urn:cite:hmt:e4img.e4_444
urn:cite:hmt:e4.106v.v1,urn:cite:hmt:e4img.e4_135
urn:cite:hmt:e4.107r.v1,urn:cite:hmt:e4img.e4_443
urn:cite:hmt:e4.107v.v1,urn:cite:hmt:e4img.e4_134
urn:cite:hmt:e4.108r.v1,urn:cite:hmt:e4img.e4_442
urn:cite:hmt:e4.108v.v1,urn:cite:hmt:e4img.e4_133
urn:cite:hmt:e4.109r.v1,urn:cite:hmt:e4img.e4_441
urn:cite:hmt:e4.109v.v1,urn:cite:hmt:e4img.e4_132
urn:cite:hmt:e4.110r.v1,urn:cite:hmt:e4img.e4_440
urn:cite:hmt:e4.110v.v1,urn:cite:hmt:e4img.e4_131
urn:cite:hmt:e4.111r.v1,urn:cite:hmt:e4img.e4_439
urn:cite:hmt:e4.111v.v1,urn:cite:hmt:e4img.e4_129
urn:cite:hmt:e4.111v.v1,urn:cite:hmt:e4img.e4_130
urn:cite:hmt:e4.112r.v1,urn:cite:hmt:e4img.e4_438
urn:cite:hmt:e4.112v.v1,urn:cite:hmt:e4img.e4_128
urn:cite:hmt:e4.113r.v1,urn:cite:hmt:e4img.e4_437
urn:cite:hmt:e4.113v.v1,urn:cite:hmt:e4img.e4_127
urn:cite:hmt:e4.114r.v1,urn:cite:hmt:e4img.e4_436
urn:cite:hmt:e4.114v.v1,urn:cite:hmt:e4img.e4_126
urn:cite:hmt:e4.115r.v1,urn:cite:hmt:e4img.e4_435
urn:cite:hmt:e4.115v.v1,urn:cite:hmt:e4img.e4_125
urn:cite:hmt:e4.116r.v1,urn:cite:hmt:e4img.e4_434
urn:cite:hmt:e4.116v.v1,urn:cite:hmt:e4img.e4_124
urn:cite:hmt:e4.117r.v1,urn:cite:hmt:e4img.e4_433
urn:cite:hmt:e4.117v.v1,urn:cite:hmt:e4img.e4_123
urn:cite:hmt:e4.118r.v1,urn:cite:hmt:e4img.e4_432
urn:cite:hmt:e4.118v.v1,urn:cite:hmt:e4img.e4_122
urn:cite:hmt:e4.119r.v1,urn:cite:hmt:e4img.e4_431
urn:cite:hmt:e4.119v.v1,urn:cite:hmt:e4img.e4_121
urn:cite:hmt:e4.120r.v1,urn:cite:hmt:e4img.e4_430
urn:cite:hmt:e4.120v.v1,urn:cite:hmt:e4img.e4_119
urn:cite:hmt:e4.120v.v1,urn:cite:hmt:e4img.e4_120
urn:cite:hmt:e4.121r.v1,urn:cite:hmt:e4img.e4_429
urn:cite:hmt:e4.121v.v1,urn:cite:hmt:e4img.e4_118
urn:cite:hmt:e4.122bisr.v1,urn:cite:hmt:e4img.e4_427
urn:cite:hmt:e4.122bisv.v1,urn:cite:hmt:e4img.e4_115
urn:cite:hmt:e4.122bisv.v1,urn:cite:hmt:e4img.e4_116
urn:cite:hmt:e4.122r.v1,urn:cite:hmt:e4img.e4_428
urn:cite:hmt:e4.122v.v1,urn:cite:hmt:e4img.e4_117
urn:cite:hmt:e4.123bisr.v1,urn:cite:hmt:e4img.e4_425
urn:cite:hmt:e4.123bisv.v1,urn:cite:hmt:e4img.e4_109
urn:cite:hmt:e4.123bisv.v1,urn:cite:hmt:e4img.e4_110
urn:cite:hmt:e4.123r.v1,urn:cite:hmt:e4img.e4_426
urn:cite:hmt:e4.123v.v1,urn:cite:hmt:e4img.e4_111
urn:cite:hmt:e4.123v.v1,urn:cite:hmt:e4img.e4_112
urn:cite:hmt:e4.123v.v1,urn:cite:hmt:e4img.e4_113
urn:cite:hmt:e4.123v.v1,urn:cite:hmt:e4img.e4_114
urn:cite:hmt:e4.124r.v1,urn:cite:hmt:e4img.e4_424
urn:cite:hmt:e4.124v.v1,urn:cite:hmt:e4img.e4_106
urn:cite:hmt:e4.124v.v1,urn:cite:hmt:e4img.e4_107
urn:cite:hmt:e4.124v.v1,urn:cite:hmt:e4img.e4_108
urn:cite:hmt:e4.125r.v1,urn:cite:hmt:e4img.e4_423
urn:cite:hmt:e4.125v.v1,urn:cite:hmt:e4img.e4_105
urn:cite:hmt:e4.126r.v1,urn:cite:hmt:e4img.e4_422
urn:cite:hmt:e4.126v.v1,urn:cite:hmt:e4img.e4_104
urn:cite:hmt:e4.127r.v1,urn:cite:hmt:e4img.e4_421
urn:cite:hmt:e4.127v.v1,urn:cite:hmt:e4img.e4_103
urn:cite:hmt:e4.128r.v1,urn:cite:hmt:e4img.e4_420
urn:cite:hmt:e4.128v.v1,urn:cite:hmt:e4img.e4_102
urn:cite:hmt:e4.129r.v1,urn:cite:hmt:e4img.e4_419
urn:cite:hmt:e4.129v.v1,urn:cite:hmt:e4img.e4_101
urn:cite:hmt:e4.130r.v1,urn:cite:hmt:e4img.e4_418
urn:cite:hmt:e4.130v.v1,urn:cite:hmt:e4img.e4_100
urn:cite:hmt:e4.131r.v1,urn:cite:hmt:e4img.e4_416
urn:cite:hmt:e4.131v.v1,urn:cite:hmt:e4img.e4_099
urn:cite:hmt:e4.132r.v1,urn:cite:hmt:e4img.e4_415
urn:cite:hmt:e4.132v.v1,urn:cite:hmt:e4img.e4_098
urn:cite:hmt:e4.133r.v1,urn:cite:hmt:e4img.e4_414
urn:cite:hmt:e4.133v.v1,urn:cite:hmt:e4img.e4_095
urn:cite:hmt:e4.133v.v1,urn:cite:hmt:e4img.e4_096
urn:cite:hmt:e4.133v.v1,urn:cite:hmt:e4img.e4_097
urn:cite:hmt:e4.134r.v1,urn:cite:hmt:e4img.e4_413
urn:cite:hmt:e4.134v.v1,urn:cite:hmt:e4img.e4_094
urn:cite:hmt:e4.135r.v1,urn:cite:hmt:e4img.e4_412
urn:cite:hmt:e4.135v.v1,urn:cite:hmt:e4img.e4_092
urn:cite:hmt:e4.135v.v1,urn:cite:hmt:e4img.e4_093
urn:cite:hmt:e4.136r.v1,urn:cite:hmt:e4img.e4_411
urn:cite:hmt:e4.136v.v1,urn:cite:hmt:e4img.e4_091
urn:cite:hmt:e4.137r.v1,urn:cite:hmt:e4img.e4_410
urn:cite:hmt:e4.137v.v1,urn:cite:hmt:e4img.e4_090
urn:cite:hmt:e4.138r.v1,urn:cite:hmt:e4img.e4_409
urn:cite:hmt:e4.138v.v1,urn:cite:hmt:e4img.e4_089
urn:cite:hmt:e4.139r.v1,urn:cite:hmt:e4img.e4_408
urn:cite:hmt:e4.139v.v1,urn:cite:hmt:e4img.e4_088
urn:cite:hmt:e4.140r.v1,urn:cite:hmt:e4img.e4_407
urn:cite:hmt:e4.140v.v1,urn:cite:hmt:e4img.e4_086
urn:cite:hmt:e4.140v.v1,urn:cite:hmt:e4img.e4_087
urn:cite:hmt:e4.141r.v1,urn:cite:hmt:e4img.e4_406
urn:cite:hmt:e4.141v.v1,urn:cite:hmt:e4img.e4_085
urn:cite:hmt:e4.142r.v1,urn:cite:hmt:e4img.e4_405
urn:cite:hmt:e4.142v.v1,urn:cite:hmt:e4img.e4_084
urn:cite:hmt:e4.143bisr.v1,urn:cite:hmt:e4img.e4_403
urn:cite:hmt:e4.143bisv.v1,urn:cite:hmt:e4img.e4_082
urn:cite:hmt:e4.143r.v1,urn:cite:hmt:e4img.e4_404
urn:cite:hmt:e4.143v.v1,urn:cite:hmt:e4img.e4_083
urn:cite:hmt:e4.144r.v1,urn:cite:hmt:e4img.e4_402
urn:cite:hmt:e4.144v.v1,urn:cite:hmt:e4img.e4_081
urn:cite:hmt:e4.145r.v1,urn:cite:hmt:e4img.e4_401
urn:cite:hmt:e4.145v.v1,urn:cite:hmt:e4img.e4_080
urn:cite:hmt:e4.146r.v1,urn:cite:hmt:e4img.e4_400
urn:cite:hmt:e4.146v.v1,urn:cite:hmt:e4img.e4_079
urn:cite:hmt:e4.147r.v1,urn:cite:hmt:e4img.e4_399
urn:cite:hmt:e4.147v.v1,urn:cite:hmt:e4img.e4_078
urn:cite:hmt:e4.148r.v1,urn:cite:hmt:e4img.e4_398
urn:cite:hmt:e4.148v.v1,urn:cite:hmt:e4img.e4_077
urn:cite:hmt:e4.149r.v1,urn:cite:hmt:e4img.e4_397
urn:cite:hmt:e4.149v.v1,urn:cite:hmt:e4img.e4_076
urn:cite:hmt:e4.150r.v1,urn:cite:hmt:e4img.e4_396
urn:cite:hmt:e4.150v.v1,urn:cite:hmt:e4img.e4_075
urn:cite:hmt:e4.151r.v1,urn:cite:hmt:e4img.e4_395
urn:cite:hmt:e4.151v.v1,urn:cite:hmt:e4img.e4_074
urn:cite:hmt:e4.152r.v1,urn:cite:hmt:e4img.e4_394
urn:cite:hmt:e4.152v.v1,urn:cite:hmt:e4img.e4_073
urn:cite:hmt:e4.153r.v1,urn:cite:hmt:e4img.e4_393
urn:cite:hmt:e4.153v.v1,urn:cite:hmt:e4img.e4_072
urn:cite:hmt:e4.154r.v1,urn:cite:hmt:e4img.e4_392
urn:cite:hmt:e4.154v.v1,urn:cite:hmt:e4img.e4_071
urn:cite:hmt:e4.155r.v1,urn:cite:hmt:e4img.e4_391
urn:cite:hmt:e4.155v.v1,urn:cite:hmt:e4img.e4_070
urn:cite:hmt:e4.156r.v1,urn:cite:hmt:e4img.e4_390
urn:cite:hmt:e4.156v.v1,urn:cite:hmt:e4img.e4_069
urn:cite:hmt:e4.157r.v1,urn:cite:hmt:e4img.e4_389
urn:cite:hmt:e4.157v.v1,urn:cite:hmt:e4img.e4_067
urn:cite:hmt:e4.158r.v1,urn:cite:hmt:e4img.e4_387
urn:cite:hmt:e4.158r.v1,urn:cite:hmt:e4img.e4_388
urn:cite:hmt:e4.158v.v1,urn:cite:hmt:e4img.e4_068
urn:cite:hmt:e4.159r.v1,urn:cite:hmt:e4img.e4_386
urn:cite:hmt:e4.159v.v1,urn:cite:hmt:e4img.e4_066
urn:cite:hmt:e4.160r.v1,urn:cite:hmt:e4img.e4_385
urn:cite:hmt:e4.160v.v1,urn:cite:hmt:e4img.e4_065
urn:cite:hmt:e4.161r.v1,urn:cite:hmt:e4img.e4_384
urn:cite:hmt:e4.161v.v1,urn:cite:hmt:e4img.e4_064
urn:cite:hmt:e4.162r.v1,urn:cite:hmt:e4img.e4_383
urn:cite:hmt:e4.162v.v1,urn:cite:hmt:e4img.e4_063
urn:cite:hmt:e4.163r.v1,urn:cite:hmt:e4img.e4_382
urn:cite:hmt:e4.163v.v1,urn:cite:hmt:e4img.e4_062
urn:cite:hmt:e4.164r.v1,urn:cite:hmt:e4img.e4_381
urn:cite:hmt:e4.164v.v1,urn:cite:hmt:e4img.e4_061
urn:cite:hmt:e4.165r.v1,urn:cite:hmt:e4img.e4_380
urn:cite:hmt:e4.165v.v1,urn:cite:hmt:e4img.e4_060
urn:cite:hmt:e4.166r.v1,urn:cite:hmt:e4img.e4_379
urn:cite:hmt:e4.166v.v1,urn:cite:hmt:e4img.e4_059
urn:cite:hmt:e4.167r.v1,urn:cite:hmt:e4img.e4_378
urn:cite:hmt:e4.167v.v1,urn:cite:hmt:e4img.e4_058
urn:cite:hmt:e4.168r.v1,urn:cite:hmt:e4img.e4_377
urn:cite:hmt:e4.168v.v1,urn:cite:hmt:e4img.e4_057
urn:cite:hmt:e4.169r.v1,urn:cite:hmt:e4img.e4_376
urn:cite:hmt:e4.169v.v1,urn:cite:hmt:e4img.e4_056
urn:cite:hmt:e4.170r.v1,urn:cite:hmt:e4img.e4_374
urn:cite:hmt:e4.170r.v1,urn:cite:hmt:e4img.e4_375
urn:cite:hmt:e4.170v.v1,urn:cite:hmt:e4img.e4_055
urn:cite:hmt:e4.171r.v1,urn:cite:hmt:e4img.e4_373
urn:cite:hmt:e4.171v.v1,urn:cite:hmt:e4img.e4_054
urn:cite:hmt:e4.172r.v1,urn:cite:hmt:e4img.e4_372
urn:cite:hmt:e4.172v.v1,urn:cite:hmt:e4img.e4_053
urn:cite:hmt:e4.173r.v1,urn:cite:hmt:e4img.e4_371
urn:cite:hmt:e4.173v.v1,urn:cite:hmt:e4img.e4_051
urn:cite:hmt:e4.173v.v1,urn:cite:hmt:e4img.e4_052
urn:cite:hmt:e4.174r.v1,urn:cite:hmt:e4img.e4_370
urn:cite:hmt:e4.174v.v1,urn:cite:hmt:e4img.e4_049
urn:cite:hmt:e4.175r.v1,urn:cite:hmt:e4img.e4_369
urn:cite:hmt:e4.175v.v1,urn:cite:hmt:e4img.e4_048
urn:cite:hmt:e4.176r.v1,urn:cite:hmt:e4img.e4_368
urn:cite:hmt:e4.176v.v1,urn:cite:hmt:e4img.e4_047
urn:cite:hmt:e4.177r.v1,urn:cite:hmt:e4img.e4_367
urn:cite:hmt:e4.177v.v1,urn:cite:hmt:e4img.e4_046
urn:cite:hmt:e4.178r.v1,urn:cite:hmt:e4img.e4_366
urn:cite:hmt:e4.178v.v1,urn:cite:hmt:e4img.e4_045
urn:cite:hmt:e4.179r.v1,urn:cite:hmt:e4img.e4_365
urn:cite:hmt:e4.179v.v1,urn:cite:hmt:e4img.e4_044
urn:cite:hmt:e4.180r.v1,urn:cite:hmt:e4img.e4_364
urn:cite:hmt:e4.180v.v1,urn:cite:hmt:e4img.e4_043
urn:cite:hmt:e4.181r.v1,urn:cite:hmt:e4img.e4_363
urn:cite:hmt:e4.181v.v1,urn:cite:hmt:e4img.e4_042
urn:cite:hmt:e4.182r.v1,urn:cite:hmt:e4img.e4_362
urn:cite:hmt:e4.182v.v1,urn:cite:hmt:e4img.e4_041
urn:cite:hmt:e4.183r.v1,urn:cite:hmt:e4img.e4_361
urn:cite:hmt:e4.183v.v1,urn:cite:hmt:e4img.e4_040
urn:cite:hmt:e4.184r.v1,urn:cite:hmt:e4img.e4_360
urn:cite:hmt:e4.184v.v1,urn:cite:hmt:e4img.e4_039
urn:cite:hmt:e4.185r.v1,urn:cite:hmt:e4img.e4_359
urn:cite:hmt:e4.185v.v1,urn:cite:hmt:e4img.e4_038
urn:cite:hmt:e4.186r.v1,urn:cite:hmt:e4img.e4_358
urn:cite:hmt:e4.186v.v1,urn:cite:hmt:e4img.e4_037
urn:cite:hmt:e4.187r.v1,urn:cite:hmt:e4img.e4_357
urn:cite:hmt:e4.187v.v1,urn:cite:hmt:e4img.e4_036
urn:cite:hmt:e4.188r.v1,urn:cite:hmt:e4img.e4_356
urn:cite:hmt:e4.188v.v1,urn:cite:hmt:e4img.e4_035
urn:cite:hmt:e4.189r.v1,urn:cite:hmt:e4img.e4_355
urn:cite:hmt:e4.189v.v1,urn:cite:hmt:e4img.e4_034
urn:cite:hmt:e4.190bisr.v1,urn:cite:hmt:e4img.e4_353
urn:cite:hmt:e4.190bisv.v1,urn:cite:hmt:e4img.e4_032
urn:cite:hmt:e4.190r.v1,urn:cite:hmt:e4img.e4_354
urn:cite:hmt:e4.190v.v1,urn:cite:hmt:e4img.e4_033
urn:cite:hmt:e4.191r.v1,urn:cite:hmt:e4img.e4_351
urn:cite:hmt:e4.191r.v1,urn:cite:hmt:e4img.e4_352
urn:cite:hmt:e4.191v.v1,urn:cite:hmt:e4img.e4_031
urn:cite:hmt:e4.192r.v1,urn:cite:hmt:e4img.e4_350
urn:cite:hmt:e4.192v.v1,urn:cite:hmt:e4img.e4_030
urn:cite:hmt:e4.193r.v1,urn:cite:hmt:e4img.e4_349
urn:cite:hmt:e4.193v.v1,urn:cite:hmt:e4img.e4_029
urn:cite:hmt:e4.194r.v1,urn:cite:hmt:e4img.e4_348
urn:cite:hmt:e4.194v.v1,urn:cite:hmt:e4img.e4_028
urn:cite:hmt:e4.195r.v1,urn:cite:hmt:e4img.e4_347
urn:cite:hmt:e4.195v.v1,urn:cite:hmt:e4img.e4_027
urn:cite:hmt:e4.196r.v1,urn:cite:hmt:e4img.e4_346
urn:cite:hmt:e4.196v.v1,urn:cite:hmt:e4img.e4_026
urn:cite:hmt:e4.197r.v1,urn:cite:hmt:e4img.e4_345
urn:cite:hmt:e4.197v.v1,urn:cite:hmt:e4img.e4_025
urn:cite:hmt:e4.198r.v1,urn:cite:hmt:e4img.e4_344
urn:cite:hmt:e4.198v.v1,urn:cite:hmt:e4img.e4_024
urn:cite:hmt:e4.199r.v1,urn:cite:hmt:e4img.e4_343
urn:cite:hmt:e4.199v.v1,urn:cite:hmt:e4img.e4_023
urn:cite:hmt:e4.200r.v1,urn:cite:hmt:e4img.e4_342
urn:cite:hmt:e4.200v.v1,urn:cite:hmt:e4img.e4_022
urn:cite:hmt:e4.201r.v1,urn:cite:hmt:e4img.e4_341
urn:cite:hmt:e4.201v.v1,urn:cite:hmt:e4img.e4_021
urn:cite:hmt:e4.202r.v1,urn:cite:hmt:e4img.e4_340
urn:cite:hmt:e4.202v.v1,urn:cite:hmt:e4img.e4_020
urn:cite:hmt:e4.203r.v1,urn:cite:hmt:e4img.e4_339
urn:cite:hmt:e4.203v.v1,urn:cite:hmt:e4img.e4_019
urn:cite:hmt:e4.204r.v1,urn:cite:hmt:e4img.e4_338
urn:cite:hmt:e4.204v.v1,urn:cite:hmt:e4img.e4_018
urn:cite:hmt:e4.205r.v1,urn:cite:hmt:e4img.e4_337
urn:cite:hmt:e4.205v.v1,urn:cite:hmt:e4img.e4_017
urn:cite:hmt:e4.206r.v1,urn:cite:hmt:e4img.e4_336
urn:cite:hmt:e4.206v.v1,urn:cite:hmt:e4img.e4_016
urn:cite:hmt:e4.207r.v1,urn:cite:hmt:e4img.e4_335
urn:cite:hmt:e4.207v.v1,urn:cite:hmt:e4img.e4_015
urn:cite:hmt:e4.208r.v1,urn:cite:hmt:e4img.e4_334
urn:cite:hmt:e4.208v.v1,urn:cite:hmt:e4img.e4_014
urn:cite:hmt:e4.209r.v1,urn:cite:hmt:e4img.e4_333
urn:cite:hmt:e4.209v.v1,urn:cite:hmt:e4img.e4_013
urn:cite:hmt:e4.210r.v1,urn:cite:hmt:e4img.e4_332
urn:cite:hmt:e4.210v.v1,urn:cite:hmt:e4img.e4_012
urn:cite:hmt:e4.211r.v1,urn:cite:hmt:e4img.e4_331
urn:cite:hmt:e4.211v.v1,urn:cite:hmt:e4img.e4_011
urn:cite:hmt:e4.212r.v1,urn:cite:hmt:e4img.e4_330
urn:cite:hmt:e4.212v.v1,urn:cite:hmt:e4img.e4_009
urn:cite:hmt:e4.212v.v1,urn:cite:hmt:e4img.e4_010
urn:cite:hmt:e4.213r.v1,urn:cite:hmt:e4img.e4_329
urn:cite:hmt:e4.213v.v1,urn:cite:hmt:e4img.e4_008
urn:cite:hmt:e4.214r.v1,urn:cite:hmt:e4img.e4_328
urn:cite:hmt:e4.214v.v1,urn:cite:hmt:e4img.e4_007
urn:cite:hmt:e4.215r.v1,urn:cite:hmt:e4img.e4_327
urn:cite:hmt:e4.215v.v1,urn:cite:hmt:e4img.e4_006
urn:cite:hmt:e4.216r.v1,urn:cite:hmt:e4img.e4_326
urn:cite:hmt:e4.42r.v1,urn:cite:hmt:e4img.e4_510
urn:cite:hmt:e4.43r.v1,urn:cite:hmt:e4img.e4_509
urn:cite:hmt:e4.44r.v1,urn:cite:hmt:e4img.e4_508
urn:cite:hmt:e4.45r.v1,urn:cite:hmt:e4img.e4_507
urn:cite:hmt:e4.46r.v1,urn:cite:hmt:e4img.e4_506
urn:cite:hmt:e4.47r.v1,urn:cite:hmt:e4img.e4_505
urn:cite:hmt:e4.48r.v1,urn:cite:hmt:e4img.e4_504
urn:cite:hmt:e4.49r.v1,urn:cite:hmt:e4img.e4_503
urn:cite:hmt:e4.50r.v1,urn:cite:hmt:e4img.e4_502
urn:cite:hmt:e4.51r.v1,urn:cite:hmt:e4img.e4_501
urn:cite:hmt:e4.52r.v1,urn:cite:hmt:e4img.e4_500
urn:cite:hmt:e4.53r.v1,urn:cite:hmt:e4img.e4_499
urn:cite:hmt:e4.54r.v1,urn:cite:hmt:e4img.e4_498
urn:cite:hmt:e4.55r.v1,urn:cite:hmt:e4img.e4_497
urn:cite:hmt:e4.56r.v1,urn:cite:hmt:e4img.e4_496
urn:cite:hmt:e4.57r.v1,urn:cite:hmt:e4img.e4_495
urn:cite:hmt:e4.58r.v1,urn:cite:hmt:e4img.e4_494
urn:cite:hmt:e4.59r.v1,urn:cite:hmt:e4img.e4_493
urn:cite:hmt:e4.60r.v1,urn:cite:hmt:e4img.e4_492
urn:cite:hmt:e4.61r.v1,urn:cite:hmt:e4img.e4_491
urn:cite:hmt:e4.62r.v1,urn:cite:hmt:e4img.e4_490
urn:cite:hmt:e4.63r.v1,urn:cite:hmt:e4img.e4_489
urn:cite:hmt:e4.64r.v1,urn:cite:hmt:e4img.e4_488
urn:cite:hmt:e4.65r.v1,urn:cite:hmt:e4img.e4_487
urn:cite:hmt:e4.67r.v1,urn:cite:hmt:e4img.e4_486
urn:cite:hmt:e4.68r.v1,urn:cite:hmt:e4img.e4_484
urn:cite:hmt:e4.69r.v1,urn:cite:hmt:e4img.e4_483
urn:cite:hmt:e4.70r.v1,urn:cite:hmt:e4img.e4_482
urn:cite:hmt:e4.71r.v1,urn:cite:hmt:e4img.e4_481
urn:cite:hmt:e4.72r.v1,urn:cite:hmt:e4img.e4_480
urn:cite:hmt:e4.73r.v1,urn:cite:hmt:e4img.e4_479
urn:cite:hmt:e4.74r.v1,urn:cite:hmt:e4img.e4_478
urn:cite:hmt:e4.75r.v1,urn:cite:hmt:e4img.e4_477
urn:cite:hmt:e4.76r.v1,urn:cite:hmt:e4img.e4_476
urn:cite:hmt:e4.77r.v1,urn:cite:hmt:e4img.e4_475
urn:cite:hmt:e4.78r.v1,urn:cite:hmt:e4img.e4_473
urn:cite:hmt:e4.79r.v1,urn:cite:hmt:e4img.e4_472
urn:cite:hmt:e4.80r.v1,urn:cite:hmt:e4img.e4_471
urn:cite:hmt:e4.81r.v1,urn:cite:hmt:e4img.e4_470
urn:cite:hmt:e4.82r.v1,urn:cite:hmt:e4img.e4_469
urn:cite:hmt:e4.83r.v1,urn:cite:hmt:e4img.e4_468
urn:cite:hmt:e4.84r.v1,urn:cite:hmt:e4img.e4_467
urn:cite:hmt:e4.85r.v1,urn:cite:hmt:e4img.e4_466
urn:cite:hmt:e4.86r.v1,urn:cite:hmt:e4img.e4_465
urn:cite:hmt:e4.87r.v1,urn:cite:hmt:e4img.e4_464
urn:cite:hmt:e4.88r.v1,urn:cite:hmt:e4img.e4_463
urn:cite:hmt:e4.89r.v1,urn:cite:hmt:e4img.e4_462
urn:cite:hmt:e4.90r.v1,urn:cite:hmt:e4img.e4_461
urn:cite:hmt:e4.91r.v1,urn:cite:hmt:e4img.e4_460
urn:cite:hmt:e4.92r.v1,urn:cite:hmt:e4img.e4_459
urn:cite:hmt:e4.93r.v1,urn:cite:hmt:e4img.e4_458
urn:cite:hmt:e4.94r.v1,urn:cite:hmt:e4img.e4_457
urn:cite:hmt:e4.95r.v1,urn:cite:hmt:e4img.e4_456
urn:cite:hmt:e4.96r.v1,urn:cite:hmt:e4img.e4_455
urn:cite:hmt:e4.97r.v1,urn:cite:hmt:e4img.e4_454
urn:cite:hmt:e4.98r.v1,urn:cite:hmt:e4img.e4_453
urn:cite:hmt:e4.99r.v1,urn:cite:hmt:e4img.e4_452
