urn:cite:hmt:msB.flyleaf1r.v1,urn:cite:hmt:vbimg.VBMSFront_cover_page_pasted_down_rectoN_0444
urn:cite:hmt:msB.flyleaf1v.v1,urn:cite:hmt:vbimg.VBMSPage_pasted_down_versoN_0100
urn:cite:hmt:msB.flyleaf2r.v1,urn:cite:hmt:vbimg.VBMSFront_flyleaf_rectoN_0443
urn:cite:hmt:msB.flyleaf2v.v1,urn:cite:hmt:vbimg.VBMSFlyleaf_versoN_0099
"urn:cite:hmt:msB.1r.v1","urn:cite:hmt:vbimg.VB001RN_0445"
"urn:cite:hmt:msB.1v.v1","urn:cite:hmt:vbimg.VB001VN_0101"
"urn:cite:hmt:msB.2r.v1","urn:cite:hmt:vbimg.VB002RN_0446"
"urn:cite:hmt:msB.2v.v1","urn:cite:hmt:vbimg.VB002VN_0102"
"urn:cite:hmt:msB.3r.v1","urn:cite:hmt:vbimg.VB003RN_0447"
"urn:cite:hmt:msB.3v.v1","urn:cite:hmt:vbimg.VB003VN_0103"
"urn:cite:hmt:msB.4r.v1","urn:cite:hmt:vbimg.VB004RN_0448"
"urn:cite:hmt:msB.4v.v1","urn:cite:hmt:vbimg.VB004VN_0104"
"urn:cite:hmt:msB.5r.v1","urn:cite:hmt:vbimg.VB005RN_0449"
"urn:cite:hmt:msB.5v.v1","urn:cite:hmt:vbimg.VB005VN_0105"
"urn:cite:hmt:msB.6r.v1","urn:cite:hmt:vbimg.VB006RN_0450"
"urn:cite:hmt:msB.6v.v1","urn:cite:hmt:vbimg.VB006VN_0106"
"urn:cite:hmt:msB.7r.v1","urn:cite:hmt:vbimg.VB007RN_0451"
"urn:cite:hmt:msB.7v.v1","urn:cite:hmt:vbimg.VB007VN_0107"
"urn:cite:hmt:msB.8r.v1","urn:cite:hmt:vbimg.VB008RN_0452"
"urn:cite:hmt:msB.8v.v1","urn:cite:hmt:vbimg.VB008VN_0108"
"urn:cite:hmt:msB.9r.v1","urn:cite:hmt:vbimg.VB009RN_0453"
"urn:cite:hmt:msB.9v.v1","urn:cite:hmt:vbimg.VB009VN_0109"
"urn:cite:hmt:msB.10r.v1","urn:cite:hmt:vbimg.VB010RN_0454"
"urn:cite:hmt:msB.10v.v1","urn:cite:hmt:vbimg.VB010VN_0110"
"urn:cite:hmt:msB.11r.v1","urn:cite:hmt:vbimg.VB011RN_0455"
"urn:cite:hmt:msB.11v.v1","urn:cite:hmt:vbimg.VB011VN_0111"
"urn:cite:hmt:msB.12r.v1","urn:cite:hmt:vbimg.VB012RN_0456"
"urn:cite:hmt:msB.12v.v1","urn:cite:hmt:vbimg.VB012VN_0112"
"urn:cite:hmt:msB.13r.v1","urn:cite:hmt:vbimg.VB013RN_0457"
"urn:cite:hmt:msB.13v.v1","urn:cite:hmt:vbimg.VB013VN_0113"
"urn:cite:hmt:msB.14r.v1","urn:cite:hmt:vbimg.VB014RN_0458"
"urn:cite:hmt:msB.14v.v1","urn:cite:hmt:vbimg.VB014VN_0114"
"urn:cite:hmt:msB.15r.v1","urn:cite:hmt:vbimg.VB015RN_0459"
"urn:cite:hmt:msB.15v.v1","urn:cite:hmt:vbimg.VB015VN_0115"
"urn:cite:hmt:msB.16r.v1","urn:cite:hmt:vbimg.VB016RN_0460"
"urn:cite:hmt:msB.16v.v1","urn:cite:hmt:vbimg.VB016VN_0116"
"urn:cite:hmt:msB.17r.v1","urn:cite:hmt:vbimg.VB017RN_0461"
"urn:cite:hmt:msB.17v.v1","urn:cite:hmt:vbimg.VB017VN_0117"
"urn:cite:hmt:msB.18r.v1","urn:cite:hmt:vbimg.VB018RN_0462"
"urn:cite:hmt:msB.18v.v1","urn:cite:hmt:vbimg.VB018VN_0119"
"urn:cite:hmt:msB.19r.v1","urn:cite:hmt:vbimg.VB019RN_0463"
"urn:cite:hmt:msB.19v.v1","urn:cite:hmt:vbimg.VB019VN_0120"
"urn:cite:hmt:msB.20r.v1","urn:cite:hmt:vbimg.VB020RN_0464"
"urn:cite:hmt:msB.20v.v1","urn:cite:hmt:vbimg.VB020VN_0120"
"urn:cite:hmt:msB.20v.v1","urn:cite:hmt:vbimg.VB020VN_0121"
"urn:cite:hmt:msB.21r.v1","urn:cite:hmt:vbimg.VB021RN_0465"
"urn:cite:hmt:msB.21v.v1","urn:cite:hmt:vbimg.VB021VN_0122"
"urn:cite:hmt:msB.22r.v1","urn:cite:hmt:vbimg.VB022RN_0466"
"urn:cite:hmt:msB.22v.v1","urn:cite:hmt:vbimg.VB022VN_0123"
"urn:cite:hmt:msB.23r.v1","urn:cite:hmt:vbimg.VB023RN_0467"
"urn:cite:hmt:msB.24r.v1","urn:cite:hmt:vbimg.VB024RN_0468"
"urn:cite:hmt:msB.24v.v1","urn:cite:hmt:vbimg.VB024VN_0124"
"urn:cite:hmt:msB.25r.v1","urn:cite:hmt:vbimg.VB025RN_0469"
"urn:cite:hmt:msB.25v.v1","urn:cite:hmt:vbimg.VB025VN_0125"
"urn:cite:hmt:msB.26r.v1","urn:cite:hmt:vbimg.VB026RN_0470"
"urn:cite:hmt:msB.26v.v1","urn:cite:hmt:vbimg.VB026VN_0126"
"urn:cite:hmt:msB.27r.v1","urn:cite:hmt:vbimg.VB027RN_0471"
"urn:cite:hmt:msB.27v.v1","urn:cite:hmt:vbimg.VB027VN_0127"
"urn:cite:hmt:msB.28r.v1","urn:cite:hmt:vbimg.VB028RN_0472"
"urn:cite:hmt:msB.28v.v1","urn:cite:hmt:vbimg.VB028VN_0128"
"urn:cite:hmt:msB.29r.v1","urn:cite:hmt:vbimg.VB029RN_0473"
"urn:cite:hmt:msB.29v.v1","urn:cite:hmt:vbimg.VB029VN_0129"
"urn:cite:hmt:msB.30r.v1","urn:cite:hmt:vbimg.VB030RN_0474"
"urn:cite:hmt:msB.30v.v1","urn:cite:hmt:vbimg.VB030VN_0130"
"urn:cite:hmt:msB.31r.v1","urn:cite:hmt:vbimg.VB031RN_0475"
"urn:cite:hmt:msB.31v.v1","urn:cite:hmt:vbimg.VB031VN_0131"
"urn:cite:hmt:msB.32r.v1","urn:cite:hmt:vbimg.VB032RN_0476"
"urn:cite:hmt:msB.32v.v1","urn:cite:hmt:vbimg.VB032VN_0132"
"urn:cite:hmt:msB.33r.v1","urn:cite:hmt:vbimg.VB033RN_0477"
"urn:cite:hmt:msB.33v.v1","urn:cite:hmt:vbimg.VB033VN_0133"
"urn:cite:hmt:msB.34r.v1","urn:cite:hmt:vbimg.VB034RN_0478"
"urn:cite:hmt:msB.34v.v1","urn:cite:hmt:vbimg.VB034VN_0134"
"urn:cite:hmt:msB.35r.v1","urn:cite:hmt:vbimg.VB035RN_0479"
"urn:cite:hmt:msB.35v.v1","urn:cite:hmt:vbimg.VB035VN_0135"
"urn:cite:hmt:msB.36r.v1","urn:cite:hmt:vbimg.VB036RN_0480"
"urn:cite:hmt:msB.36v.v1","urn:cite:hmt:vbimg.VB036VN_0136"
"urn:cite:hmt:msB.37r.v1","urn:cite:hmt:vbimg.VB037RN_0481"
"urn:cite:hmt:msB.37v.v1","urn:cite:hmt:vbimg.VB037VN_0137"
"urn:cite:hmt:msB.38r.v1","urn:cite:hmt:vbimg.VB038RN_0482"
"urn:cite:hmt:msB.38v.v1","urn:cite:hmt:vbimg.VB038VN_0138"
"urn:cite:hmt:msB.39r.v1","urn:cite:hmt:vbimg.VB039RN_0483"
"urn:cite:hmt:msB.39v.v1","urn:cite:hmt:vbimg.VB039VN_0139"
"urn:cite:hmt:msB.40r.v1","urn:cite:hmt:vbimg.VB040RN_0484"
"urn:cite:hmt:msB.40v.v1","urn:cite:hmt:vbimg.VB040VN_0140"
"urn:cite:hmt:msB.41r.v1","urn:cite:hmt:vbimg.VB041RN_0485"
"urn:cite:hmt:msB.41v.v1","urn:cite:hmt:vbimg.VB041VN_0141"
"urn:cite:hmt:msB.42r.v1","urn:cite:hmt:vbimg.VB042RN_0486"
"urn:cite:hmt:msB.42v.v1","urn:cite:hmt:vbimg.VB042VN_0142"
"urn:cite:hmt:msB.43r.v1","urn:cite:hmt:vbimg.VB043RN_0487"
"urn:cite:hmt:msB.43v.v1","urn:cite:hmt:vbimg.VB043VN_0143"
"urn:cite:hmt:msB.44r.v1","urn:cite:hmt:vbimg.VB044RN_0488"
"urn:cite:hmt:msB.44v.v1","urn:cite:hmt:vbimg.VB044VN_0144"
"urn:cite:hmt:msB.45r.v1","urn:cite:hmt:vbimg.VB045RN_0489"
"urn:cite:hmt:msB.45v.v1","urn:cite:hmt:vbimg.VB045VN_0145"
"urn:cite:hmt:msB.46r.v1","urn:cite:hmt:vbimg.VB046RN_0490"
"urn:cite:hmt:msB.46v.v1","urn:cite:hmt:vbimg.VB046VN_0146"
"urn:cite:hmt:msB.47r.v1","urn:cite:hmt:vbimg.VB047RN_0491"
"urn:cite:hmt:msB.47v.v1","urn:cite:hmt:vbimg.VB047VN_0147"
"urn:cite:hmt:msB.48r.v1","urn:cite:hmt:vbimg.VB048RN_0492"
"urn:cite:hmt:msB.48v.v1","urn:cite:hmt:vbimg.VB048VN_0148"
"urn:cite:hmt:msB.49r.v1","urn:cite:hmt:vbimg.VB049RN_0493"
"urn:cite:hmt:msB.49v.v1","urn:cite:hmt:vbimg.VB049VN_0149"
"urn:cite:hmt:msB.50r.v1","urn:cite:hmt:vbimg.VB050RN_0494"
"urn:cite:hmt:msB.50v.v1","urn:cite:hmt:vbimg.VB050VN_0150"
"urn:cite:hmt:msB.51r.v1","urn:cite:hmt:vbimg.VB051RN_0495"
"urn:cite:hmt:msB.51v.v1","urn:cite:hmt:vbimg.VB051VN_0151"
"urn:cite:hmt:msB.52r.v1","urn:cite:hmt:vbimg.VB052RN_0496"
"urn:cite:hmt:msB.52v.v1","urn:cite:hmt:vbimg.VB052VN_0152"
"urn:cite:hmt:msB.53r.v1","urn:cite:hmt:vbimg.VB053RN_0497"
"urn:cite:hmt:msB.53v.v1","urn:cite:hmt:vbimg.VB053VN_0153"
"urn:cite:hmt:msB.54r.v1","urn:cite:hmt:vbimg.VB054RN_0498"
"urn:cite:hmt:msB.54v.v1","urn:cite:hmt:vbimg.VB054VN_0154"
"urn:cite:hmt:msB.55r.v1","urn:cite:hmt:vbimg.VB055RN_0499"
"urn:cite:hmt:msB.55v.v1","urn:cite:hmt:vbimg.VB055VN_0155"
"urn:cite:hmt:msB.56r.v1","urn:cite:hmt:vbimg.VB056RN_0500"
"urn:cite:hmt:msB.56v.v1","urn:cite:hmt:vbimg.VB056VN_0156"
"urn:cite:hmt:msB.57r.v1","urn:cite:hmt:vbimg.VB057RN_0501"
"urn:cite:hmt:msB.57v.v1","urn:cite:hmt:vbimg.VB057VN_0157"
"urn:cite:hmt:msB.58r.v1","urn:cite:hmt:vbimg.VB058RN_0502"
"urn:cite:hmt:msB.58v.v1","urn:cite:hmt:vbimg.VB058VN_0158"
"urn:cite:hmt:msB.59r.v1","urn:cite:hmt:vbimg.VB059RN_0503"
"urn:cite:hmt:msB.59v.v1","urn:cite:hmt:vbimg.VB059VN_0159"
"urn:cite:hmt:msB.60r.v1","urn:cite:hmt:vbimg.VB060RN_0504"
"urn:cite:hmt:msB.60v.v1","urn:cite:hmt:vbimg.VB060VN_0160"
"urn:cite:hmt:msB.61r.v1","urn:cite:hmt:vbimg.VB061RN_0505"
"urn:cite:hmt:msB.61v.v1","urn:cite:hmt:vbimg.VB061VN_0161"
"urn:cite:hmt:msB.62r.v1","urn:cite:hmt:vbimg.VB062RN_0506"
"urn:cite:hmt:msB.62v.v1","urn:cite:hmt:vbimg.VB062VN_0162"
"urn:cite:hmt:msB.63r.v1","urn:cite:hmt:vbimg.VB063RN_0507"
"urn:cite:hmt:msB.63v.v1","urn:cite:hmt:vbimg.VB063VN_0163"
"urn:cite:hmt:msB.64r.v1","urn:cite:hmt:vbimg.VB064RN_0508"
"urn:cite:hmt:msB.64v.v1","urn:cite:hmt:vbimg.VB064VN_0164"
"urn:cite:hmt:msB.65r.v1","urn:cite:hmt:vbimg.VB065RN_0509"
"urn:cite:hmt:msB.65v.v1","urn:cite:hmt:vbimg.VB065VN_0165"
"urn:cite:hmt:msB.66r.v1","urn:cite:hmt:vbimg.VB066RN_0510"
"urn:cite:hmt:msB.66v.v1","urn:cite:hmt:vbimg.VB066VN_0166"
"urn:cite:hmt:msB.67r.v1","urn:cite:hmt:vbimg.VB067RN_0511"
"urn:cite:hmt:msB.67v.v1","urn:cite:hmt:vbimg.VB067VN_0167"
"urn:cite:hmt:msB.68r.v1","urn:cite:hmt:vbimg.VB068RN_0512"
"urn:cite:hmt:msB.68v.v1","urn:cite:hmt:vbimg.VB068VN_0168"
"urn:cite:hmt:msB.69r.v1","urn:cite:hmt:vbimg.VB069RN_0513"
"urn:cite:hmt:msB.69v.v1","urn:cite:hmt:vbimg.VB069VN_0169"
"urn:cite:hmt:msB.70r.v1","urn:cite:hmt:vbimg.VB070RN_0514"
"urn:cite:hmt:msB.70v.v1","urn:cite:hmt:vbimg.VB070VN_0170"
"urn:cite:hmt:msB.71r.v1","urn:cite:hmt:vbimg.VB071RN_0515"
"urn:cite:hmt:msB.71v.v1","urn:cite:hmt:vbimg.VB071VN_0171"
"urn:cite:hmt:msB.72r.v1","urn:cite:hmt:vbimg.VB072RN_0516"
"urn:cite:hmt:msB.72v.v1","urn:cite:hmt:vbimg.VB072VN_0172"
"urn:cite:hmt:msB.73r.v1","urn:cite:hmt:vbimg.VB073RN_0517"
"urn:cite:hmt:msB.73v.v1","urn:cite:hmt:vbimg.VB073VN_0173"
"urn:cite:hmt:msB.74r.v1","urn:cite:hmt:vbimg.VB074RN_0518"
"urn:cite:hmt:msB.74v.v1","urn:cite:hmt:vbimg.VB074VN_0174"
"urn:cite:hmt:msB.75r.v1","urn:cite:hmt:vbimg.VB075RN_0519"
"urn:cite:hmt:msB.75v.v1","urn:cite:hmt:vbimg.VB075VN_0175"
"urn:cite:hmt:msB.76r.v1","urn:cite:hmt:vbimg.VB076RN_0520"
"urn:cite:hmt:msB.76v.v1","urn:cite:hmt:vbimg.VB076VN_0176"
"urn:cite:hmt:msB.77r.v1","urn:cite:hmt:vbimg.VB077RN_0521"
"urn:cite:hmt:msB.77v.v1","urn:cite:hmt:vbimg.VB077VN_0177"
"urn:cite:hmt:msB.78r.v1","urn:cite:hmt:vbimg.VB078RN_0522"
"urn:cite:hmt:msB.78v.v1","urn:cite:hmt:vbimg.VB078VN_0178"
"urn:cite:hmt:msB.79r.v1","urn:cite:hmt:vbimg.VB079RN_0523"
"urn:cite:hmt:msB.79v.v1","urn:cite:hmt:vbimg.VB079VN_0179"
"urn:cite:hmt:msB.80r.v1","urn:cite:hmt:vbimg.VB080RN_0524"
"urn:cite:hmt:msB.80v.v1","urn:cite:hmt:vbimg.VB080VN_0180"
"urn:cite:hmt:msB.81r.v1","urn:cite:hmt:vbimg.VB081RN_0525"
"urn:cite:hmt:msB.81v.v1","urn:cite:hmt:vbimg.VB081VN_0181"
"urn:cite:hmt:msB.82r.v1","urn:cite:hmt:vbimg.VB082RN_0526"
"urn:cite:hmt:msB.82v.v1","urn:cite:hmt:vbimg.VB082VN_0182"
"urn:cite:hmt:msB.83r.v1","urn:cite:hmt:vbimg.VB083RN_0527"
"urn:cite:hmt:msB.83v.v1","urn:cite:hmt:vbimg.VB083VN_0183"
"urn:cite:hmt:msB.84r.v1","urn:cite:hmt:vbimg.VB084RN_0528"
"urn:cite:hmt:msB.84v.v1","urn:cite:hmt:vbimg.VB084VN_0184"
"urn:cite:hmt:msB.85r.v1","urn:cite:hmt:vbimg.VB085RN_0529"
"urn:cite:hmt:msB.85v.v1","urn:cite:hmt:vbimg.VB085VN_0185"
"urn:cite:hmt:msB.86r.v1","urn:cite:hmt:vbimg.VB086RN_0530"
"urn:cite:hmt:msB.86v.v1","urn:cite:hmt:vbimg.VB086VN_0186"
"urn:cite:hmt:msB.87r.v1","urn:cite:hmt:vbimg.VB087RN_0531"
"urn:cite:hmt:msB.87v.v1","urn:cite:hmt:vbimg.VB087VN_0187"
"urn:cite:hmt:msB.88r.v1","urn:cite:hmt:vbimg.VB088RN_0532"
"urn:cite:hmt:msB.88v.v1","urn:cite:hmt:vbimg.VB088VN_0188"
"urn:cite:hmt:msB.89r.v1","urn:cite:hmt:vbimg.VB089RN_0533"
"urn:cite:hmt:msB.89v.v1","urn:cite:hmt:vbimg.VB089VN_0189"
"urn:cite:hmt:msB.90r.v1","urn:cite:hmt:vbimg.VB090RN_0534"
"urn:cite:hmt:msB.90v.v1","urn:cite:hmt:vbimg.VB090VN_0190"
"urn:cite:hmt:msB.91r.v1","urn:cite:hmt:vbimg.VB091RN_0535"
"urn:cite:hmt:msB.91v.v1","urn:cite:hmt:vbimg.VB091VN_0191"
"urn:cite:hmt:msB.92r.v1","urn:cite:hmt:vbimg.VB092RN_0536"
"urn:cite:hmt:msB.92v.v1","urn:cite:hmt:vbimg.VB092VN_0192"
"urn:cite:hmt:msB.93r.v1","urn:cite:hmt:vbimg.VB093RN_0537"
"urn:cite:hmt:msB.93v.v1","urn:cite:hmt:vbimg.VB093VN_0193"
"urn:cite:hmt:msB.94r.v1","urn:cite:hmt:vbimg.VB094RN_0538"
"urn:cite:hmt:msB.94v.v1","urn:cite:hmt:vbimg.VB094VN_0194"
"urn:cite:hmt:msB.95r.v1","urn:cite:hmt:vbimg.VB095RN_0539"
"urn:cite:hmt:msB.95v.v1","urn:cite:hmt:vbimg.VB095VN_0195"
"urn:cite:hmt:msB.96r.v1","urn:cite:hmt:vbimg.VB096RN_0540"
"urn:cite:hmt:msB.96v.v1","urn:cite:hmt:vbimg.VB096VN_0196"
"urn:cite:hmt:msB.97r.v1","urn:cite:hmt:vbimg.VB097RN_0541"
"urn:cite:hmt:msB.97v.v1","urn:cite:hmt:vbimg.VB097VN_0197"
"urn:cite:hmt:msB.98r.v1","urn:cite:hmt:vbimg.VB098RN_0542"
"urn:cite:hmt:msB.98v.v1","urn:cite:hmt:vbimg.VB098VN_0198"
"urn:cite:hmt:msB.99r.v1","urn:cite:hmt:vbimg.VB099RN_0543"
"urn:cite:hmt:msB.99v.v1","urn:cite:hmt:vbimg.VB099VN_0199"
"urn:cite:hmt:msB.100r.v1","urn:cite:hmt:vbimg.VB100RN_0544"
"urn:cite:hmt:msB.100v.v1","urn:cite:hmt:vbimg.VB100VN_0200"
"urn:cite:hmt:msB.101r.v1","urn:cite:hmt:vbimg.VB101RN_0545"
"urn:cite:hmt:msB.101v.v1","urn:cite:hmt:vbimg.VB101VN_0201"
"urn:cite:hmt:msB.102r.v1","urn:cite:hmt:vbimg.VB102RN_0546"
"urn:cite:hmt:msB.102v.v1","urn:cite:hmt:vbimg.VB102VN_0202"
"urn:cite:hmt:msB.103r.v1","urn:cite:hmt:vbimg.VB103RN_0547"
"urn:cite:hmt:msB.103v.v1","urn:cite:hmt:vbimg.VB103VN_0203"
"urn:cite:hmt:msB.104r.v1","urn:cite:hmt:vbimg.VB104RN_0548"
"urn:cite:hmt:msB.104v.v1","urn:cite:hmt:vbimg.VB104VN_0204"
"urn:cite:hmt:msB.105r.v1","urn:cite:hmt:vbimg.VB105RN_0549"
"urn:cite:hmt:msB.105v.v1","urn:cite:hmt:vbimg.VB105VN_0205"
"urn:cite:hmt:msB.106r.v1","urn:cite:hmt:vbimg.VB106RN_0550"
"urn:cite:hmt:msB.106v.v1","urn:cite:hmt:vbimg.VB106VN_0206"
"urn:cite:hmt:msB.107r.v1","urn:cite:hmt:vbimg.VB107RN_0551"
"urn:cite:hmt:msB.107v.v1","urn:cite:hmt:vbimg.VB107VN_0207"
"urn:cite:hmt:msB.108r.v1","urn:cite:hmt:vbimg.VB108RN_0552"
"urn:cite:hmt:msB.108v.v1","urn:cite:hmt:vbimg.VB108VN_0208"
"urn:cite:hmt:msB.109r.v1","urn:cite:hmt:vbimg.VB109RN_0553"
"urn:cite:hmt:msB.109v.v1","urn:cite:hmt:vbimg.VB109VN_0209"
"urn:cite:hmt:msB.110r.v1","urn:cite:hmt:vbimg.VB110RN_0554"
"urn:cite:hmt:msB.110v.v1","urn:cite:hmt:vbimg.VB110VN_0210"
"urn:cite:hmt:msB.111r.v1","urn:cite:hmt:vbimg.VB111RN_0555"
"urn:cite:hmt:msB.111v.v1","urn:cite:hmt:vbimg.VB111VN_0211"
"urn:cite:hmt:msB.112r.v1","urn:cite:hmt:vbimg.VB112RN_0556"
"urn:cite:hmt:msB.112v.v1","urn:cite:hmt:vbimg.VB112VN_0212"
"urn:cite:hmt:msB.113r.v1","urn:cite:hmt:vbimg.VB113RN_0557"
"urn:cite:hmt:msB.113v.v1","urn:cite:hmt:vbimg.VB113VN_0213"
"urn:cite:hmt:msB.114r.v1","urn:cite:hmt:vbimg.VB114RN_0558"
"urn:cite:hmt:msB.114v.v1","urn:cite:hmt:vbimg.VB114VN_0214"
"urn:cite:hmt:msB.115r.v1","urn:cite:hmt:vbimg.VB115RN_0559"
"urn:cite:hmt:msB.115v.v1","urn:cite:hmt:vbimg.VB115VN_0215"
"urn:cite:hmt:msB.116r.v1","urn:cite:hmt:vbimg.VB116RN_0560"
"urn:cite:hmt:msB.116v.v1","urn:cite:hmt:vbimg.VB116VN_0216"
"urn:cite:hmt:msB.117r.v1","urn:cite:hmt:vbimg.VB117RN_0561"
"urn:cite:hmt:msB.117v.v1","urn:cite:hmt:vbimg.VB117VN_0217"
"urn:cite:hmt:msB.118r.v1","urn:cite:hmt:vbimg.VB118RN_0562"
"urn:cite:hmt:msB.118v.v1","urn:cite:hmt:vbimg.VB118VN_0218"
"urn:cite:hmt:msB.119r.v1","urn:cite:hmt:vbimg.VB119RN_0563"
"urn:cite:hmt:msB.119v.v1","urn:cite:hmt:vbimg.VB119VN_0219"
"urn:cite:hmt:msB.120r.v1","urn:cite:hmt:vbimg.VB120RN_0564"
"urn:cite:hmt:msB.120v.v1","urn:cite:hmt:vbimg.VB120VN_0220"
"urn:cite:hmt:msB.121r.v1","urn:cite:hmt:vbimg.VB121RN_0565"
"urn:cite:hmt:msB.121v.v1","urn:cite:hmt:vbimg.VB121VN_0221"
"urn:cite:hmt:msB.122r.v1","urn:cite:hmt:vbimg.VB122RN_0566"
"urn:cite:hmt:msB.122v.v1","urn:cite:hmt:vbimg.VB122VN_0222"
"urn:cite:hmt:msB.123r.v1","urn:cite:hmt:vbimg.VB123RN_0567"
"urn:cite:hmt:msB.123v.v1","urn:cite:hmt:vbimg.VB123VN_0223"
"urn:cite:hmt:msB.124r.v1","urn:cite:hmt:vbimg.VB124RN_0568"
"urn:cite:hmt:msB.124v.v1","urn:cite:hmt:vbimg.VB124VN_0224"
"urn:cite:hmt:msB.125r.v1","urn:cite:hmt:vbimg.VB125RN_0569"
"urn:cite:hmt:msB.125v.v1","urn:cite:hmt:vbimg.VB125VN_0225"
"urn:cite:hmt:msB.126r.v1","urn:cite:hmt:vbimg.VB126RN_0570"
"urn:cite:hmt:msB.126v.v1","urn:cite:hmt:vbimg.VB126VN_0226"
"urn:cite:hmt:msB.127r.v1","urn:cite:hmt:vbimg.VB127RN_0571"
"urn:cite:hmt:msB.127v.v1","urn:cite:hmt:vbimg.VB127VN_0227"
"urn:cite:hmt:msB.128r.v1","urn:cite:hmt:vbimg.VB128RN_0572"
"urn:cite:hmt:msB.128v.v1","urn:cite:hmt:vbimg.VB128VN_0228"
"urn:cite:hmt:msB.129r.v1","urn:cite:hmt:vbimg.VB129RN_0573"
"urn:cite:hmt:msB.129v.v1","urn:cite:hmt:vbimg.VB129VN_0229"
"urn:cite:hmt:msB.130r.v1","urn:cite:hmt:vbimg.VB130RN_0574"
"urn:cite:hmt:msB.130v.v1","urn:cite:hmt:vbimg.VB130VN_0230"
"urn:cite:hmt:msB.131r.v1","urn:cite:hmt:vbimg.VB131RN_0575"
"urn:cite:hmt:msB.131v.v1","urn:cite:hmt:vbimg.VB131VN_0231"
"urn:cite:hmt:msB.132r.v1","urn:cite:hmt:vbimg.VB132RN_0576"
"urn:cite:hmt:msB.132v.v1","urn:cite:hmt:vbimg.VB132VN_0232"
"urn:cite:hmt:msB.133r.v1","urn:cite:hmt:vbimg.VB133RN_0577"
"urn:cite:hmt:msB.133v.v1","urn:cite:hmt:vbimg.VB133VN_0233"
"urn:cite:hmt:msB.134r.v1","urn:cite:hmt:vbimg.VB134RN_0578"
"urn:cite:hmt:msB.134v.v1","urn:cite:hmt:vbimg.VB134VN_0234"
"urn:cite:hmt:msB.135r.v1","urn:cite:hmt:vbimg.VB135RN_0579"
"urn:cite:hmt:msB.135v.v1","urn:cite:hmt:vbimg.VB135VN_0235"
"urn:cite:hmt:msB.136r.v1","urn:cite:hmt:vbimg.VB136RN_0580"
"urn:cite:hmt:msB.136v.v1","urn:cite:hmt:vbimg.VB136VN_0236"
"urn:cite:hmt:msB.137r.v1","urn:cite:hmt:vbimg.VB137RN_0581"
"urn:cite:hmt:msB.137v.v1","urn:cite:hmt:vbimg.VB137VN_0237"
"urn:cite:hmt:msB.138r.v1","urn:cite:hmt:vbimg.VB138RN_0582"
"urn:cite:hmt:msB.138v.v1","urn:cite:hmt:vbimg.VB138VN_0238"
"urn:cite:hmt:msB.139r.v1","urn:cite:hmt:vbimg.VB139RN_0583"
"urn:cite:hmt:msB.139v.v1","urn:cite:hmt:vbimg.VB139VN_0239"
"urn:cite:hmt:msB.140r.v1","urn:cite:hmt:vbimg.VB140RN_0584"
"urn:cite:hmt:msB.140v.v1","urn:cite:hmt:vbimg.VB140VN_0240"
"urn:cite:hmt:msB.141r.v1","urn:cite:hmt:vbimg.VB141RN_0585"
"urn:cite:hmt:msB.141v.v1","urn:cite:hmt:vbimg.VB141VN_0241"
"urn:cite:hmt:msB.142r.v1","urn:cite:hmt:vbimg.VB142RN_0586"
"urn:cite:hmt:msB.142v.v1","urn:cite:hmt:vbimg.VB142VN_0242"
"urn:cite:hmt:msB.143r.v1","urn:cite:hmt:vbimg.VB143RN_0587"
"urn:cite:hmt:msB.143v.v1","urn:cite:hmt:vbimg.VB143VN_0243"
"urn:cite:hmt:msB.144r.v1","urn:cite:hmt:vbimg.VB144RN_0588"
"urn:cite:hmt:msB.144v.v1","urn:cite:hmt:vbimg.VB144VN_0244"
"urn:cite:hmt:msB.145r.v1","urn:cite:hmt:vbimg.VB145RN_0589"
"urn:cite:hmt:msB.145v.v1","urn:cite:hmt:vbimg.VB145VN_0245"
"urn:cite:hmt:msB.146r.v1","urn:cite:hmt:vbimg.VB146RN_0590"
"urn:cite:hmt:msB.146v.v1","urn:cite:hmt:vbimg.VB146VN_0246"
"urn:cite:hmt:msB.147r.v1","urn:cite:hmt:vbimg.VB147RN_0591"
"urn:cite:hmt:msB.147v.v1","urn:cite:hmt:vbimg.VB147VN_0247"
"urn:cite:hmt:msB.148r.v1","urn:cite:hmt:vbimg.VB148RN_0592"
"urn:cite:hmt:msB.148v.v1","urn:cite:hmt:vbimg.VB148VN_0248"
"urn:cite:hmt:msB.149r.v1","urn:cite:hmt:vbimg.VB149RN_0593"
"urn:cite:hmt:msB.149v.v1","urn:cite:hmt:vbimg.VB149VN_0249"
"urn:cite:hmt:msB.150r.v1","urn:cite:hmt:vbimg.VB150RN_0594"
"urn:cite:hmt:msB.150v.v1","urn:cite:hmt:vbimg.VB150VN_0250"
"urn:cite:hmt:msB.151r.v1","urn:cite:hmt:vbimg.VB151RN_0595"
"urn:cite:hmt:msB.151v.v1","urn:cite:hmt:vbimg.VB151VN_0251"
"urn:cite:hmt:msB.152r.v1","urn:cite:hmt:vbimg.VB152RN_0596"
"urn:cite:hmt:msB.152v.v1","urn:cite:hmt:vbimg.VB152VN_0252"
"urn:cite:hmt:msB.153r.v1","urn:cite:hmt:vbimg.VB153RN_0597"
"urn:cite:hmt:msB.153v.v1","urn:cite:hmt:vbimg.VB153VN_0253"
"urn:cite:hmt:msB.154r.v1","urn:cite:hmt:vbimg.VB154RN_0598"
"urn:cite:hmt:msB.154v.v1","urn:cite:hmt:vbimg.VB154VN_0254"
"urn:cite:hmt:msB.155r.v1","urn:cite:hmt:vbimg.VB155RN_0599"
"urn:cite:hmt:msB.155v.v1","urn:cite:hmt:vbimg.VB155VN_0255"
"urn:cite:hmt:msB.156r.v1","urn:cite:hmt:vbimg.VB156RN_0600"
"urn:cite:hmt:msB.156v.v1","urn:cite:hmt:vbimg.VB156VN_0256"
"urn:cite:hmt:msB.157r.v1","urn:cite:hmt:vbimg.VB157RN_0601"
"urn:cite:hmt:msB.157v.v1","urn:cite:hmt:vbimg.VB157VN_0257"
"urn:cite:hmt:msB.158r.v1","urn:cite:hmt:vbimg.VB158RN_0602"
"urn:cite:hmt:msB.158v.v1","urn:cite:hmt:vbimg.VB158VN_0258"
"urn:cite:hmt:msB.159r.v1","urn:cite:hmt:vbimg.VB159RN_0603"
"urn:cite:hmt:msB.159v.v1","urn:cite:hmt:vbimg.VB159VN_0259"
"urn:cite:hmt:msB.160r.v1","urn:cite:hmt:vbimg.VB160RN_0604"
"urn:cite:hmt:msB.160v.v1","urn:cite:hmt:vbimg.VB160VN_0260"
"urn:cite:hmt:msB.161r.v1","urn:cite:hmt:vbimg.VB161RN_0605"
"urn:cite:hmt:msB.161v.v1","urn:cite:hmt:vbimg.VB161VN_0261"
"urn:cite:hmt:msB.162r.v1","urn:cite:hmt:vbimg.VB162RN_0606"
"urn:cite:hmt:msB.162v.v1","urn:cite:hmt:vbimg.VB162VN_0262"
"urn:cite:hmt:msB.163r.v1","urn:cite:hmt:vbimg.VB163RN_0607"
"urn:cite:hmt:msB.163v.v1","urn:cite:hmt:vbimg.VB163VN_0263"
"urn:cite:hmt:msB.164r.v1","urn:cite:hmt:vbimg.VB164RN_0608"
"urn:cite:hmt:msB.164v.v1","urn:cite:hmt:vbimg.VB164VN_0264"
"urn:cite:hmt:msB.165r.v1","urn:cite:hmt:vbimg.VB165RN_0609"
"urn:cite:hmt:msB.165v.v1","urn:cite:hmt:vbimg.VB165VN_0265"
"urn:cite:hmt:msB.166r.v1","urn:cite:hmt:vbimg.VB166RN_0610"
"urn:cite:hmt:msB.166v.v1","urn:cite:hmt:vbimg.VB166VN_0266"
"urn:cite:hmt:msB.167r.v1","urn:cite:hmt:vbimg.VB167RN_0611"
"urn:cite:hmt:msB.167v.v1","urn:cite:hmt:vbimg.VB167VN_0267"
"urn:cite:hmt:msB.168r.v1","urn:cite:hmt:vbimg.VB168RN_0612"
"urn:cite:hmt:msB.168v.v1","urn:cite:hmt:vbimg.VB168VN_0268"
"urn:cite:hmt:msB.169r.v1","urn:cite:hmt:vbimg.VB169RN_0613"
"urn:cite:hmt:msB.169v.v1","urn:cite:hmt:vbimg.VB169VN_0269"
"urn:cite:hmt:msB.170r.v1","urn:cite:hmt:vbimg.VB170RN_0614"
"urn:cite:hmt:msB.170v.v1","urn:cite:hmt:vbimg.VB170VN_0270"
"urn:cite:hmt:msB.171r.v1","urn:cite:hmt:vbimg.VB171RN_0615"
"urn:cite:hmt:msB.171v.v1","urn:cite:hmt:vbimg.VB171VN_0271"
"urn:cite:hmt:msB.172r.v1","urn:cite:hmt:vbimg.VB172RN_0616"
"urn:cite:hmt:msB.172v.v1","urn:cite:hmt:vbimg.VB172VN_0272"
"urn:cite:hmt:msB.173r.v1","urn:cite:hmt:vbimg.VB173RN_0617"
"urn:cite:hmt:msB.173v.v1","urn:cite:hmt:vbimg.VB173VN_0273"
"urn:cite:hmt:msB.174r.v1","urn:cite:hmt:vbimg.VB174RN_0618"
"urn:cite:hmt:msB.174v.v1","urn:cite:hmt:vbimg.VB174VN_0274"
"urn:cite:hmt:msB.175r.v1","urn:cite:hmt:vbimg.VB175RN_0619"
"urn:cite:hmt:msB.175v.v1","urn:cite:hmt:vbimg.VB175VN_0275"
"urn:cite:hmt:msB.176r.v1","urn:cite:hmt:vbimg.VB176RN_0620"
"urn:cite:hmt:msB.176v.v1","urn:cite:hmt:vbimg.VB176VN_0276"
"urn:cite:hmt:msB.177r.v1","urn:cite:hmt:vbimg.VB177RN_0621"
"urn:cite:hmt:msB.177v.v1","urn:cite:hmt:vbimg.VB177VN_0277"
"urn:cite:hmt:msB.178r.v1","urn:cite:hmt:vbimg.VB178RN_0622"
"urn:cite:hmt:msB.178v.v1","urn:cite:hmt:vbimg.VB178VN_0278"
"urn:cite:hmt:msB.179r.v1","urn:cite:hmt:vbimg.VB179RN_0623"
"urn:cite:hmt:msB.179v.v1","urn:cite:hmt:vbimg.VB179VN_0279"
"urn:cite:hmt:msB.180r.v1","urn:cite:hmt:vbimg.VB180RN_0624"
"urn:cite:hmt:msB.180v.v1","urn:cite:hmt:vbimg.VB180VN_0280"
"urn:cite:hmt:msB.181r.v1","urn:cite:hmt:vbimg.VB181RN_0625"
"urn:cite:hmt:msB.181v.v1","urn:cite:hmt:vbimg.VB181VN_0281"
"urn:cite:hmt:msB.182r.v1","urn:cite:hmt:vbimg.VB182RN_0626"
"urn:cite:hmt:msB.182v.v1","urn:cite:hmt:vbimg.VB182VN_0282"
"urn:cite:hmt:msB.183r.v1","urn:cite:hmt:vbimg.VB183RN_0627"
"urn:cite:hmt:msB.183v.v1","urn:cite:hmt:vbimg.VB183VN_0283"
"urn:cite:hmt:msB.184r.v1","urn:cite:hmt:vbimg.VB184RN_0628"
"urn:cite:hmt:msB.184v.v1","urn:cite:hmt:vbimg.VB184VN_0284"
"urn:cite:hmt:msB.185r.v1","urn:cite:hmt:vbimg.VB185RN_0629"
"urn:cite:hmt:msB.185v.v1","urn:cite:hmt:vbimg.VB185VN_0285"
"urn:cite:hmt:msB.186r.v1","urn:cite:hmt:vbimg.VB186RN_0630"
"urn:cite:hmt:msB.186v.v1","urn:cite:hmt:vbimg.VB186VN_0286"
"urn:cite:hmt:msB.187r.v1","urn:cite:hmt:vbimg.VB187RN_0631"
"urn:cite:hmt:msB.187v.v1","urn:cite:hmt:vbimg.VB187VN_0287"
"urn:cite:hmt:msB.188r.v1","urn:cite:hmt:vbimg.VB188RN_0632"
"urn:cite:hmt:msB.188v.v1","urn:cite:hmt:vbimg.VB188VN_0288"
"urn:cite:hmt:msB.189r.v1","urn:cite:hmt:vbimg.VB189RN_0633"
"urn:cite:hmt:msB.189v.v1","urn:cite:hmt:vbimg.VB189VN_0289"
"urn:cite:hmt:msB.190r.v1","urn:cite:hmt:vbimg.VB190RN_0634"
"urn:cite:hmt:msB.190v.v1","urn:cite:hmt:vbimg.VB190VN_0290"
"urn:cite:hmt:msB.191r.v1","urn:cite:hmt:vbimg.VB191RN_0635"
"urn:cite:hmt:msB.191v.v1","urn:cite:hmt:vbimg.VB191VN_0291"
"urn:cite:hmt:msB.192r.v1","urn:cite:hmt:vbimg.VB192RN_0636"
"urn:cite:hmt:msB.192v.v1","urn:cite:hmt:vbimg.VB192VN_0292"
"urn:cite:hmt:msB.193r.v1","urn:cite:hmt:vbimg.VB193RN_0637"
"urn:cite:hmt:msB.193v.v1","urn:cite:hmt:vbimg.VB193VN_0293"
"urn:cite:hmt:msB.194r.v1","urn:cite:hmt:vbimg.VB194RN_0638"
"urn:cite:hmt:msB.194v.v1","urn:cite:hmt:vbimg.VB194VN_0294"
"urn:cite:hmt:msB.195r.v1","urn:cite:hmt:vbimg.VB195RN_0639"
"urn:cite:hmt:msB.195v.v1","urn:cite:hmt:vbimg.VB195VN_0295"
"urn:cite:hmt:msB.196r.v1","urn:cite:hmt:vbimg.VB196RN_0640"
"urn:cite:hmt:msB.196v.v1","urn:cite:hmt:vbimg.VB196VN_0296"
"urn:cite:hmt:msB.197r.v1","urn:cite:hmt:vbimg.VB197RN_0641"
"urn:cite:hmt:msB.197v.v1","urn:cite:hmt:vbimg.VB197VN_0297"
"urn:cite:hmt:msB.198r.v1","urn:cite:hmt:vbimg.VB198RN_0642"
"urn:cite:hmt:msB.198v.v1","urn:cite:hmt:vbimg.VB198VN_0298"
"urn:cite:hmt:msB.199r.v1","urn:cite:hmt:vbimg.VB199RN_0643"
"urn:cite:hmt:msB.199v.v1","urn:cite:hmt:vbimg.VB199VN_0299"
"urn:cite:hmt:msB.200r.v1","urn:cite:hmt:vbimg.VB200RN_0644"
"urn:cite:hmt:msB.200v.v1","urn:cite:hmt:vbimg.VB200VN_0300"
"urn:cite:hmt:msB.201r.v1","urn:cite:hmt:vbimg.VB201RN_0645"
"urn:cite:hmt:msB.201v.v1","urn:cite:hmt:vbimg.VB201VN_0301"
"urn:cite:hmt:msB.202r.v1","urn:cite:hmt:vbimg.VB202RN_0646"
"urn:cite:hmt:msB.202v.v1","urn:cite:hmt:vbimg.VB202VN_0302"
"urn:cite:hmt:msB.203r.v1","urn:cite:hmt:vbimg.VB203RN_0647"
"urn:cite:hmt:msB.203v.v1","urn:cite:hmt:vbimg.VB203VN_0303"
"urn:cite:hmt:msB.204r.v1","urn:cite:hmt:vbimg.VB204RN_0648"
"urn:cite:hmt:msB.204v.v1","urn:cite:hmt:vbimg.VB204VN_0304"
"urn:cite:hmt:msB.205r.v1","urn:cite:hmt:vbimg.VB205RN_0649"
"urn:cite:hmt:msB.205v.v1","urn:cite:hmt:vbimg.VB205VN_0305"
"urn:cite:hmt:msB.206r.v1","urn:cite:hmt:vbimg.VB206RN_0650"
"urn:cite:hmt:msB.206v.v1","urn:cite:hmt:vbimg.VB206VN_0306"
"urn:cite:hmt:msB.207r.v1","urn:cite:hmt:vbimg.VB207RN_0651"
"urn:cite:hmt:msB.207v.v1","urn:cite:hmt:vbimg.VB207VN_0307"
"urn:cite:hmt:msB.208r.v1","urn:cite:hmt:vbimg.VB208RN_0652"
"urn:cite:hmt:msB.208v.v1","urn:cite:hmt:vbimg.VB208VN_0308"
"urn:cite:hmt:msB.209r.v1","urn:cite:hmt:vbimg.VB209RN_0653"
"urn:cite:hmt:msB.209v.v1","urn:cite:hmt:vbimg.VB209VN_0309"
"urn:cite:hmt:msB.210r.v1","urn:cite:hmt:vbimg.VB210RN_0654"
"urn:cite:hmt:msB.210v.v1","urn:cite:hmt:vbimg.VB210VN_0310"
"urn:cite:hmt:msB.211r.v1","urn:cite:hmt:vbimg.VB211RN_0655"
"urn:cite:hmt:msB.211v.v1","urn:cite:hmt:vbimg.VB211VN_0311"
"urn:cite:hmt:msB.212r.v1","urn:cite:hmt:vbimg.VB212RN_0656"
"urn:cite:hmt:msB.212v.v1","urn:cite:hmt:vbimg.VB212VN_0312"
"urn:cite:hmt:msB.213r.v1","urn:cite:hmt:vbimg.VB213RN_0657"
"urn:cite:hmt:msB.213v.v1","urn:cite:hmt:vbimg.VB213VN_0313"
"urn:cite:hmt:msB.214r.v1","urn:cite:hmt:vbimg.VB214RN_0658"
"urn:cite:hmt:msB.214v.v1","urn:cite:hmt:vbimg.VB214VN_0314"
"urn:cite:hmt:msB.215r.v1","urn:cite:hmt:vbimg.VB215RN_0659"
"urn:cite:hmt:msB.215v.v1","urn:cite:hmt:vbimg.VB215VN_0315"
"urn:cite:hmt:msB.216r.v1","urn:cite:hmt:vbimg.VB216RN_0660"
"urn:cite:hmt:msB.216v.v1","urn:cite:hmt:vbimg.VB216VN_0316"
"urn:cite:hmt:msB.217r.v1","urn:cite:hmt:vbimg.VB217RN_0661"
"urn:cite:hmt:msB.217v.v1","urn:cite:hmt:vbimg.VB217VN_0317"
"urn:cite:hmt:msB.218r.v1","urn:cite:hmt:vbimg.VB218RN_0662"
"urn:cite:hmt:msB.218v.v1","urn:cite:hmt:vbimg.VB218VN_0318"
"urn:cite:hmt:msB.219r.v1","urn:cite:hmt:vbimg.VB219RN_0663"
"urn:cite:hmt:msB.219v.v1","urn:cite:hmt:vbimg.VB219VN_0319"
"urn:cite:hmt:msB.220r.v1","urn:cite:hmt:vbimg.VB220RN_0664"
"urn:cite:hmt:msB.220v.v1","urn:cite:hmt:vbimg.VB220VN_0320"
"urn:cite:hmt:msB.221r.v1","urn:cite:hmt:vbimg.VB221RN_0665"
"urn:cite:hmt:msB.221v.v1","urn:cite:hmt:vbimg.VB221VN_0321"
"urn:cite:hmt:msB.222r.v1","urn:cite:hmt:vbimg.VB222RN_0666"
"urn:cite:hmt:msB.222v.v1","urn:cite:hmt:vbimg.VB222VN_0322"
"urn:cite:hmt:msB.223r.v1","urn:cite:hmt:vbimg.VB223RN_0667"
"urn:cite:hmt:msB.223v.v1","urn:cite:hmt:vbimg.VB223VN_0323"
"urn:cite:hmt:msB.224r.v1","urn:cite:hmt:vbimg.VB224RN_0668"
"urn:cite:hmt:msB.224v.v1","urn:cite:hmt:vbimg.VB224VN_0324"
"urn:cite:hmt:msB.225r.v1","urn:cite:hmt:vbimg.VB225RN_0669"
"urn:cite:hmt:msB.225v.v1","urn:cite:hmt:vbimg.VB225VN_0325"
"urn:cite:hmt:msB.226r.v1","urn:cite:hmt:vbimg.VB226RN_0670"
"urn:cite:hmt:msB.226v.v1","urn:cite:hmt:vbimg.VB226VN_0326"
"urn:cite:hmt:msB.227r.v1","urn:cite:hmt:vbimg.VB227RN_0671"
"urn:cite:hmt:msB.227v.v1","urn:cite:hmt:vbimg.VB227VN_0327"
"urn:cite:hmt:msB.228r.v1","urn:cite:hmt:vbimg.VB228RN_0672"
"urn:cite:hmt:msB.228v.v1","urn:cite:hmt:vbimg.VB228VN_0328"
"urn:cite:hmt:msB.229r.v1","urn:cite:hmt:vbimg.VB229RN_0673"
"urn:cite:hmt:msB.229v.v1","urn:cite:hmt:vbimg.VB229VN_0329"
"urn:cite:hmt:msB.230r.v1","urn:cite:hmt:vbimg.VB230RN_0674"
"urn:cite:hmt:msB.230v.v1","urn:cite:hmt:vbimg.VB230VN_0330"
"urn:cite:hmt:msB.231r.v1","urn:cite:hmt:vbimg.VB231RN_0675"
"urn:cite:hmt:msB.231v.v1","urn:cite:hmt:vbimg.VB231VN_0331"
"urn:cite:hmt:msB.232r.v1","urn:cite:hmt:vbimg.VB232RN_0676"
"urn:cite:hmt:msB.232v.v1","urn:cite:hmt:vbimg.VB232VN_0332"
"urn:cite:hmt:msB.233r.v1","urn:cite:hmt:vbimg.VB233RN_0677"
"urn:cite:hmt:msB.233v.v1","urn:cite:hmt:vbimg.VB233VN_0333"
"urn:cite:hmt:msB.234r.v1","urn:cite:hmt:vbimg.VB234RN_0678"
"urn:cite:hmt:msB.234v.v1","urn:cite:hmt:vbimg.VB234VN_0334"
"urn:cite:hmt:msB.235r.v1","urn:cite:hmt:vbimg.VB235RN_0679"
"urn:cite:hmt:msB.235v.v1","urn:cite:hmt:vbimg.VB235VN_0335"
"urn:cite:hmt:msB.236r.v1","urn:cite:hmt:vbimg.VB236RN_0680"
"urn:cite:hmt:msB.236v.v1","urn:cite:hmt:vbimg.VB236VN_0336"
"urn:cite:hmt:msB.237r.v1","urn:cite:hmt:vbimg.VB237RN_0681"
"urn:cite:hmt:msB.237v.v1","urn:cite:hmt:vbimg.VB237VN_0337"
"urn:cite:hmt:msB.238r.v1","urn:cite:hmt:vbimg.VB238RN_0682"
"urn:cite:hmt:msB.238v.v1","urn:cite:hmt:vbimg.VB238VN_0338"
"urn:cite:hmt:msB.239r.v1","urn:cite:hmt:vbimg.VB239RN_0683"
"urn:cite:hmt:msB.239v.v1","urn:cite:hmt:vbimg.VB239VN_0339"
"urn:cite:hmt:msB.240r.v1","urn:cite:hmt:vbimg.VB240RN_0684"
"urn:cite:hmt:msB.240v.v1","urn:cite:hmt:vbimg.VB240VN_0340"
"urn:cite:hmt:msB.241r.v1","urn:cite:hmt:vbimg.VB241RN_0685"
"urn:cite:hmt:msB.241v.v1","urn:cite:hmt:vbimg.VB241VN_0341"
"urn:cite:hmt:msB.242r.v1","urn:cite:hmt:vbimg.VB242RN_0686"
"urn:cite:hmt:msB.242v.v1","urn:cite:hmt:vbimg.VB242VN_0342"
"urn:cite:hmt:msB.243r.v1","urn:cite:hmt:vbimg.VB243RN_0687"
"urn:cite:hmt:msB.243v.v1","urn:cite:hmt:vbimg.VB243VN_0343"
"urn:cite:hmt:msB.244r.v1","urn:cite:hmt:vbimg.VB244RN_0688"
"urn:cite:hmt:msB.244v.v1","urn:cite:hmt:vbimg.VB244VN_0344"
"urn:cite:hmt:msB.245r.v1","urn:cite:hmt:vbimg.VB245RN_0689"
"urn:cite:hmt:msB.245v.v1","urn:cite:hmt:vbimg.VB245VN_0345"
"urn:cite:hmt:msB.246r.v1","urn:cite:hmt:vbimg.VB246RN_0690"
"urn:cite:hmt:msB.246v.v1","urn:cite:hmt:vbimg.VB246VN_0346"
"urn:cite:hmt:msB.247r.v1","urn:cite:hmt:vbimg.VB247RN_0691"
"urn:cite:hmt:msB.247v.v1","urn:cite:hmt:vbimg.VB247VN_0347"
"urn:cite:hmt:msB.248r.v1","urn:cite:hmt:vbimg.VB248RN_0692"
"urn:cite:hmt:msB.248v.v1","urn:cite:hmt:vbimg.VB248VN_0348"
"urn:cite:hmt:msB.249r.v1","urn:cite:hmt:vbimg.VB249RN_0693"
"urn:cite:hmt:msB.249v.v1","urn:cite:hmt:vbimg.VB249VN_0349"
"urn:cite:hmt:msB.250r.v1","urn:cite:hmt:vbimg.VB250RN_0694"
"urn:cite:hmt:msB.250v.v1","urn:cite:hmt:vbimg.VB250VN_0350"
"urn:cite:hmt:msB.251r.v1","urn:cite:hmt:vbimg.VB251RN_0695"
"urn:cite:hmt:msB.251v.v1","urn:cite:hmt:vbimg.VB251VN_0351"
"urn:cite:hmt:msB.252r.v1","urn:cite:hmt:vbimg.VB252RN_0696"
"urn:cite:hmt:msB.252v.v1","urn:cite:hmt:vbimg.VB252VN_0352"
"urn:cite:hmt:msB.253r.v1","urn:cite:hmt:vbimg.VB253RN_0697"
"urn:cite:hmt:msB.253v.v1","urn:cite:hmt:vbimg.VB253VN_0353"
"urn:cite:hmt:msB.254r.v1","urn:cite:hmt:vbimg.VB254RN_0698"
"urn:cite:hmt:msB.254v.v1","urn:cite:hmt:vbimg.VB254VN_0354"
"urn:cite:hmt:msB.255r.v1","urn:cite:hmt:vbimg.VB255RN_0699"
"urn:cite:hmt:msB.255v.v1","urn:cite:hmt:vbimg.VB255VN_0355"
"urn:cite:hmt:msB.256r.v1","urn:cite:hmt:vbimg.VB256RN_0700"
"urn:cite:hmt:msB.256v.v1","urn:cite:hmt:vbimg.VB256VN_0356"
"urn:cite:hmt:msB.257r.v1","urn:cite:hmt:vbimg.VB257RN_0701"
"urn:cite:hmt:msB.257v.v1","urn:cite:hmt:vbimg.VB257VN_0357"
"urn:cite:hmt:msB.258r.v1","urn:cite:hmt:vbimg.VB258RN_0702"
"urn:cite:hmt:msB.258v.v1","urn:cite:hmt:vbimg.VB258VN_0358"
"urn:cite:hmt:msB.259r.v1","urn:cite:hmt:vbimg.VB259RN_0703"
"urn:cite:hmt:msB.259v.v1","urn:cite:hmt:vbimg.VB259VN_0359"
"urn:cite:hmt:msB.260r.v1","urn:cite:hmt:vbimg.VB260RN_0704"
"urn:cite:hmt:msB.260v.v1","urn:cite:hmt:vbimg.VB260VN_0360"
"urn:cite:hmt:msB.261r.v1","urn:cite:hmt:vbimg.VB261RN_0705"
"urn:cite:hmt:msB.261v.v1","urn:cite:hmt:vbimg.VB261VN_0361"
"urn:cite:hmt:msB.262r.v1","urn:cite:hmt:vbimg.VB262RN_0706"
"urn:cite:hmt:msB.262v.v1","urn:cite:hmt:vbimg.VB262VN_0362"
"urn:cite:hmt:msB.263r.v1","urn:cite:hmt:vbimg.VB263RN_0707"
"urn:cite:hmt:msB.263v.v1","urn:cite:hmt:vbimg.VB263VN_0363"
"urn:cite:hmt:msB.264r.v1","urn:cite:hmt:vbimg.VB264RN_0708"
"urn:cite:hmt:msB.264v.v1","urn:cite:hmt:vbimg.VB264VN_0364"
"urn:cite:hmt:msB.265r.v1","urn:cite:hmt:vbimg.VB265RN_0709"
"urn:cite:hmt:msB.265v.v1","urn:cite:hmt:vbimg.VB265VN_0365"
"urn:cite:hmt:msB.266r.v1","urn:cite:hmt:vbimg.VB266RN_0710"
"urn:cite:hmt:msB.266v.v1","urn:cite:hmt:vbimg.VB266VN_0366"
"urn:cite:hmt:msB.267r.v1","urn:cite:hmt:vbimg.VB267RN_0711"
"urn:cite:hmt:msB.267v.v1","urn:cite:hmt:vbimg.VB267VN_0367"
"urn:cite:hmt:msB.268r.v1","urn:cite:hmt:vbimg.VB268RN_0712"
"urn:cite:hmt:msB.268v.v1","urn:cite:hmt:vbimg.VB268VN_0368"
"urn:cite:hmt:msB.269r.v1","urn:cite:hmt:vbimg.VB269RN_0713"
"urn:cite:hmt:msB.269v.v1","urn:cite:hmt:vbimg.VB269VN_0369"
"urn:cite:hmt:msB.270r.v1","urn:cite:hmt:vbimg.VB270RN_0714"
"urn:cite:hmt:msB.270v.v1","urn:cite:hmt:vbimg.VB270VN_0370"
"urn:cite:hmt:msB.271r.v1","urn:cite:hmt:vbimg.VB271RN_0715"
"urn:cite:hmt:msB.271v.v1","urn:cite:hmt:vbimg.VB271VN_0371"
"urn:cite:hmt:msB.272r.v1","urn:cite:hmt:vbimg.VB272RN_0716"
"urn:cite:hmt:msB.272v.v1","urn:cite:hmt:vbimg.VB272VN_0372"
"urn:cite:hmt:msB.273r.v1","urn:cite:hmt:vbimg.VB273RN_0717"
"urn:cite:hmt:msB.273v.v1","urn:cite:hmt:vbimg.VB273VN_0373"
"urn:cite:hmt:msB.274r.v1","urn:cite:hmt:vbimg.VB274RN_0718"
"urn:cite:hmt:msB.274v.v1","urn:cite:hmt:vbimg.VB274VN_0374"
"urn:cite:hmt:msB.275r.v1","urn:cite:hmt:vbimg.VB275RN_0719"
"urn:cite:hmt:msB.275v.v1","urn:cite:hmt:vbimg.VB275VN_0375"
"urn:cite:hmt:msB.276r.v1","urn:cite:hmt:vbimg.VB276RN_0720"
"urn:cite:hmt:msB.276v.v1","urn:cite:hmt:vbimg.VB276VN_0376"
"urn:cite:hmt:msB.277r.v1","urn:cite:hmt:vbimg.VB277RN_0721"
"urn:cite:hmt:msB.277v.v1","urn:cite:hmt:vbimg.VB277VN_0377"
"urn:cite:hmt:msB.278r.v1","urn:cite:hmt:vbimg.VB278RN_0722"
"urn:cite:hmt:msB.278v.v1","urn:cite:hmt:vbimg.VB278VN_0378"
"urn:cite:hmt:msB.279r.v1","urn:cite:hmt:vbimg.VB279RN_0723"
"urn:cite:hmt:msB.279v.v1","urn:cite:hmt:vbimg.VB279VN_0379"
"urn:cite:hmt:msB.280r.v1","urn:cite:hmt:vbimg.VB280RN_0724"
"urn:cite:hmt:msB.280v.v1","urn:cite:hmt:vbimg.VB280VN_0380"
"urn:cite:hmt:msB.281r.v1","urn:cite:hmt:vbimg.VB281RN_0725"
"urn:cite:hmt:msB.281v.v1","urn:cite:hmt:vbimg.VB281VN_0381"
"urn:cite:hmt:msB.282r.v1","urn:cite:hmt:vbimg.VB282RN_0726"
"urn:cite:hmt:msB.282v.v1","urn:cite:hmt:vbimg.VB282VN_0382"
"urn:cite:hmt:msB.283r.v1","urn:cite:hmt:vbimg.VB283RN_0727"
"urn:cite:hmt:msB.283v.v1","urn:cite:hmt:vbimg.VB283VN_0383"
"urn:cite:hmt:msB.284r.v1","urn:cite:hmt:vbimg.VB284RN_0728"
"urn:cite:hmt:msB.284v.v1","urn:cite:hmt:vbimg.VB284VN_0384"
"urn:cite:hmt:msB.285r.v1","urn:cite:hmt:vbimg.VB285RN_0729"
"urn:cite:hmt:msB.285v.v1","urn:cite:hmt:vbimg.VB285VN_0385"
"urn:cite:hmt:msB.286r.v1","urn:cite:hmt:vbimg.VB286RN_0730"
"urn:cite:hmt:msB.286v.v1","urn:cite:hmt:vbimg.VB286VN_0386"
"urn:cite:hmt:msB.287r.v1","urn:cite:hmt:vbimg.VB287RN_0731"
"urn:cite:hmt:msB.287v.v1","urn:cite:hmt:vbimg.VB287VN_0387"
"urn:cite:hmt:msB.288r.v1","urn:cite:hmt:vbimg.VB288RN_0732"
"urn:cite:hmt:msB.288v.v1","urn:cite:hmt:vbimg.VB288VN_0388"
"urn:cite:hmt:msB.289r.v1","urn:cite:hmt:vbimg.VB289RN_0733"
"urn:cite:hmt:msB.289v.v1","urn:cite:hmt:vbimg.VB289VN_0389"
"urn:cite:hmt:msB.290r.v1","urn:cite:hmt:vbimg.VB290RN_0734"
"urn:cite:hmt:msB.290v.v1","urn:cite:hmt:vbimg.VB290VN_0390"
"urn:cite:hmt:msB.291r.v1","urn:cite:hmt:vbimg.VB291RN_0735"
"urn:cite:hmt:msB.291v.v1","urn:cite:hmt:vbimg.VB291VN_0391"
"urn:cite:hmt:msB.292r.v1","urn:cite:hmt:vbimg.VB292RN_0736"
"urn:cite:hmt:msB.292v.v1","urn:cite:hmt:vbimg.VB292VN_0392"
"urn:cite:hmt:msB.293r.v1","urn:cite:hmt:vbimg.VB293RN_0737"
"urn:cite:hmt:msB.293v.v1","urn:cite:hmt:vbimg.VB293VN_0393"
"urn:cite:hmt:msB.294r.v1","urn:cite:hmt:vbimg.VB294RN_0738"
"urn:cite:hmt:msB.294v.v1","urn:cite:hmt:vbimg.VB294VN_0394"
"urn:cite:hmt:msB.295r.v1","urn:cite:hmt:vbimg.VB295RN_0739"
"urn:cite:hmt:msB.295v.v1","urn:cite:hmt:vbimg.VB295VN_0395"
"urn:cite:hmt:msB.296r.v1","urn:cite:hmt:vbimg.VB296RN_0740"
"urn:cite:hmt:msB.296v.v1","urn:cite:hmt:vbimg.VB296VN_0396"
"urn:cite:hmt:msB.297r.v1","urn:cite:hmt:vbimg.VB297RN_0741"
"urn:cite:hmt:msB.297v.v1","urn:cite:hmt:vbimg.VB297VN_0397"
"urn:cite:hmt:msB.298r.v1","urn:cite:hmt:vbimg.VB298RN_0742"
"urn:cite:hmt:msB.298v.v1","urn:cite:hmt:vbimg.VB298VN_0398"
"urn:cite:hmt:msB.299r.v1","urn:cite:hmt:vbimg.VB299RN_0743"
"urn:cite:hmt:msB.299v.v1","urn:cite:hmt:vbimg.VB299VN_0399"
"urn:cite:hmt:msB.300r.v1","urn:cite:hmt:vbimg.VB300RN_0744"
"urn:cite:hmt:msB.300v.v1","urn:cite:hmt:vbimg.VB300VN_0400"
"urn:cite:hmt:msB.301r.v1","urn:cite:hmt:vbimg.VB301RN_0745"
"urn:cite:hmt:msB.301v.v1","urn:cite:hmt:vbimg.VB301VN_0401"
"urn:cite:hmt:msB.302r.v1","urn:cite:hmt:vbimg.VB302RN_0746"
"urn:cite:hmt:msB.302v.v1","urn:cite:hmt:vbimg.VB302VN_0402"
"urn:cite:hmt:msB.303r.v1","urn:cite:hmt:vbimg.VB303RN_0747"
"urn:cite:hmt:msB.303v.v1","urn:cite:hmt:vbimg.VB303VN_0403"
"urn:cite:hmt:msB.304r.v1","urn:cite:hmt:vbimg.VB304RN_0748"
"urn:cite:hmt:msB.304v.v1","urn:cite:hmt:vbimg.VB304VN_0404"
"urn:cite:hmt:msB.305r.v1","urn:cite:hmt:vbimg.VB305RN_0749"
"urn:cite:hmt:msB.305v.v1","urn:cite:hmt:vbimg.VB305VN_0405"
"urn:cite:hmt:msB.306r.v1","urn:cite:hmt:vbimg.VB306RN_0750"
"urn:cite:hmt:msB.306v.v1","urn:cite:hmt:vbimg.VB306VN_0406"
"urn:cite:hmt:msB.307r.v1","urn:cite:hmt:vbimg.VB307RN_0751"
"urn:cite:hmt:msB.307v.v1","urn:cite:hmt:vbimg.VB307VN_0407"
"urn:cite:hmt:msB.308r.v1","urn:cite:hmt:vbimg.VB308RN_0752"
"urn:cite:hmt:msB.308v.v1","urn:cite:hmt:vbimg.VB308VN_0408"
"urn:cite:hmt:msB.309r.v1","urn:cite:hmt:vbimg.VB309RN_0753"
"urn:cite:hmt:msB.309v.v1","urn:cite:hmt:vbimg.VB309VN_0409"
"urn:cite:hmt:msB.310r.v1","urn:cite:hmt:vbimg.VB310RN_0754"
"urn:cite:hmt:msB.310v.v1","urn:cite:hmt:vbimg.VB310VN_0410"
"urn:cite:hmt:msB.311r.v1","urn:cite:hmt:vbimg.VB311RN_0755"
"urn:cite:hmt:msB.311v.v1","urn:cite:hmt:vbimg.VB311VN_0411"
"urn:cite:hmt:msB.312r.v1","urn:cite:hmt:vbimg.VB312RN_0756"
"urn:cite:hmt:msB.312v.v1","urn:cite:hmt:vbimg.VB312VN_0412"
"urn:cite:hmt:msB.313r.v1","urn:cite:hmt:vbimg.VB313RN_0757"
"urn:cite:hmt:msB.313v.v1","urn:cite:hmt:vbimg.VB313VN_0413"
"urn:cite:hmt:msB.314r.v1","urn:cite:hmt:vbimg.VB314RN_0758"
"urn:cite:hmt:msB.314v.v1","urn:cite:hmt:vbimg.VB314VN_0414"
"urn:cite:hmt:msB.315r.v1","urn:cite:hmt:vbimg.VB315RN_0759"
"urn:cite:hmt:msB.315v.v1","urn:cite:hmt:vbimg.VB315VN_0415"
"urn:cite:hmt:msB.316r.v1","urn:cite:hmt:vbimg.VB316RN_0760"
"urn:cite:hmt:msB.316v.v1","urn:cite:hmt:vbimg.VB316VN_0416"
"urn:cite:hmt:msB.317r.v1","urn:cite:hmt:vbimg.VB317RN_0761"
"urn:cite:hmt:msB.317v.v1","urn:cite:hmt:vbimg.VB317VN_0417"
"urn:cite:hmt:msB.318r.v1","urn:cite:hmt:vbimg.VB318RN_0762"
"urn:cite:hmt:msB.318v.v1","urn:cite:hmt:vbimg.VB318VN_0418"
"urn:cite:hmt:msB.319r.v1","urn:cite:hmt:vbimg.VB319RN_0763"
"urn:cite:hmt:msB.319v.v1","urn:cite:hmt:vbimg.VB319VN_0419"
"urn:cite:hmt:msB.320r.v1","urn:cite:hmt:vbimg.VB320RN_0764"
"urn:cite:hmt:msB.320v.v1","urn:cite:hmt:vbimg.VB320VN_0420"
"urn:cite:hmt:msB.321r.v1","urn:cite:hmt:vbimg.VB321RN_0765"
"urn:cite:hmt:msB.321v.v1","urn:cite:hmt:vbimg.VB321VN_0421"
"urn:cite:hmt:msB.322r.v1","urn:cite:hmt:vbimg.VB322RN_0766"
"urn:cite:hmt:msB.322v.v1","urn:cite:hmt:vbimg.VB322VN_0422"
"urn:cite:hmt:msB.323r.v1","urn:cite:hmt:vbimg.VB323RN_0767"
"urn:cite:hmt:msB.323v.v1","urn:cite:hmt:vbimg.VB323VN_0423"
"urn:cite:hmt:msB.324r.v1","urn:cite:hmt:vbimg.VB324RN_0768"
"urn:cite:hmt:msB.324v.v1","urn:cite:hmt:vbimg.VB324VN_0424"
"urn:cite:hmt:msB.325r.v1","urn:cite:hmt:vbimg.VB325RN_0769"
"urn:cite:hmt:msB.325v.v1","urn:cite:hmt:vbimg.VB325VN_0425"
"urn:cite:hmt:msB.326r.v1","urn:cite:hmt:vbimg.VB326RN_0770"
"urn:cite:hmt:msB.326v.v1","urn:cite:hmt:vbimg.VB326VN_0426"
"urn:cite:hmt:msB.327r.v1","urn:cite:hmt:vbimg.VB327RN_0771"
"urn:cite:hmt:msB.327v.v1","urn:cite:hmt:vbimg.VB327VN_0427"
"urn:cite:hmt:msB.328r.v1","urn:cite:hmt:vbimg.VB328RN_0772"
"urn:cite:hmt:msB.328v.v1","urn:cite:hmt:vbimg.VB328VN_0428"
"urn:cite:hmt:msB.329r.v1","urn:cite:hmt:vbimg.VB329RN_0773"
"urn:cite:hmt:msB.329v.v1","urn:cite:hmt:vbimg.VB329VN_0429"
"urn:cite:hmt:msB.330r.v1","urn:cite:hmt:vbimg.VB330RN_0774"
"urn:cite:hmt:msB.330v.v1","urn:cite:hmt:vbimg.VB330VN_0430"
"urn:cite:hmt:msB.331r.v1","urn:cite:hmt:vbimg.VB331RN_0775"
"urn:cite:hmt:msB.331v.v1","urn:cite:hmt:vbimg.VB331VN_0431"
"urn:cite:hmt:msB.332r.v1","urn:cite:hmt:vbimg.VB332RN_0776"
"urn:cite:hmt:msB.332v.v1","urn:cite:hmt:vbimg.VB332VN_0432"
"urn:cite:hmt:msB.333r.v1","urn:cite:hmt:vbimg.VB333RN_0777"
"urn:cite:hmt:msB.333v.v1","urn:cite:hmt:vbimg.VB333VN_0433"
"urn:cite:hmt:msB.334r.v1","urn:cite:hmt:vbimg.VB334RN_0778"
"urn:cite:hmt:msB.334v.v1","urn:cite:hmt:vbimg.VB334VN_0434"
"urn:cite:hmt:msB.335r.v1","urn:cite:hmt:vbimg.VB335RN_0779"
"urn:cite:hmt:msB.335v.v1","urn:cite:hmt:vbimg.VB335VN_0435"
"urn:cite:hmt:msB.336r.v1","urn:cite:hmt:vbimg.VB336RN_0780"
"urn:cite:hmt:msB.336v.v1","urn:cite:hmt:vbimg.VB336VN_0436"
"urn:cite:hmt:msB.337r.v1","urn:cite:hmt:vbimg.VB337RN_0781"
"urn:cite:hmt:msB.337v.v1","urn:cite:hmt:vbimg.VB337VN_0437"
"urn:cite:hmt:msB.338r.v1","urn:cite:hmt:vbimg.VB338RN_0782"
"urn:cite:hmt:msB.338v.v1","urn:cite:hmt:vbimg.VB338VN_0438"
urn:cite:hmt:msB.backflyr.v1,urn:cite:hmt:vbimg.VBMSRear_flyleaf_rectoN_0783
urn:cite:hmt:msB.backflyv.v1,urn:cite:hmt:vbimg.VBMSEnd_flyleaf_versoN_0440
urn:cite:hmt:msB.backcover.v1,urn:cite:hmt:vbimg.VBMSRear_cover_page_pasted_downN_0785
